<?xml version="1.0" encoding="UTF-8"?>
<dhsOpenEmpInfoDetailRoot>
 <empSeqno>
  37710
 </empSeqno>
 <empWantedTitle>
  [Expert] 커뮤니케이션 앱 서비스 기획분야 전문가
 </empWantedTitle>
 <empBusiNm>
  에스케이텔레콤
 </empBusiNm>
 <coClcdNm>
  대기업
 </coClcdNm>
 <empWantedStdt>
  20190320
 </empWantedStdt>
 <empWantedEndt>
  20190419
 </empWantedEndt>
 <empWantedHomepg>
  http://www.sktelecom.com
 </empWantedHomepg>
 <empWantedHomepgDetail>
  https://tas-sktelecom.taleo.net/careersection/ex/moresearch.ftl?lang=ko&amp;portal
 </empWantedHomepgDetail>
 <empWantedMobileUrl></empWantedMobileUrl>
 <regLogImgNm>
  http://www.work.go.kr/framework/filedownload/getImage.do?filePathName=KuBCC2IodBkj%2Frlv8XuRiqWFTeUnC7Ku62jSw89T55S8vfkZRM3S%2FA9%2FFLaarZ0gVCYZge%2B3Ai%2BWL36%2FdbFmVg%3D%3D
 </regLogImgNm>
 <empWantedTypeNm>
  정규직
 </empWantedTypeNm>
 <empWatedJobsNm></empWatedJobsNm>
 <empWatedCont></empWatedCont>
 <empSelfintroList>
  <empSelsListInfo>
   <selfintroQstCont></selfintroQstCont>
  </empSelsListInfo>
 </empSelfintroList>
 <empSelsList>
  <empSelsListInfo>
   <selsNm>
    서류전형
   </selsNm>
   <selsSchdCont></selsSchdCont>
   <selsCont></selsCont>
   <selsMemoCont></selsMemoCont>
  </empSelsListInfo>
  <empSelsListInfo>
   <selsNm>
    직무면접
   </selsNm>
   <selsSchdCont></selsSchdCont>
   <selsCont></selsCont>
   <selsMemoCont></selsMemoCont>
  </empSelsListInfo>
  <empSelsListInfo>
   <selsNm>
    임원면접
   </selsNm>
   <selsSchdCont></selsSchdCont>
   <selsCont></selsCont>
   <selsMemoCont></selsMemoCont>
  </empSelsListInfo>
  <empSelsListInfo>
   <selsNm>
    SKCT
   </selsNm>
   <selsSchdCont></selsSchdCont>
   <selsCont></selsCont>
   <selsMemoCont></selsMemoCont>
  </empSelsListInfo>
  <empSelsListInfo>
   <selsNm>
    건강검진
   </selsNm>
   <selsSchdCont></selsSchdCont>
   <selsCont></selsCont>
   <selsMemoCont></selsMemoCont>
  </empSelsListInfo>
 </empSelsList>
 <empRecrList>
  <empRecrListInfo>
   <empRecrNm>
    커뮤니케이션 앱 서비스 기획분야 전문가
   </empRecrNm>
   <jobCont>
    •데이터 기반의 서비스 기획/UX 설계 및 프로젝트 매니지먼트 ◦서비스 사용 경험 개선(T전화 및 T전화 검색) ◦서비스 확장 및 사업 기회 발굴-과제화, Monetization 등 •Comm.상품 운영 및 Sustaining ◦사용자 Needs/VOC 기반 상품 개선 기회 발굴, ◦Data 분석 역량 및 Data 기반 Insight 도출-사용성 개선 •서비스 정책 설계 및 기능 설계
   </jobCont>
   <empWantedCareerNm>
    경력
   </empWantedCareerNm>
   <empWantedEduNm>
    대졸(4)|박사
   </empWantedEduNm>
   <sptCertEtc>
    •총 보유경력 : 5년 이상의 서비스 기획/운영 경력 •학력/전공 : 학사 이상 •기술/경험 ◦커뮤니케이션 서비스, SNS 서비스 경험, 비즈니스 플랫폼 기획 경험 우대 ◦Data 분석 역량 (Data handling 및 Data 분석 Tool 활용 및 해석 역량)
   </sptCertEtc>
   <recrPsncnt></recrPsncnt>
   <empRecrMemoCont></empRecrMemoCont>
   <workRegionNm></workRegionNm>
  </empRecrListInfo>
 </empRecrList>
 <empJobsList>
  <empJobsListInfo>
   <jobsCd>
    024
   </jobsCd>
   <jobsCdKorNm>
    소프트웨어
   </jobsCdKorNm>
  </empJobsListInfo>
  <empJobsListInfo>
   <jobsCd>
    026100
   </jobsCd>
   <jobsCdKorNm>
    기획·마케팅 사무원
   </jobsCdKorNm>
  </empJobsListInfo>
 </empJobsList>
 <empnRecrSummaryCont></empnRecrSummaryCont>
 <recrCommCont>
  - 주 근무지 : 본사_SK T-타워 - 직무 : ICT Service Planning - 조직 : MNO서비스사업그룹 - 직급유형 : 실무직(Expert)
 </recrCommCont>
 <empSubmitDocCont></empSubmitDocCont>
 <empRcptMthdCont>
  - 채용 홈페이지를 통해 접수
 </empRcptMthdCont>
 <empAcptPsnAnncCont></empAcptPsnAnncCont>
 <inqryCont>
  - 채용 홈페이지를 통해 문의
 </inqryCont>
 <empnEtcCont></empnEtcCont>
</dhsOpenEmpInfoDetailRoot>