<?xml version="1.0" encoding="UTF-8"?>
<dhsOpenEmpInfoDetailRoot>
 <empSeqno>
  37044
 </empSeqno>
 <empWantedTitle>
  개발직 경력 채용
 </empWantedTitle>
 <empBusiNm>
  이씨에스텔레콤
 </empBusiNm>
 <coClcdNm></coClcdNm>
 <empWantedStdt>
  20190304
 </empWantedStdt>
 <empWantedEndt>
  20190504
 </empWantedEndt>
 <empWantedHomepg>
  http://www.ecstel.co.kr
 </empWantedHomepg>
 <empWantedHomepgDetail>
  http://www.ecstel.co.kr/
 </empWantedHomepgDetail>
 <empWantedMobileUrl></empWantedMobileUrl>
 <regLogImgNm>
  http://www.work.go.kr/framework/filedownload/getImage.do?filePathName=ZGI9%2BubbEcHpFsdRT26HvOxBzZ31N28z8l5s5uuNuMDFvFfIDYfpeLKey%2B8QrwPp
 </regLogImgNm>
 <empWantedTypeNm>
  정규직
 </empWantedTypeNm>
 <empWatedJobsNm></empWatedJobsNm>
 <empWatedCont></empWatedCont>
 <attachFileList>
  <fileListInfo>
   <regFileUrl>
    http://www.work.go.kr/framework/filedownload/keisDownload.do?filePathName=ydWIN1A%2BKOBWJtl5zkQ5W7Qsm%2FD2O%2BEx%2FAUN4qTWGqqsrp%2FU8bbaFqUY4kmNaN6ETKfw0wdU4j9W9nmfIGx3rIFZ2siQY5dT0tZS7WiiplVnq064MYN6W5uz9ngl0ZxA&amp;realFileNm=7J6F7IKs7KeA7JuQ7IScX+qyveugpV8yMDE4LmRvY3g=
   </regFileUrl>
   <realFileNm>
    입사지원서_경력_2018.docx
   </realFileNm>
  </fileListInfo>
 </attachFileList>
 <empSelfintroList>
  <empSelsListInfo>
   <selfintroQstCont></selfintroQstCont>
  </empSelsListInfo>
 </empSelfintroList>
 <empSelsList>
  <empSelsListInfo>
   <selsNm>
    서류전형
   </selsNm>
   <selsSchdCont></selsSchdCont>
   <selsCont></selsCont>
   <selsMemoCont></selsMemoCont>
  </empSelsListInfo>
  <empSelsListInfo>
   <selsNm>
    1차 면접
   </selsNm>
   <selsSchdCont></selsSchdCont>
   <selsCont></selsCont>
   <selsMemoCont></selsMemoCont>
  </empSelsListInfo>
  <empSelsListInfo>
   <selsNm>
    2차 면접
   </selsNm>
   <selsSchdCont></selsSchdCont>
   <selsCont></selsCont>
   <selsMemoCont></selsMemoCont>
  </empSelsListInfo>
  <empSelsListInfo>
   <selsNm>
    최종합격
   </selsNm>
   <selsSchdCont></selsSchdCont>
   <selsCont></selsCont>
   <selsMemoCont></selsMemoCont>
  </empSelsListInfo>
 </empSelsList>
 <empRecrList>
  <empRecrListInfo>
   <empRecrNm>
    개발
   </empRecrNm>
   <jobCont>
    * 다음의Frontend 기술에 익숙한 자 - HTML - CSS - JavaScript - JQuery - Bootstrap * Front-end Framework 경험자 우대 - Vue.js - Angular.js - React.js * 다음중 하나의 Backend-Framework에 익숙한 자 - Spring - SpringBoot - 전자정부프레임워크등 * RDBMS 활용 가능자 * Git 사용경험 우대 * Single Page Apps (SPA) 구현 경험 우대 * 디자인패턴 및 대형 Software설계 유 경험자 우대 * 클라우드 환경에서의 개발 경험 우대 * 커뮤니케이션 능력 * 능독적인 자세
   </jobCont>
   <empWantedCareerNm>
    경력
   </empWantedCareerNm>
   <empWantedEduNm>
    대졸(2~3)|박사
   </empWantedEduNm>
   <sptCertEtc></sptCertEtc>
   <recrPsncnt>
    1
   </recrPsncnt>
   <empRecrMemoCont></empRecrMemoCont>
   <workRegionNm>
    서울
   </workRegionNm>
  </empRecrListInfo>
 </empRecrList>
 <empJobsList>
  <empJobsListInfo>
   <jobsCd>
    02
   </jobsCd>
   <jobsCdKorNm>
    연구 및 공학기술
   </jobsCdKorNm>
  </empJobsListInfo>
 </empJobsList>
 <empnRecrSummaryCont></empnRecrSummaryCont>
 <recrCommCont>
  - 모집부문: 개발 - 지원대상: 경력 5년이상 - 직무 : 통계 및 웹서비스 개발 - 직급: 대리~차장
 </recrCommCont>
 <empSubmitDocCont></empSubmitDocCont>
 <empRcptMthdCont>
  ~ 채용시 마감 - 채용홈페이지 입사지원
 </empRcptMthdCont>
 <empAcptPsnAnncCont></empAcptPsnAnncCont>
 <inqryCont>
  - 02-3415-8326 - recruit@ecstel.co.kr
 </inqryCont>
 <empnEtcCont></empnEtcCont>
</dhsOpenEmpInfoDetailRoot>