<?xml version="1.0" encoding="UTF-8"?>
<dhsOpenEmpInfoDetailRoot>
 <empSeqno>
  37534
 </empSeqno>
 <empWantedTitle>
  홍보분야 경력사원 모집(본사)
 </empWantedTitle>
 <empBusiNm>
  엘지화학
 </empBusiNm>
 <coClcdNm>
  대기업
 </coClcdNm>
 <empWantedStdt>
  20190318
 </empWantedStdt>
 <empWantedEndt>
  20190404
 </empWantedEndt>
 <empWantedHomepg>
  http://www.lgchem.com
 </empWantedHomepg>
 <empWantedHomepgDetail>
  http://apply.lg.com/app/job/RetrieveJobNoticesDetail.rpi
 </empWantedHomepgDetail>
 <empWantedMobileUrl></empWantedMobileUrl>
 <regLogImgNm>
  http://www.work.go.kr/framework/filedownload/getImage.do?filePathName=KuBCC2IodBkj%2Frlv8XuRiiUI73BW2bN9%2FqqfEB%2F4Y9cg7vwEQLmdWgZ4BBzlQmSC7suWeZYPwv8GKFqD7PXO%2Fg%3D%3D
 </regLogImgNm>
 <empWantedTypeNm>
  정규직
 </empWantedTypeNm>
 <empWatedJobsNm></empWatedJobsNm>
 <empWatedCont></empWatedCont>
 <empSelfintroList>
  <empSelsListInfo>
   <selfintroQstCont></selfintroQstCont>
  </empSelsListInfo>
 </empSelfintroList>
 <empSelsList>
  <empSelsListInfo>
   <selsNm>
    서류전형
   </selsNm>
   <selsSchdCont></selsSchdCont>
   <selsCont></selsCont>
   <selsMemoCont></selsMemoCont>
  </empSelsListInfo>
  <empSelsListInfo>
   <selsNm>
    1차면접
   </selsNm>
   <selsSchdCont></selsSchdCont>
   <selsCont></selsCont>
   <selsMemoCont></selsMemoCont>
  </empSelsListInfo>
  <empSelsListInfo>
   <selsNm>
    최종전형
   </selsNm>
   <selsSchdCont></selsSchdCont>
   <selsCont></selsCont>
   <selsMemoCont></selsMemoCont>
  </empSelsListInfo>
 </empSelsList>
 <empRecrList>
  <empRecrListInfo>
   <empRecrNm>
    [법인Staff] 홍보
   </empRecrNm>
   <jobCont>
    - 사내 커뮤니케이션 채널 구축 및 운영 (국문, 영문, 중문) 인쇄/디지털 사보 연간 계획 수립 및 실행 인쇄/디지털 사보 컨텐츠 기획 및 취재 - 해외법인 대상 경영진 메시지 기획 및 제작 - 해외법인 대상 커뮤니케이션 가이드라인 제작
   </jobCont>
   <empWantedCareerNm>
    경력
   </empWantedCareerNm>
   <empWantedEduNm>
    대졸(4)|석사|박사
   </empWantedEduNm>
   <sptCertEtc>
    - 전공무관
   </sptCertEtc>
   <recrPsncnt>
    0
   </recrPsncnt>
   <empRecrMemoCont></empRecrMemoCont>
   <workRegionNm>
    서울 영등포구
   </workRegionNm>
  </empRecrListInfo>
 </empRecrList>
 <empJobsList>
  <empJobsListInfo>
   <jobsCd>
    026102
   </jobsCd>
   <jobsCdKorNm>
    마케팅·광고·홍보·상품기획 사무원
   </jobsCdKorNm>
  </empJobsListInfo>
 </empJobsList>
 <empnRecrSummaryCont></empnRecrSummaryCont>
 <recrCommCont>
  [지원자격] - 관련 경력 만 3년(36개월) 이상(학위기간 제외) - 4년제 학사학위 이상 소지자 - 해외여행에 결격사유가 없는 자, 군필 혹은 면제자(남성) - 국가보훈대상자 및 장애인은 관련법규에 의거 우대합니다.
 </recrCommCont>
 <empSubmitDocCont>
  - 채용사이트 內 입사지원서 ※ 졸업증명서, 성적증명서, 공인어학성적표, 자격증 등은 면접 합격자에 한하여 제출 (추후 안내)
 </empSubmitDocCont>
 <empRcptMthdCont>
  - LG그룹 채용사이트 (http://careers.lg.com) 內 LG화학 모집공고에서 On-line 지원
 </empRcptMthdCont>
 <empAcptPsnAnncCont></empAcptPsnAnncCont>
 <inqryCont>
  - 채용관련문의 : tndls@lgchem.com - 비밀번호 분실, 지원서 수정 및 오류발생 문의 ① LG Careers Site 內 상단 “채용문의”에서 1:1 질문하기를 통해 문의 ② E-mail 및 비밀번호 분실 시 “로그인”에서 이메일주소 및 비밀번호 찾기를 통해 확인하여 주시기 바랍니다.
 </inqryCont>
 <empnEtcCont>
  1) 허위기재 사실이 발견될 시에는 즉시 불합격 혹은 입사 취소합니다. 2) 당사의 사업들은 독자적인 기술로 이루어지고 있으며, 채용자들은 입사 후, 당사의 기술과 업무 매뉴얼을 바탕으로 업무를 하게 되므로 당사는 타 회사의 영업비밀을 필요로 하지 않으며, 필요한 경우 합법적인 방법과 절차를 통해 취득하여 사용합니다. 경력 지원자께서는 전 직장의 영업비밀을 침해하는 일이 없도록 각별히 유의하시기 바라며, 침해 시 본인의 책임임을 주지하여 주시기 바랍니다. 3) 각 전형결과 및 통보는 E-mail을 통해 진행되오니, E-mail주소를 정확하게 기재하여 주시기 바랍니다.
 </empnEtcCont>
</dhsOpenEmpInfoDetailRoot>