<?xml version="1.0" encoding="UTF-8"?>
<dhsOpenEmpInfoDetailRoot>
 <empSeqno>
  37416
 </empSeqno>
 <empWantedTitle>
  2019년 신입/경력사원 모집
 </empWantedTitle>
 <empBusiNm>
  용평리조트
 </empBusiNm>
 <coClcdNm>
  중견기업
 </coClcdNm>
 <empWantedStdt>
  20190301
 </empWantedStdt>
 <empWantedEndt>
  20190501
 </empWantedEndt>
 <empWantedHomepg>
  http://www.yongpyong.co.kr
 </empWantedHomepg>
 <empWantedHomepgDetail>
  https://www.yongpyong.co.kr/kor/recruit/announce/list.do
 </empWantedHomepgDetail>
 <empWantedMobileUrl></empWantedMobileUrl>
 <regLogImgNm>
  http://www.work.go.kr/framework/filedownload/getImage.do?filePathName=KuBCC2IodBkj%2Frlv8XuRihT61Pr5zEhWdV%2FAkIdVgz2IuJ%2BBnasBK4omH9O330eN7suWeZYPwv8GKFqD7PXO%2Fg%3D%3D
 </regLogImgNm>
 <empWantedTypeNm>
  정규직전환형|기간제|기타
 </empWantedTypeNm>
 <empWatedJobsNm></empWatedJobsNm>
 <empWatedCont></empWatedCont>
 <empSelfintroList>
  <empSelsListInfo>
   <selfintroQstCont></selfintroQstCont>
  </empSelsListInfo>
 </empSelfintroList>
 <empSelsList>
  <empSelsListInfo>
   <selsNm>
    서류전형
   </selsNm>
   <selsSchdCont></selsSchdCont>
   <selsCont></selsCont>
   <selsMemoCont></selsMemoCont>
  </empSelsListInfo>
  <empSelsListInfo>
   <selsNm>
    실무 및 임원면접
   </selsNm>
   <selsSchdCont></selsSchdCont>
   <selsCont></selsCont>
   <selsMemoCont></selsMemoCont>
  </empSelsListInfo>
  <empSelsListInfo>
   <selsNm>
    최종 합격자발표
   </selsNm>
   <selsSchdCont></selsSchdCont>
   <selsCont></selsCont>
   <selsMemoCont></selsMemoCont>
  </empSelsListInfo>
  <empSelsListInfo>
   <selsNm>
    입사
   </selsNm>
   <selsSchdCont></selsSchdCont>
   <selsCont></selsCont>
   <selsMemoCont></selsMemoCont>
  </empSelsListInfo>
 </empSelsList>
 <empRecrList>
  <empRecrListInfo>
   <empRecrNm>
    [마케팅부문] 국내영업(단체판촉)
   </empRecrNm>
   <jobCont>
    [자격] - 호텔 또는 종합리조트 국내영업업무(단체행사 유치/진행) 2년이상 경력자 [우대] - 관광 및 마케팅 관련 전공자 - 외국어 우수자(영어, 중국어 등) - 컴퓨터 활용능력 우수자(EXCEL, WORD 등)
   </jobCont>
   <empWantedCareerNm>
    경력
   </empWantedCareerNm>
   <empWantedEduNm></empWantedEduNm>
   <sptCertEtc></sptCertEtc>
   <recrPsncnt></recrPsncnt>
   <empRecrMemoCont></empRecrMemoCont>
   <workRegionNm>
    서울 마포구
   </workRegionNm>
  </empRecrListInfo>
  <empRecrListInfo>
   <empRecrNm>
    [마케팅부문] 청소년지도사
   </empRecrNm>
   <jobCont>
    [자격] - 청소년지도사 자격증 2급 이상 보유자 - 청소년 수련프로그램 기획, 운영 경력 3년이상 [우대] - 마케팅 및 청소년 관련학과 전공자 - 컴퓨터 활용능력 우수자(EXCEL, WORD 등)
   </jobCont>
   <empWantedCareerNm>
    경력
   </empWantedCareerNm>
   <empWantedEduNm></empWantedEduNm>
   <sptCertEtc></sptCertEtc>
   <recrPsncnt></recrPsncnt>
   <empRecrMemoCont></empRecrMemoCont>
   <workRegionNm>
    강원 평창군
   </workRegionNm>
  </empRecrListInfo>
  <empRecrListInfo>
   <empRecrNm>
    [사무부문] 그래픽디자이너
   </empRecrNm>
   <jobCont>
    [자격] - 시각디자인 및 디자인관련 전공자 - 포토샵, 일러스트레이터 사용 가능자 - 그래픽디자인(브로셔 및 각종 홍보물 디자인) 관련 - 실무경력 5년 이상 [우대] - 컴퓨터 활용능력 우수자(엑셀, 워드 등)
   </jobCont>
   <empWantedCareerNm>
    경력
   </empWantedCareerNm>
   <empWantedEduNm></empWantedEduNm>
   <sptCertEtc></sptCertEtc>
   <recrPsncnt></recrPsncnt>
   <empRecrMemoCont></empRecrMemoCont>
   <workRegionNm>
    강원 평창군
   </workRegionNm>
  </empRecrListInfo>
  <empRecrListInfo>
   <empRecrNm>
    [서비스부문] 객실프런트 F&amp;B(식음)매표원 골프장 프런트
   </empRecrNm>
   <jobCont>
    [자격] - 관광계열 및 외국어 관련 전공자 [우대] - 외국어우수자(영어, 중국어 등) - 호텔 또는 종합 리조트 서비스 업무 유경험자 - 컴퓨터 활용능력 우수자(EXCEL, WORD 등)
   </jobCont>
   <empWantedCareerNm>
    신입
   </empWantedCareerNm>
   <empWantedEduNm></empWantedEduNm>
   <sptCertEtc></sptCertEtc>
   <recrPsncnt></recrPsncnt>
   <empRecrMemoCont></empRecrMemoCont>
   <workRegionNm>
    강원 평창군
   </workRegionNm>
  </empRecrListInfo>
  <empRecrListInfo>
   <empRecrNm>
    [조리부문] 한식조리사,양식조리사
   </empRecrNm>
   <jobCont>
    [자격] - 한.양식 관련 전공자 및 조리 자격증 소지자 [우대] - 동종업계 한.양식조리 유경험자
   </jobCont>
   <empWantedCareerNm>
    경력|신입
   </empWantedCareerNm>
   <empWantedEduNm></empWantedEduNm>
   <sptCertEtc></sptCertEtc>
   <recrPsncnt></recrPsncnt>
   <empRecrMemoCont></empRecrMemoCont>
   <workRegionNm>
    강원 평창군
   </workRegionNm>
  </empRecrListInfo>
  <empRecrListInfo>
   <empRecrNm>
    [조리부문] 제과사
   </empRecrNm>
   <jobCont>
    [자격] - 제과/제빵 관련 전공자 및 제과/제빵 자격증 소지자 [우대] - 동종업계 제과/제빵업무 유경험자
   </jobCont>
   <empWantedCareerNm>
    경력
   </empWantedCareerNm>
   <empWantedEduNm></empWantedEduNm>
   <sptCertEtc></sptCertEtc>
   <recrPsncnt></recrPsncnt>
   <empRecrMemoCont></empRecrMemoCont>
   <workRegionNm>
    강원 평창군
   </workRegionNm>
  </empRecrListInfo>
  <empRecrListInfo>
   <empRecrNm>
    [조리부문] 영양사
   </empRecrNm>
   <jobCont>
    [자격] - 영양사 자격증 소지자 [우대] - 동종업계 조리 및 영양사 업무 유경험자 - 한/양식 조리사 자격증 소지자
   </jobCont>
   <empWantedCareerNm>
    경력|신입
   </empWantedCareerNm>
   <empWantedEduNm></empWantedEduNm>
   <sptCertEtc></sptCertEtc>
   <recrPsncnt></recrPsncnt>
   <empRecrMemoCont></empRecrMemoCont>
   <workRegionNm>
    강원 평창군
   </workRegionNm>
  </empRecrListInfo>
  <empRecrListInfo>
   <empRecrNm>
    [스포츠부문] 사무원
   </empRecrNm>
   <jobCont>
    [우대] - 경상계열(MIS/경영/회계 등)전공자 - 종합리조트업무 유경험자(스키장, 호텔 등) - 컴퓨터 활용능력 우수자(EXCEL, WORD 등)
   </jobCont>
   <empWantedCareerNm>
    경력|신입
   </empWantedCareerNm>
   <empWantedEduNm></empWantedEduNm>
   <sptCertEtc></sptCertEtc>
   <recrPsncnt></recrPsncnt>
   <empRecrMemoCont></empRecrMemoCont>
   <workRegionNm>
    강원 평창군
   </workRegionNm>
  </empRecrListInfo>
  <empRecrListInfo>
   <empRecrNm>
    [개발부문] 전기
   </empRecrNm>
   <jobCont>
    [자격] - 전기 관련 학과 전공자 및 관련 자격 보유자 - 전기설비 현장경험 8년이상(주거관련 공사) [우대] - CAD 가능자 - 2019년 현재 도급순위 30위내 경력자
   </jobCont>
   <empWantedCareerNm>
    경력
   </empWantedCareerNm>
   <empWantedEduNm></empWantedEduNm>
   <sptCertEtc></sptCertEtc>
   <recrPsncnt></recrPsncnt>
   <empRecrMemoCont></empRecrMemoCont>
   <workRegionNm>
    강원 평창군
   </workRegionNm>
  </empRecrListInfo>
 </empRecrList>
 <empJobsList>
  <empJobsListInfo>
   <jobsCd>
    026103
   </jobsCd>
   <jobsCdKorNm>
    영업 기획·관리·지원 사무원
   </jobsCdKorNm>
  </empJobsListInfo>
  <empJobsListInfo>
   <jobsCd>
    415503
   </jobsCd>
   <jobsCdKorNm>
    그래픽아트 기술자
   </jobsCdKorNm>
  </empJobsListInfo>
  <empJobsListInfo>
   <jobsCd>
    531205
   </jobsCd>
   <jobsCdKorNm>
    사업체 구내식당 급식 조리사
   </jobsCdKorNm>
  </empJobsListInfo>
 </empJobsList>
 <empnRecrSummaryCont></empnRecrSummaryCont>
 <recrCommCont>
  - 급여 및 복리후생은 당사 규정에 준하여 적용(6개월 근무평가 후 정규직전환 면접 실시) [ 공통자격요건 ] - 남자는 병역을 필 하였거나 면제된 자 - 해외여행에 결격사유가 없는 자 [ 기타 우대사항 ] - 장애인 : &amp;lt;장애인복지법&amp;gt; 제32조의 규정에 의하여 등록한장애인 본인 - 취업지원대상자 : &amp;lt;국가유공자등예우및지원에관한법률&amp;gt; 및 이를 준용하는법률에 의한 취업지원대상자
 </recrCommCont>
 <empSubmitDocCont>
  - 이력서 및 자기소개서(경력지원자는 경력기술서 상세 작성) ※ 경력사항은 경력증명서 및 4대보험가입증명원 등으로 증빙 가능한 사항만 기재 요망
 </empSubmitDocCont>
 <empRcptMthdCont>
  ~ 채용시 마감 - 채용홈페이지 하단의 “온라인지원” 클릭→ 이력서 작성 및 접수
 </empRcptMthdCont>
 <empAcptPsnAnncCont></empAcptPsnAnncCont>
 <inqryCont>
  - 문의전화 : (033) 330-8343,4,6
 </inqryCont>
 <empnEtcCont>
  - 접수된 지원서는 최초 접수일로부터 1년간 보관되며, 1년이 경과된 뒤에는 자동 파기 - 이력서 등 제출서류에 허위사실이 있을시 채용 취소
 </empnEtcCont>
</dhsOpenEmpInfoDetailRoot>