<?xml version="1.0" encoding="UTF-8"?>
<dhsOpenEmpInfoDetailRoot>
 <empSeqno>
  37721
 </empSeqno>
 <empWantedTitle>
  치과 의료기기 품질보증 (공정 및 출하 검사)
 </empWantedTitle>
 <empBusiNm>
  오스템임플란트
 </empBusiNm>
 <coClcdNm>
  중견기업
 </coClcdNm>
 <empWantedStdt>
  20190327
 </empWantedStdt>
 <empWantedEndt>
  20190408
 </empWantedEndt>
 <empWantedHomepg>
  http://www.osstem.com
 </empWantedHomepg>
 <empWantedHomepgDetail>
  https://osstem.recruiter.co.kr/app/jobnotice/view?systemKindCode=MRS1&amp;jobnoticeSn=20623
 </empWantedHomepgDetail>
 <empWantedMobileUrl></empWantedMobileUrl>
 <regLogImgNm>
  http://www.work.go.kr/framework/filedownload/getImage.do?filePathName=ZGI9%2BubbEcHpFsdRT26HvJC6TFqNAXgqfUxGVrcPs4WckU8dJddlUEvpX%2F4aPKev
 </regLogImgNm>
 <empWantedTypeNm>
  정규직
 </empWantedTypeNm>
 <empWatedJobsNm></empWatedJobsNm>
 <empWatedCont></empWatedCont>
 <empSelfintroList>
  <empSelsListInfo>
   <selfintroQstCont></selfintroQstCont>
  </empSelsListInfo>
 </empSelfintroList>
 <empSelsList>
  <empSelsListInfo>
   <selsNm>
    서류전형
   </selsNm>
   <selsSchdCont></selsSchdCont>
   <selsCont></selsCont>
   <selsMemoCont></selsMemoCont>
  </empSelsListInfo>
  <empSelsListInfo>
   <selsNm>
    1차면접
   </selsNm>
   <selsSchdCont></selsSchdCont>
   <selsCont></selsCont>
   <selsMemoCont></selsMemoCont>
  </empSelsListInfo>
  <empSelsListInfo>
   <selsNm>
    2차면접
   </selsNm>
   <selsSchdCont></selsSchdCont>
   <selsCont></selsCont>
   <selsMemoCont></selsMemoCont>
  </empSelsListInfo>
  <empSelsListInfo>
   <selsNm>
    최종합격
   </selsNm>
   <selsSchdCont></selsSchdCont>
   <selsCont></selsCont>
   <selsMemoCont></selsMemoCont>
  </empSelsListInfo>
  <empSelsListInfo>
   <selsNm>
    기타
   </selsNm>
   <selsSchdCont></selsSchdCont>
   <selsCont>
    회사 사정에 따라 일부 일정이 조정될 수 있습니다. / 면접전형 일시는 합격자에 한하여 개별통보 예정입니다.
   </selsCont>
   <selsMemoCont></selsMemoCont>
  </empSelsListInfo>
 </empSelsList>
 <empRecrList>
  <empRecrListInfo>
   <empRecrNm>
    [품질보증] 치과 의료기기(Unit Chair) 품질보증(출하 검사)
   </empRecrNm>
   <jobCont>
    - 의료장비 출하검사 - 제품 추적성 관리 - 제품 신뢰성 Test
   </jobCont>
   <empWantedCareerNm>
    경력
   </empWantedCareerNm>
   <empWantedEduNm>
    대졸(2~3)|박사
   </empWantedEduNm>
   <sptCertEtc></sptCertEtc>
   <recrPsncnt></recrPsncnt>
   <empRecrMemoCont></empRecrMemoCont>
   <workRegionNm>
    경기 안산시
   </workRegionNm>
  </empRecrListInfo>
 </empRecrList>
 <empJobsList>
  <empJobsListInfo>
   <jobsCd>
    028400
   </jobsCd>
   <jobsCdKorNm>
    생산·품질 사무원
   </jobsCdKorNm>
  </empJobsListInfo>
 </empJobsList>
 <empnRecrSummaryCont></empnRecrSummaryCont>
 <recrCommCont>
  - 근무지 : 경기도 안산(&amp;apos;2019년 3Q 限 서울 금천구 근무 예정)
 </recrCommCont>
 <empSubmitDocCont></empSubmitDocCont>
 <empRcptMthdCont>
  - 채용홈페이지 온라인 입사지원
 </empRcptMthdCont>
 <empAcptPsnAnncCont></empAcptPsnAnncCont>
 <inqryCont>
  - 채용홈페이지 채용문의 참조
 </inqryCont>
 <empnEtcCont>
  - 제출서류/기재사항이 허위로 판명될 경우 채용이 취소될 수 있습니다. - 국가보훈대상자는 관계법에 의거 우대합니다. - 장애인복지법 상 등록 장애인은 내부규정에 의거 우대합니다.
 </empnEtcCont>
</dhsOpenEmpInfoDetailRoot>