<?xml version="1.0" encoding="UTF-8"?>
<dhsOpenEmpInfoDetailRoot>
 <empSeqno>
  36908
 </empSeqno>
 <empWantedTitle>
  Whale - 웨일 데스크탑 브라우저 개발 경력사원
 </empWantedTitle>
 <empBusiNm>
  네이버
 </empBusiNm>
 <coClcdNm>
  중견기업
 </coClcdNm>
 <empWantedStdt>
  20190219
 </empWantedStdt>
 <empWantedEndt>
  20190430
 </empWantedEndt>
 <empWantedHomepg>
  https://www.navercorp.com/ko/index.nhn
 </empWantedHomepg>
 <empWantedHomepgDetail>
  https://recruit.navercorp.com/naver/job/list/developer
 </empWantedHomepgDetail>
 <empWantedMobileUrl></empWantedMobileUrl>
 <regLogImgNm>
  http://www.work.go.kr/framework/filedownload/getImage.do?filePathName=ZGI9%2BubbEcHpFsdRT26HvCtLkPmEbdw265dhQOvJqzOjSX8JpMLZEuWMVEDPF08G
 </regLogImgNm>
 <empWantedTypeNm>
  정규직
 </empWantedTypeNm>
 <empWatedJobsNm></empWatedJobsNm>
 <empWatedCont></empWatedCont>
 <empSelfintroList>
  <empSelsListInfo>
   <selfintroQstCont></selfintroQstCont>
  </empSelsListInfo>
 </empSelfintroList>
 <empSelsList>
  <empSelsListInfo>
   <selsNm>
    서류전형
   </selsNm>
   <selsSchdCont></selsSchdCont>
   <selsCont></selsCont>
   <selsMemoCont></selsMemoCont>
  </empSelsListInfo>
  <empSelsListInfo>
   <selsNm>
    전화면접
   </selsNm>
   <selsSchdCont></selsSchdCont>
   <selsCont></selsCont>
   <selsMemoCont></selsMemoCont>
  </empSelsListInfo>
  <empSelsListInfo>
   <selsNm>
    1차면접
   </selsNm>
   <selsSchdCont></selsSchdCont>
   <selsCont></selsCont>
   <selsMemoCont></selsMemoCont>
  </empSelsListInfo>
  <empSelsListInfo>
   <selsNm>
    2차면접
   </selsNm>
   <selsSchdCont></selsSchdCont>
   <selsCont></selsCont>
   <selsMemoCont></selsMemoCont>
  </empSelsListInfo>
  <empSelsListInfo>
   <selsNm>
    최종합격
   </selsNm>
   <selsSchdCont></selsSchdCont>
   <selsCont></selsCont>
   <selsMemoCont></selsMemoCont>
  </empSelsListInfo>
  <empSelsListInfo>
   <selsNm>
    기타
   </selsNm>
   <selsSchdCont></selsSchdCont>
   <selsCont>
    ※전형일정 및 결과는 지원서에 등록하신 이메일로 개별 안내드립니다. /※전형절차는 직무별로 다르게 운영될 수 있으며, 일정 및 상황에 따라 변동될 수 있습니다.
   </selsCont>
   <selsMemoCont></selsMemoCont>
  </empSelsListInfo>
 </empSelsList>
 <empRecrList>
  <empRecrListInfo>
   <empRecrNm>
    웨일 브라우저 개발
   </empRecrNm>
   <jobCont>
    - C++(11/14) 사용 가능 - 사용자 어플리케이션 개발 경험
   </jobCont>
   <empWantedCareerNm>
    경력
   </empWantedCareerNm>
   <empWantedEduNm></empWantedEduNm>
   <sptCertEtc>
    - 프로그래밍 능력이 뛰어난 개발자 - 새로운 기술 습득과 지식 공유에 즐거움을 느끼는 사람 - 협업을 통해 동료와 함께 성장하려고 노력하는 사람
   </sptCertEtc>
   <recrPsncnt></recrPsncnt>
   <empRecrMemoCont></empRecrMemoCont>
   <workRegionNm></workRegionNm>
  </empRecrListInfo>
 </empRecrList>
 <empJobsList>
  <empJobsListInfo>
   <jobsCd>
    133301
   </jobsCd>
   <jobsCdKorNm>
    웹 개발자(웹 엔지니어·웹 프로그래머)
   </jobsCdKorNm>
  </empJobsListInfo>
 </empJobsList>
 <empnRecrSummaryCont></empnRecrSummaryCont>
 <recrCommCont>
  - 국가유공자 및 장애인 등 취업보호대상자는 관계법령에 따라 우대합니다. [조직소개] - 데스크탑 / 모바일을 통합하는 큰 기술 플랫폼으로 자리잡고 나아가 새로운 비즈니스 플랫폼을 만들고 있습니다. - 팀 내 오픈소스 활동 중이신 분들이 있어, 오픈소스에 활동을 시작하는데 도움을 얻을 수 있습니다. - 주로 C++로 작성된 크로미움 프로젝트를 다루게 되고, iOS, Android, Frontend 코드를 직간접적으로 경험할 수 있습니다. - 팀 내의 웹엔진 전문가들로부터 많은 기술적인 도움을 받을 수 있습니다.
 </recrCommCont>
 <empSubmitDocCont></empSubmitDocCont>
 <empRcptMthdCont>
  - 채용홈페이지 입사지원
 </empRcptMthdCont>
 <empAcptPsnAnncCont></empAcptPsnAnncCont>
 <inqryCont>
  - 문의사항은 채용 홈페이지 지원문의로 접수해주시기 바랍니다.
 </inqryCont>
 <empnEtcCont>
  - 본 공고는 모집 완료 시 조기 마감될 수 있습니다 - 지원서 내용 중 허위사실이 있는 경우에는 합격이 취소될 수 있습니다. - 국가유공자의 가산점 부여를 받기 위해서는 본인이 '취업지원 대상자 증명서'를 회사에 제출해야 합니다
 </empnEtcCont>
</dhsOpenEmpInfoDetailRoot>