<?xml version="1.0" encoding="UTF-8"?>
<dhsOpenEmpInfoDetailRoot>
 <empSeqno>
  37608
 </empSeqno>
 <empWantedTitle>
  2019년 경력사원 3월 정기공채
 </empWantedTitle>
 <empBusiNm>
  코오롱인더스트리
 </empBusiNm>
 <coClcdNm>
  대기업
 </coClcdNm>
 <empWantedStdt>
  20190321
 </empWantedStdt>
 <empWantedEndt>
  20190407
 </empWantedEndt>
 <empWantedHomepg>
  http://www.kolonindustries.com
 </empWantedHomepg>
 <empWantedHomepgDetail>
  https://dream.kolon.com/RECRUIT_KOLON/hr/rec/recruit/jobopen/controller/candidate/JobOpen310WebController/init.hr
 </empWantedHomepgDetail>
 <empWantedMobileUrl></empWantedMobileUrl>
 <regLogImgNm>
  http://www.work.go.kr/framework/filedownload/getImage.do?filePathName=KuBCC2IodBkj%2Frlv8XuRil4ooGy4Zyk5NNK2EYYOpcWnQDDRh6M9tGO1LHjByLZs7suWeZYPwv8GKFqD7PXO%2Fg%3D%3D
 </regLogImgNm>
 <empWantedTypeNm>
  정규직
 </empWantedTypeNm>
 <empWatedJobsNm></empWatedJobsNm>
 <empWatedCont></empWatedCont>
 <empSelfintroList>
  <empSelsListInfo>
   <selfintroQstCont></selfintroQstCont>
  </empSelsListInfo>
 </empSelfintroList>
 <empSelsList>
  <empSelsListInfo>
   <selsNm>
    서류전형
   </selsNm>
   <selsSchdCont></selsSchdCont>
   <selsCont>
    합격자발표 : 4월 3주 內 예정
   </selsCont>
   <selsMemoCont></selsMemoCont>
  </empSelsListInfo>
  <empSelsListInfo>
   <selsNm>
    1차면접
   </selsNm>
   <selsSchdCont></selsSchdCont>
   <selsCont></selsCont>
   <selsMemoCont></selsMemoCont>
  </empSelsListInfo>
  <empSelsListInfo>
   <selsNm>
    2차면접
   </selsNm>
   <selsSchdCont></selsSchdCont>
   <selsCont></selsCont>
   <selsMemoCont></selsMemoCont>
  </empSelsListInfo>
  <empSelsListInfo>
   <selsNm>
    건강검진
   </selsNm>
   <selsSchdCont></selsSchdCont>
   <selsCont></selsCont>
   <selsMemoCont></selsMemoCont>
  </empSelsListInfo>
  <empSelsListInfo>
   <selsNm>
    최종합격
   </selsNm>
   <selsSchdCont></selsSchdCont>
   <selsCont></selsCont>
   <selsMemoCont></selsMemoCont>
  </empSelsListInfo>
  <empSelsListInfo>
   <selsNm>
    기타
   </selsNm>
   <selsSchdCont></selsSchdCont>
   <selsCont>
    발표방법 : 이메일/SMS를 통해 결과 개별 통보
   </selsCont>
   <selsMemoCont></selsMemoCont>
  </empSelsListInfo>
 </empSelsList>
 <empRecrList>
  <empRecrListInfo>
   <empRecrNm>
    영업 외
   </empRecrNm>
   <jobCont>
    ■ 영업 ■ 생산기술 ■ 품질(QA) ■ Technical Service ■ 설비기술 ■ 기획 ■ R&amp;D ■ R&amp;D(Materials Informatics) ■ R&amp;D(복합소재) ■ R&amp;D(에너지환경 부문) ■ R&amp;D(플랫폼소재 부문) ■ R&amp;D(기술기획/사업화) ※ 자세한 사항은 채용홈페이지 참조
   </jobCont>
   <empWantedCareerNm>
    경력
   </empWantedCareerNm>
   <empWantedEduNm></empWantedEduNm>
   <sptCertEtc></sptCertEtc>
   <recrPsncnt></recrPsncnt>
   <empRecrMemoCont></empRecrMemoCont>
   <workRegionNm></workRegionNm>
  </empRecrListInfo>
 </empRecrList>
 <empJobsList>
  <empJobsListInfo>
   <jobsCd>
    02
   </jobsCd>
   <jobsCdKorNm>
    연구 및 공학기술
   </jobsCdKorNm>
  </empJobsListInfo>
  <empJobsListInfo>
   <jobsCd>
    028404
   </jobsCd>
   <jobsCdKorNm>
    생산·품질 사무원 및 관리원(전기·전자·컴퓨터)
   </jobsCdKorNm>
  </empJobsListInfo>
  <empJobsListInfo>
   <jobsCd>
    07
   </jobsCd>
   <jobsCdKorNm>
    영업·판매·운전·운송
   </jobsCdKorNm>
  </empJobsListInfo>
 </empJobsList>
 <empnRecrSummaryCont></empnRecrSummaryCont>
 <recrCommCont>
  ※ 국가보훈대상자는 관계법령에 의거하여 우대합니다. [공통 자격요건] 1. 4년제 정규대학 졸업자 및 석사이상(R&amp;D 직무) 2. 군필 또는 면제자로 해외여행에 결격사유가 없는자 (*보훈대상자 등 취업보호대상자 관계법령에 의거 우대)
 </recrCommCont>
 <empSubmitDocCont>
  - 취업보호 대상 증명원 ,어학성적표,경력증명서,자격증 사본,최종학교 졸업증명서,학부 졸업증명서, 학부 성적증명서,성적 증명서 ※ 각종 증빙서류는 서류전형 합격자에 한해 1차면접시 제출하여 주시기 바랍니다. (*어학성적표/자격증사본 및 취업보호 대상 증명원은 해당시 제출)
 </empSubmitDocCont>
 <empRcptMthdCont>
  - 그룹채용홈페이지(http://dream.kolon.com) ※ 접수마감일은 지원자의 폭주로 접수가 원활하지 않을 수 있으므로 마감일 이전에 입사지원서를 제출하여 주시기 바랍니다.
 </empRcptMthdCont>
 <empAcptPsnAnncCont></empAcptPsnAnncCont>
 <inqryCont>
  - 채용홈페이지 공고 內 '1:1 문의하기' 이용
 </inqryCont>
 <empnEtcCont>
  - 증빙서류 및 입사지원서 기재내용이 허위임이 판명될 때는 합격 및 입사를 취소할 수 있습니다.
 </empnEtcCont>
</dhsOpenEmpInfoDetailRoot>