<?xml version="1.0" encoding="UTF-8"?>
<dhsOpenEmpInfoDetailRoot>
 <empSeqno>
  37720
 </empSeqno>
 <empWantedTitle>
  경력직 공개채용
 </empWantedTitle>
 <empBusiNm>
  매일유업
 </empBusiNm>
 <coClcdNm>
  중견기업
 </coClcdNm>
 <empWantedStdt>
  20190326
 </empWantedStdt>
 <empWantedEndt>
  20190407
 </empWantedEndt>
 <empWantedHomepg>
  http://www.maeil.com
 </empWantedHomepg>
 <empWantedHomepgDetail>
  https://maeil.recruiter.co.kr/app/jobnotice/view?systemKindCode=MRS2&amp;jobnoticeSn=8185
 </empWantedHomepgDetail>
 <empWantedMobileUrl></empWantedMobileUrl>
 <regLogImgNm>
  http://www.work.go.kr/framework/filedownload/getImage.do?filePathName=ZGI9%2BubbEcHpFsdRT26HvEmNFY5wyePPbWTff8ljMNczZnX1uJKKBeZUChObtOef
 </regLogImgNm>
 <empWantedTypeNm>
  정규직
 </empWantedTypeNm>
 <empWatedJobsNm></empWatedJobsNm>
 <empWatedCont></empWatedCont>
 <empSelfintroList>
  <empSelsListInfo>
   <selfintroQstCont></selfintroQstCont>
  </empSelsListInfo>
 </empSelfintroList>
 <empSelsList>
  <empSelsListInfo>
   <selsNm>
    서류전형
   </selsNm>
   <selsSchdCont></selsSchdCont>
   <selsCont></selsCont>
   <selsMemoCont></selsMemoCont>
  </empSelsListInfo>
  <empSelsListInfo>
   <selsNm>
    1차 면접
   </selsNm>
   <selsSchdCont></selsSchdCont>
   <selsCont></selsCont>
   <selsMemoCont></selsMemoCont>
  </empSelsListInfo>
  <empSelsListInfo>
   <selsNm>
    2차 면접
   </selsNm>
   <selsSchdCont></selsSchdCont>
   <selsCont></selsCont>
   <selsMemoCont></selsMemoCont>
  </empSelsListInfo>
  <empSelsListInfo>
   <selsNm>
    건강검진
   </selsNm>
   <selsSchdCont></selsSchdCont>
   <selsCont></selsCont>
   <selsMemoCont></selsMemoCont>
  </empSelsListInfo>
  <empSelsListInfo>
   <selsNm>
    최종합격
   </selsNm>
   <selsSchdCont></selsSchdCont>
   <selsCont></selsCont>
   <selsMemoCont></selsMemoCont>
  </empSelsListInfo>
  <empSelsListInfo>
   <selsNm>
    ※기타
   </selsNm>
   <selsSchdCont></selsSchdCont>
   <selsCont>
    채용 전형 단계별 결과는 개별 SMS 및 채용홈페이지를 통해 안내드릴 예정입니다.
   </selsCont>
   <selsMemoCont></selsMemoCont>
  </empSelsListInfo>
 </empSelsList>
 <empRecrList>
  <empRecrListInfo>
   <empRecrNm>
    홈쇼핑 영업 外
   </empRecrNm>
   <jobCont>
    [영업/기획] - 홈쇼핑 영업 / 수입상품 KA영업 / 식품 KA영업 / 대리점 영업 / 이커머스 기획 / 베이커리 제품 운영기획 [마케팅] - 디자인 [연구개발] - 발효유 제품개발 / 유산균 연구 / 크림 연구개발 / 중국 환자식.성인영양식 연구개발 / 성인영양식 연구개발 [생산] - 자재.물류 / 책임수의사
   </jobCont>
   <empWantedCareerNm>
    경력
   </empWantedCareerNm>
   <empWantedEduNm></empWantedEduNm>
   <sptCertEtc></sptCertEtc>
   <recrPsncnt></recrPsncnt>
   <empRecrMemoCont></empRecrMemoCont>
   <workRegionNm></workRegionNm>
  </empRecrListInfo>
 </empRecrList>
 <empJobsList>
  <empJobsListInfo>
   <jobsCd>
    01
   </jobsCd>
   <jobsCdKorNm>
    경영·사무·금융·보험
   </jobsCdKorNm>
  </empJobsListInfo>
  <empJobsListInfo>
   <jobsCd>
    02
   </jobsCd>
   <jobsCdKorNm>
    연구 및 공학기술
   </jobsCdKorNm>
  </empJobsListInfo>
  <empJobsListInfo>
   <jobsCd>
    07
   </jobsCd>
   <jobsCdKorNm>
    영업·판매·운전·운송
   </jobsCdKorNm>
  </empJobsListInfo>
 </empJobsList>
 <empnRecrSummaryCont></empnRecrSummaryCont>
 <recrCommCont>
  - 해외여행에 결격사유가 없는 자 - 남자는 병역필 또는 면제자 - 모집분야 00명
 </recrCommCont>
 <empSubmitDocCont>
  - 각종 증빙서류는 회사가 요청하는 기간까지 제출 해야 합니다.
 </empSubmitDocCont>
 <empRcptMthdCont>
  - 채용 사이트 https://maeil.recruiter.co.kr 접수 ※ 입사지원은 당사 홈페이지 상의 온라인 접수만 가능하며, 우편과 이메일은 접수 받지 않습니다. ※ 지원서는 최종 제출 후에는 수정할 수 없습니다.
 </empRcptMthdCont>
 <empAcptPsnAnncCont></empAcptPsnAnncCont>
 <inqryCont>
  - 기타 문의사항은 채용사이트 Q&amp;A 게시판을 이용하여 주십시오.
 </inqryCont>
 <empnEtcCont>
  - 지원서의 내용이 사실과 다르거나 증빙 제출이 불가한 경우, 합격 또는 채용이 취소 될 수 있습니다. - 채용검진결과 부적합 판정 시 합격이 취소 됩니다. - 국가보훈대상자 및 장애인은 관계법에 의거 우대합니다.
 </empnEtcCont>
</dhsOpenEmpInfoDetailRoot>