<?xml version="1.0" encoding="UTF-8"?>
<dhsOpenEmpInfoDetailRoot>
 <empSeqno>
  37030
 </empSeqno>
 <empWantedTitle>
  머신러닝/딥러닝 경력 채용
 </empWantedTitle>
 <empBusiNm>
  엔에이치엔엔터테인먼트
 </empBusiNm>
 <coClcdNm>
  중견기업
 </coClcdNm>
 <empWantedStdt>
  20190306
 </empWantedStdt>
 <empWantedEndt>
  20190506
 </empWantedEndt>
 <empWantedHomepg>
  http://www.nhnent.com
 </empWantedHomepg>
 <empWantedHomepgDetail>
  https://recruit.nhnent.com/ent/recruitings/20001144
 </empWantedHomepgDetail>
 <empWantedMobileUrl></empWantedMobileUrl>
 <regLogImgNm>
  http://www.work.go.kr/framework/filedownload/getImage.do?filePathName=KuBCC2IodBkj%2Frlv8XuRisrJqQij789SYiMWgAZC%2FBUpJqeHmr%2Bv3gMrjeE%2BaB1x7suWeZYPwv8GKFqD7PXO%2Fg%3D%3D
 </regLogImgNm>
 <empWantedTypeNm>
  정규직
 </empWantedTypeNm>
 <empWatedJobsNm></empWatedJobsNm>
 <empWatedCont></empWatedCont>
 <empSelfintroList>
  <empSelsListInfo>
   <selfintroQstCont></selfintroQstCont>
  </empSelsListInfo>
 </empSelfintroList>
 <empSelsList>
  <empSelsListInfo>
   <selsNm>
    서류전형
   </selsNm>
   <selsSchdCont></selsSchdCont>
   <selsCont>
    전형일정은 서류 합격자에 한하여 개별 연락 드립니다.
   </selsCont>
   <selsMemoCont></selsMemoCont>
  </empSelsListInfo>
  <empSelsListInfo>
   <selsNm>
    ※라이브코딩/1차면접
   </selsNm>
   <selsSchdCont></selsSchdCont>
   <selsCont>
    라이브코딩 전형은 모집 부문에 따라 변경 될 수 있으며, 각 단계별 합격자에게 상세하게 안내드립니다.
   </selsCont>
   <selsMemoCont></selsMemoCont>
  </empSelsListInfo>
  <empSelsListInfo>
   <selsNm>
    2차 면접
   </selsNm>
   <selsSchdCont></selsSchdCont>
   <selsCont></selsCont>
   <selsMemoCont></selsMemoCont>
  </empSelsListInfo>
  <empSelsListInfo>
   <selsNm>
    최종합격
   </selsNm>
   <selsSchdCont></selsSchdCont>
   <selsCont></selsCont>
   <selsMemoCont></selsMemoCont>
  </empSelsListInfo>
 </empSelsList>
 <empRecrList>
  <empRecrListInfo>
   <empRecrNm>
    머신러닝 연구개발
   </empRecrNm>
   <jobCont>
    - 머신러닝/딥러닝/Reinforcement Learning을 이용한 선행 연구 및 개발 - 기반기술을 이용하여 회사에서 필요한 서비스 개발
   </jobCont>
   <empWantedCareerNm>
    경력
   </empWantedCareerNm>
   <empWantedEduNm></empWantedEduNm>
   <sptCertEtc>
    - 머신러닝, Probability and Statistics, Math(Linear Algebra)에 대한 지식이 풍부한 사람 - Unity3D나 Unreal 같은 게임 엔진으로 게임 혹은 시뮬레이션 환경 개발 경험 - TensorFlow, PyTorch 개발 경험 - 고속 병렬 처리 관련 지식/개발 경험 - C++, Java, Python 개발 경험
   </sptCertEtc>
   <recrPsncnt></recrPsncnt>
   <empRecrMemoCont></empRecrMemoCont>
   <workRegionNm>
    경기 성남시 분당구
   </workRegionNm>
  </empRecrListInfo>
 </empRecrList>
 <empJobsList>
  <empJobsListInfo>
   <jobsCd>
    024
   </jobsCd>
   <jobsCdKorNm>
    소프트웨어
   </jobsCdKorNm>
  </empJobsListInfo>
 </empJobsList>
 <empnRecrSummaryCont></empnRecrSummaryCont>
 <recrCommCont>
  - 국가보훈해당자 및 장애인은 관련 법률에 의거 우대합니다.(증빙서류 제출자에 한함) - 병역필 혹은 면제로 해외여행에 결격 사유가 없는 자 - 근무지는 판교 삼평동 플레이뮤지엄(Play Museum)입니다.
 </recrCommCont>
 <empSubmitDocCont></empSubmitDocCont>
 <empRcptMthdCont>
  - ~ 채용시까지 - 채용홈페이지 온라인 지원서 작성 * 본 채용은 상시 채용으로 면접이 수시로 진행되며, 先지원자에게 기회가 먼저 부여되므로 빠른 지원 바랍니다.
 </empRcptMthdCont>
 <empAcptPsnAnncCont></empAcptPsnAnncCont>
 <inqryCont>
  - 채용홈페이지 채용문의 이용 등
 </inqryCont>
 <empnEtcCont>
  - 제출서류에 허위기재 또는 기재착오, 구비서류 미제출 등으로 인한 불이익은 응시자 본인의 책임으로 합니다. - 제출서류나 각종 증명서의 기재내용이 허위일 경우, 응시를 무효로 하며 합격을 취소합니다. - 당사 소개 및 기타 자세한 사항은 홈페이지(http://www.nhnent.com)를 참조하시기 바랍니다.
 </empnEtcCont>
</dhsOpenEmpInfoDetailRoot>