<?xml version="1.0" encoding="UTF-8"?>
<dhsOpenEmpInfoDetailRoot>
 <empSeqno>
  37694
 </empSeqno>
 <empWantedTitle>
  시스템기획 경력직 채용
 </empWantedTitle>
 <empBusiNm>
  신세계조선호텔
 </empBusiNm>
 <coClcdNm>
  대기업
 </coClcdNm>
 <empWantedStdt>
  20190326
 </empWantedStdt>
 <empWantedEndt>
  20190402
 </empWantedEndt>
 <empWantedHomepg>
  https://www.echosunhotel.com
 </empWantedHomepg>
 <empWantedHomepgDetail>
  http://job.shinsegae.com/recruit_info/notice/notice01_view.jsp?isSearch=&amp;tabKey0=&amp;currentPage=1&amp;rowsPerPage=11&amp;notino=4488&amp;recrtpnm=%25ED%2595%2599%25EB%25A0%25A5%25EB%25AC%25B4%25EA%25B4%2580&amp;searchWord0=&amp;searchKey0=&amp;searchKey1=&amp;searchWord1=
 </empWantedHomepgDetail>
 <empWantedMobileUrl></empWantedMobileUrl>
 <regLogImgNm>
  http://www.work.go.kr/framework/filedownload/getImage.do?filePathName=KuBCC2IodBkj%2Frlv8XuRir1l7RVuKKiEhpYtNSBbYBugt5Ekk2PfumrrUIJQO2vP7suWeZYPwv8GKFqD7PXO%2Fg%3D%3D
 </regLogImgNm>
 <empWantedTypeNm>
  정규직
 </empWantedTypeNm>
 <empWatedJobsNm></empWatedJobsNm>
 <empWatedCont></empWatedCont>
 <empSelfintroList>
  <empSelsListInfo>
   <selfintroQstCont></selfintroQstCont>
  </empSelsListInfo>
 </empSelfintroList>
 <empSelsList>
  <empSelsListInfo>
   <selsNm>
    서류전형
   </selsNm>
   <selsSchdCont></selsSchdCont>
   <selsCont></selsCont>
   <selsMemoCont></selsMemoCont>
  </empSelsListInfo>
  <empSelsListInfo>
   <selsNm>
    면접전형
   </selsNm>
   <selsSchdCont></selsSchdCont>
   <selsCont></selsCont>
   <selsMemoCont></selsMemoCont>
  </empSelsListInfo>
  <empSelsListInfo>
   <selsNm>
    건강검진
   </selsNm>
   <selsSchdCont></selsSchdCont>
   <selsCont></selsCont>
   <selsMemoCont></selsMemoCont>
  </empSelsListInfo>
  <empSelsListInfo>
   <selsNm>
    최종합격
   </selsNm>
   <selsSchdCont></selsSchdCont>
   <selsCont></selsCont>
   <selsMemoCont></selsMemoCont>
  </empSelsListInfo>
 </empSelsList>
 <empRecrList>
  <empRecrListInfo>
   <empRecrNm>
    [시스템기획] IT 기획
   </empRecrNm>
   <jobCont>
    - IT 최신기술 검토, 로드맵 수립 및 상품 기획 - IT 투자/ 예산 검토 및 사업부 관리
   </jobCont>
   <empWantedCareerNm>
    경력
   </empWantedCareerNm>
   <empWantedEduNm>
    학력무관
   </empWantedEduNm>
   <sptCertEtc></sptCertEtc>
   <recrPsncnt>
    0
   </recrPsncnt>
   <empRecrMemoCont></empRecrMemoCont>
   <workRegionNm>
    서울
   </workRegionNm>
  </empRecrListInfo>
  <empRecrListInfo>
   <empRecrNm>
    [시스템기획] IT 운영/개발
   </empRecrNm>
   <jobCont>
    - 최신기술 검토, 로드맵 수립 및 상품 기획 - 전사 IT 투자/ 예산 검토 및 사업부 관리
   </jobCont>
   <empWantedCareerNm>
    경력
   </empWantedCareerNm>
   <empWantedEduNm>
    학력무관
   </empWantedEduNm>
   <sptCertEtc></sptCertEtc>
   <recrPsncnt>
    0
   </recrPsncnt>
   <empRecrMemoCont></empRecrMemoCont>
   <workRegionNm>
    서울
   </workRegionNm>
  </empRecrListInfo>
 </empRecrList>
 <empJobsList>
  <empJobsListInfo>
   <jobsCd>
    132003
   </jobsCd>
   <jobsCdKorNm>
    IT 감리 전문가(시스템 감리)
   </jobsCdKorNm>
  </empJobsListInfo>
 </empJobsList>
 <empnRecrSummaryCont></empnRecrSummaryCont>
 <recrCommCont>
  - 채용부문: [경력] 학력무관 - 근무지: 지원담당(서울) / 근무형태: 주 40시간(1일 8H) - 지원자는 해외여행에 결격사유가 없어야 하며, 보훈대상자 및 장애인은 관계법령에 의거 입사전형 時 가점부여 합니다. [공통자격] - 해당 직무분야 경력 최소 3년 이상자 - 호텔업 관련 유 경험자 및 어학능력 우수자 우대(커뮤니케이션 스킬 포함) [처우 및 복리후생] - 고용형태: 정규직 (경력직) - 4대보험 外 복리후생(그룹사/호텔 할인, 경조휴가, 식사제공, 명절선물 等)
 </recrCommCont>
 <empSubmitDocCont></empSubmitDocCont>
 <empRcptMthdCont>
  - 채용홈페이지 입사지원
 </empRcptMthdCont>
 <empAcptPsnAnncCont></empAcptPsnAnncCont>
 <inqryCont>
  - 기타 문의사항은 채용담당자(02-317-0063)에게 문의 주시기 바랍니다.
 </inqryCont>
 <empnEtcCont>
  - 지원서가 허위로 작성된 경우에는 합격이 취소 될 수 있습니다. - 제출된 서류는 합격자 발표 14일 이내에 요청할 시 반환 또는 폐기합니다. - 주민등록번호와 같이 민감정보를 포함 할 경우 삭제 후 제출 - 채용절차의 공정화에 관한 법률(14조 채용서류의 반환 等) 준수
 </empnEtcCont>
</dhsOpenEmpInfoDetailRoot>