<?xml version="1.0" encoding="UTF-8"?>
<dhsOpenEmpInfoDetailRoot>
 <empSeqno>
  37591
 </empSeqno>
 <empWantedTitle>
  [경력] Data Scientist
 </empWantedTitle>
 <empBusiNm>
  티켓몬스터
 </empBusiNm>
 <coClcdNm>
  중견기업
 </coClcdNm>
 <empWantedStdt>
  20190322
 </empWantedStdt>
 <empWantedEndt>
  20190403
 </empWantedEndt>
 <empWantedHomepg>
  http://www.ticketmonster.co.kr
 </empWantedHomepg>
 <empWantedHomepgDetail>
  https://recruit.tmon.co.kr/recruit/detail/001/146817
 </empWantedHomepgDetail>
 <empWantedMobileUrl></empWantedMobileUrl>
 <regLogImgNm>
  http://www.work.go.kr/framework/filedownload/getImage.do?filePathName=ZGI9%2BubbEcHpFsdRT26HvCtLkPmEbdw265dhQOvJqzN8E3%2BHeX59Qo3uuNktrf2D
 </regLogImgNm>
 <empWantedTypeNm>
  정규직
 </empWantedTypeNm>
 <empWatedJobsNm></empWatedJobsNm>
 <empWatedCont></empWatedCont>
 <empSelfintroList>
  <empSelsListInfo>
   <selfintroQstCont></selfintroQstCont>
  </empSelsListInfo>
 </empSelfintroList>
 <empSelsList>
  <empSelsListInfo>
   <selsNm>
    서류전형
   </selsNm>
   <selsSchdCont></selsSchdCont>
   <selsCont></selsCont>
   <selsMemoCont></selsMemoCont>
  </empSelsListInfo>
  <empSelsListInfo>
   <selsNm>
    1차 면접
   </selsNm>
   <selsSchdCont></selsSchdCont>
   <selsCont></selsCont>
   <selsMemoCont></selsMemoCont>
  </empSelsListInfo>
  <empSelsListInfo>
   <selsNm>
    2차 면접
   </selsNm>
   <selsSchdCont></selsSchdCont>
   <selsCont></selsCont>
   <selsMemoCont></selsMemoCont>
  </empSelsListInfo>
  <empSelsListInfo>
   <selsNm>
    써드아이 인터뷰
   </selsNm>
   <selsSchdCont></selsSchdCont>
   <selsCont></selsCont>
   <selsMemoCont></selsMemoCont>
  </empSelsListInfo>
  <empSelsListInfo>
   <selsNm>
    처우협의/입사일 확정
   </selsNm>
   <selsSchdCont></selsSchdCont>
   <selsCont></selsCont>
   <selsMemoCont></selsMemoCont>
  </empSelsListInfo>
  <empSelsListInfo>
   <selsNm>
    최종합격/입사
   </selsNm>
   <selsSchdCont></selsSchdCont>
   <selsCont>
    전형 절차 중 필요 시, 지원자 동의를 받은 후, 평판 조회(레퍼런스 체크)가 이루어질 수 있습니다.
   </selsCont>
   <selsMemoCont></selsMemoCont>
  </empSelsListInfo>
 </empSelsList>
 <empRecrList>
  <empRecrListInfo>
   <empRecrNm>
    Data Scientist
   </empRecrNm>
   <jobCont>
    - 데이터 프로덕트/서비스 개발 - 데이터 모델 수립, 테스트, 개선 - 커머스 데이터의 통계 분석 및 인사이트 제시
   </jobCont>
   <empWantedCareerNm>
    경력
   </empWantedCareerNm>
   <empWantedEduNm>
    대졸(2~3)|박사
   </empWantedEduNm>
   <sptCertEtc>
    - 인터넷 서비스 도메인에 대한 이해 - 커머스 관련 데이터 프로젝트 경험 - 프로그래밍 역량(Python, Scala, R 등) - 머신러닝에 대한 이해 - 수학, 통계, 물리, 공학 전공 우대 - 장애인 및 보훈대상자 가점 적용
   </sptCertEtc>
   <recrPsncnt></recrPsncnt>
   <empRecrMemoCont></empRecrMemoCont>
   <workRegionNm>
    서울
   </workRegionNm>
  </empRecrListInfo>
 </empRecrList>
 <empJobsList>
  <empJobsListInfo>
   <jobsCd>
    02
   </jobsCd>
   <jobsCdKorNm>
    연구 및 공학기술
   </jobsCdKorNm>
  </empJobsListInfo>
  <empJobsListInfo>
   <jobsCd>
    025
   </jobsCd>
   <jobsCdKorNm>
    데이터·네트워크 및 시스템 운영
   </jobsCdKorNm>
  </empJobsListInfo>
 </empJobsList>
 <empnRecrSummaryCont></empnRecrSummaryCont>
 <recrCommCont>
  - 고용형태 : 경력 정규직 - 근무지 : 서울 본사 근무 (2호선 삼성역 2번 출구) - 수습기간 직군에 따라 6주~2달의 수습 및 인턴기간 적용
 </recrCommCont>
 <empSubmitDocCont>
  - 온라인 입사지원서
 </empSubmitDocCont>
 <empRcptMthdCont>
  - 온라인 입사 지원서 작성 및 최종입사지원 ※유의사항 - 온라인 입사지원서 작성 후 최종 입사지원 버튼을 누르지 않으면 접수되지 않습니다. - 최종 입사 지원 후에는 입사지원서 수정이 불가하오니 유의하시기 바랍니다.
 </empRcptMthdCont>
 <empAcptPsnAnncCont></empAcptPsnAnncCont>
 <inqryCont>
  - 채용 홈페이지 '질문하기' 게시판 이용 바랍니다.
 </inqryCont>
 <empnEtcCont>
  - 채용에 관해 더 많은 정보를 원하시면 티몬채용 페이스북 페이지를 방문해주세요. (채용 사이트 우측 하단 페이스북 아이콘 클릭)
 </empnEtcCont>
</dhsOpenEmpInfoDetailRoot>