<?xml version="1.0" encoding="UTF-8"?>
<dhsOpenEmpInfoDetailRoot>
 <empSeqno>
  36975
 </empSeqno>
 <empWantedTitle>
  글로벌 CS 플랫폼 및 LINE back-office 기획
 </empWantedTitle>
 <empBusiNm>
  라인플러스
 </empBusiNm>
 <coClcdNm>
  중견기업
 </coClcdNm>
 <empWantedStdt>
  20190305
 </empWantedStdt>
 <empWantedEndt>
  20190505
 </empWantedEndt>
 <empWantedHomepg>
  http://linepluscorp.com
 </empWantedHomepg>
 <empWantedHomepgDetail>
  https://recruit.linepluscorp.com/lineplus/career/detail/20002639?classId=&amp;entTypeCd=&amp;tag=&amp;page=
 </empWantedHomepgDetail>
 <empWantedMobileUrl></empWantedMobileUrl>
 <regLogImgNm>
  http://www.work.go.kr/framework/filedownload/getImage.do?filePathName=KuBCC2IodBkj%2Frlv8XuRio7tN8%2FfS0w1%2BizSZ9MRlvId5wEzldWhQQFQW5j5C9ob7suWeZYPwv8GKFqD7PXO%2Fg%3D%3D
 </regLogImgNm>
 <empWantedTypeNm>
  정규직
 </empWantedTypeNm>
 <empWatedJobsNm></empWatedJobsNm>
 <empWatedCont></empWatedCont>
 <empSelfintroList>
  <empSelsListInfo>
   <selfintroQstCont></selfintroQstCont>
  </empSelsListInfo>
 </empSelfintroList>
 <empSelsList>
  <empSelsListInfo>
   <selsNm>
    서류전형
   </selsNm>
   <selsSchdCont></selsSchdCont>
   <selsCont></selsCont>
   <selsMemoCont></selsMemoCont>
  </empSelsListInfo>
  <empSelsListInfo>
   <selsNm>
    과제전형
   </selsNm>
   <selsSchdCont></selsSchdCont>
   <selsCont></selsCont>
   <selsMemoCont></selsMemoCont>
  </empSelsListInfo>
  <empSelsListInfo>
   <selsNm>
    면접
   </selsNm>
   <selsSchdCont></selsSchdCont>
   <selsCont></selsCont>
   <selsMemoCont></selsMemoCont>
  </empSelsListInfo>
  <empSelsListInfo>
   <selsNm>
    레퍼런스 체크
   </selsNm>
   <selsSchdCont></selsSchdCont>
   <selsCont></selsCont>
   <selsMemoCont></selsMemoCont>
  </empSelsListInfo>
  <empSelsListInfo>
   <selsNm>
    처우협의/최종합격
   </selsNm>
   <selsSchdCont></selsSchdCont>
   <selsCont></selsCont>
   <selsMemoCont></selsMemoCont>
  </empSelsListInfo>
  <empSelsListInfo>
   <selsNm>
    기타
   </selsNm>
   <selsSchdCont></selsSchdCont>
   <selsCont>
    - 채용절차에 관한 자세한 사항은 채용 홈페이지를 참조하시기 바랍니다. - 전형일정 및 결과는 지원서에 등록하신 이메일로 개별 안내드립니다.
   </selsCont>
   <selsMemoCont></selsMemoCont>
  </empSelsListInfo>
 </empSelsList>
 <empRecrList>
  <empRecrListInfo>
   <empRecrNm>
    글로벌 CS 플랫폼 및 LINE back-office 기획
   </empRecrNm>
   <jobCont>
    - LINE 내부 Back-office 시스템 기획/운영 업무 - 글로벌 CS 플랫폼 기획 및 개선과제 진행
   </jobCont>
   <empWantedCareerNm></empWantedCareerNm>
   <empWantedEduNm></empWantedEduNm>
   <sptCertEtc>
    - 국내외 서비스 Back-office 시스템 기획/운영 및 프로세스 설계 경험자 - 글로벌 CS 플랫폼 구축 경험 및 관련 지식 보유자 - 영어로 업무 진행이 가능한 자
   </sptCertEtc>
   <recrPsncnt></recrPsncnt>
   <empRecrMemoCont></empRecrMemoCont>
   <workRegionNm>
    경기 성남시 분당구
   </workRegionNm>
  </empRecrListInfo>
 </empRecrList>
 <empJobsList>
  <empJobsListInfo>
   <jobsCd>
    024
   </jobsCd>
   <jobsCdKorNm>
    소프트웨어
   </jobsCdKorNm>
  </empJobsListInfo>
 </empJobsList>
 <empnRecrSummaryCont></empnRecrSummaryCont>
 <recrCommCont>
  [근무국가] - 한국 ※ 국가 유공자 및 장애인 등 취업보호대상자는 관계법령에 따라 우대합니다.
 </recrCommCont>
 <empSubmitDocCont>
  [보훈 취업지원 대상 및 장애인 서류 제출 안내] 보훈 및 장애인 지원자에 해당되시는 경우, 입사지원시 [포트폴리오/이력서] 첨부 란에 반드시 관련 증명원을 발급하여 첨부 바랍니다. 1.보훈 지원자 : '보훈취업지원대상자 증명서' 발급하여 첨부 2.장애인 지원자 : '장애인증명서 또는 복지카드' 첨부
 </empSubmitDocCont>
 <empRcptMthdCont>
  - ~ 채용시까지 - 채용 홈페이지 온라인 입사지원
 </empRcptMthdCont>
 <empAcptPsnAnncCont></empAcptPsnAnncCont>
 <inqryCont>
  - 기타 채용 관련 문의사항은 채용 공고 페이지 상단 '채용문의' 또는 공지 사항을 참고하여 문의 부탁드립니다.
 </inqryCont>
 <empnEtcCont>
  - 본 공고는 수시 모집으로 채용완료 시 조기 마감될 수 있습니다. - 지원서 내용 중 허위사실이 있는 경우 합격이 취소될 수 있습니다.
 </empnEtcCont>
</dhsOpenEmpInfoDetailRoot>