<?xml version="1.0" encoding="UTF-8"?>
<dhsOpenEmpInfoDetailRoot>
 <empSeqno>
  37683
 </empSeqno>
 <empWantedTitle>
  연구소 직원 채용
 </empWantedTitle>
 <empBusiNm>
  싸토리우스코리아바이오텍
 </empBusiNm>
 <coClcdNm></coClcdNm>
 <empWantedStdt>
  20190325
 </empWantedStdt>
 <empWantedEndt>
  20190414
 </empWantedEndt>
 <empWantedHomepg>
  http://www.sartorius.co.kr
 </empWantedHomepg>
 <empWantedHomepgDetail>
  https://www.sartorius.co.kr/career/lists/?mod=document&amp;pageid=1&amp;uid=304
 </empWantedHomepgDetail>
 <empWantedMobileUrl></empWantedMobileUrl>
 <regLogImgNm>
  http://www.work.go.kr/framework/filedownload/getImage.do?filePathName=KuBCC2IodBkj%2Frlv8XuRilvT7FRgk0xUkLcRJoHEziwfKkuDu8AiJYFPGL1Ie2Jm7suWeZYPwv8GKFqD7PXO%2Fg%3D%3D
 </regLogImgNm>
 <empWantedTypeNm>
  정규직
 </empWantedTypeNm>
 <empWatedJobsNm></empWatedJobsNm>
 <empWatedCont></empWatedCont>
 <empSelfintroList>
  <empSelsListInfo>
   <selfintroQstCont></selfintroQstCont>
  </empSelsListInfo>
 </empSelfintroList>
 <empSelsList>
  <empSelsListInfo>
   <selsNm>
    서류전형
   </selsNm>
   <selsSchdCont></selsSchdCont>
   <selsCont></selsCont>
   <selsMemoCont></selsMemoCont>
  </empSelsListInfo>
  <empSelsListInfo>
   <selsNm>
    면접전형
   </selsNm>
   <selsSchdCont></selsSchdCont>
   <selsCont></selsCont>
   <selsMemoCont></selsMemoCont>
  </empSelsListInfo>
  <empSelsListInfo>
   <selsNm>
    채용
   </selsNm>
   <selsSchdCont></selsSchdCont>
   <selsCont></selsCont>
   <selsMemoCont></selsMemoCont>
  </empSelsListInfo>
  <empSelsListInfo>
   <selsNm>
    기타
   </selsNm>
   <selsSchdCont></selsSchdCont>
   <selsCont>
    서류심사 및 결과발표는 접수 종료 후 통상적으로 2주가 소요되며, 합격자에 한해 개별 연락 드립니다. (전화, 이메일)
   </selsCont>
   <selsMemoCont></selsMemoCont>
  </empSelsListInfo>
 </empSelsList>
 <empRecrList>
  <empRecrListInfo>
   <empRecrNm>
    품질관리 부문
   </empRecrNm>
   <jobCont>
    - 무균시험 및 바이오분석시험 - 제조환경관리 - 기기 및 설비관리, Validation 등 - 연구지원(프로젝트 관리 등)
   </jobCont>
   <empWantedCareerNm>
    경력|신입
   </empWantedCareerNm>
   <empWantedEduNm>
    대졸(2~3)|박사
   </empWantedEduNm>
   <sptCertEtc></sptCertEtc>
   <recrPsncnt>
    0
   </recrPsncnt>
   <empRecrMemoCont></empRecrMemoCont>
   <workRegionNm>
    경기 성남시 분당구
   </workRegionNm>
  </empRecrListInfo>
  <empRecrListInfo>
   <empRecrNm>
    세포주 개발 및 공정연구 부문
   </empRecrNm>
   <jobCont>
    - 세포주 개발 - 동물세포배양 및 정제공정
   </jobCont>
   <empWantedCareerNm>
    경력|신입
   </empWantedCareerNm>
   <empWantedEduNm>
    대졸(2~3)|박사
   </empWantedEduNm>
   <sptCertEtc></sptCertEtc>
   <recrPsncnt>
    0
   </recrPsncnt>
   <empRecrMemoCont></empRecrMemoCont>
   <workRegionNm>
    경기 성남시 분당구
   </workRegionNm>
  </empRecrListInfo>
 </empRecrList>
 <empJobsList>
  <empJobsListInfo>
   <jobsCd>
    122101
   </jobsCd>
   <jobsCdKorNm>
    생명과학 연구원
   </jobsCdKorNm>
  </empJobsListInfo>
 </empJobsList>
 <empnRecrSummaryCont></empnRecrSummaryCont>
 <recrCommCont>
  [근무조건] - 고용 형태: 정규직 - 급여: 회사 내규 및 경력에 따른 협의 가능 - 복리 후생: 4대보험, 주5일근무, 연차, 유류비 및 통신비 지원, 각종 경조금 및 경조휴가 제공, 사내 동호회 운영 등 - 근무지: 연구소(판교) / 경기도 성남시 분당구 대왕판교로
 </recrCommCont>
 <empSubmitDocCont>
  - 국문이력서/영문이력서/국문자기소개서를 하나의 MS-WORD 파일로 작성 (학사/석사 성적증명서 함께 첨부) - 이메일 제목양식: [입사지원] 연구소 ‘품질관리 또는 공정연구’ / 홍길동 ※ 자기소개서 등 필수서류 미제출자 및 상기 지원방법 미준수 지원자는 서류전형 제외 예정 ※ 이메일 제목에 ‘지원분야’ 반드시 명시(품질관리/공정연구 택1)
 </empSubmitDocCont>
 <empRcptMthdCont>
  - 지원서 이메일 접수 (recruit@sartorius.co.kr)
 </empRcptMthdCont>
 <empAcptPsnAnncCont></empAcptPsnAnncCont>
 <inqryCont>
  - 채용홈페이지 '온라인문의' 참조
 </inqryCont>
 <empnEtcCont>
  - 지원서 접수는 공고에 명시된 접수기간 마감 시 종료됩니다. - 지원자가 많을 경우, 결과 안내가 다소 지연될 수 있는 점 양해 바랍니다.
 </empnEtcCont>
</dhsOpenEmpInfoDetailRoot>