<?xml version="1.0" encoding="UTF-8"?>
<dhsOpenEmpInfoDetailRoot>
 <empSeqno>
  36827
 </empSeqno>
 <empWantedTitle>
  Security Solution 개발 경력직 모집
 </empWantedTitle>
 <empBusiNm>
  텔레칩스
 </empBusiNm>
 <coClcdNm></coClcdNm>
 <empWantedStdt>
  20190228
 </empWantedStdt>
 <empWantedEndt>
  20190428
 </empWantedEndt>
 <empWantedHomepg>
  http://www.telechips.com
 </empWantedHomepg>
 <empWantedHomepgDetail>
  https://careers.telechips.com/kor/jobs/notice_view.php?idx=24&amp;recruit_type=A&amp;recruit_leng=&amp;page=0&amp;list=0
 </empWantedHomepgDetail>
 <empWantedMobileUrl></empWantedMobileUrl>
 <regLogImgNm>
  http://www.work.go.kr/framework/filedownload/getImage.do?filePathName=KuBCC2IodBkj%2Frlv8XuRio1SYYNCW6QJeJHgljEqVwdfCBkpSrNhOOUURRm1eB6y7suWeZYPwv8GKFqD7PXO%2Fg%3D%3D
 </regLogImgNm>
 <empWantedTypeNm>
  정규직
 </empWantedTypeNm>
 <empWatedJobsNm></empWatedJobsNm>
 <empWatedCont></empWatedCont>
 <empSelfintroList>
  <empSelsListInfo>
   <selfintroQstCont></selfintroQstCont>
  </empSelsListInfo>
 </empSelfintroList>
 <empSelsList>
  <empSelsListInfo>
   <selsNm>
    서류전형
   </selsNm>
   <selsSchdCont></selsSchdCont>
   <selsCont></selsCont>
   <selsMemoCont></selsMemoCont>
  </empSelsListInfo>
  <empSelsListInfo>
   <selsNm>
    면접전형
   </selsNm>
   <selsSchdCont></selsSchdCont>
   <selsCont></selsCont>
   <selsMemoCont></selsMemoCont>
  </empSelsListInfo>
  <empSelsListInfo>
   <selsNm>
    채용검진
   </selsNm>
   <selsSchdCont></selsSchdCont>
   <selsCont></selsCont>
   <selsMemoCont></selsMemoCont>
  </empSelsListInfo>
  <empSelsListInfo>
   <selsNm>
    최종합격
   </selsNm>
   <selsSchdCont></selsSchdCont>
   <selsCont></selsCont>
   <selsMemoCont></selsMemoCont>
  </empSelsListInfo>
 </empSelsList>
 <empRecrList>
  <empRecrListInfo>
   <empRecrNm>
    Security Solution 개발
   </empRecrNm>
   <jobCont>
    - 방송 CAS/VOD DRM 솔루션 포팅 담당 - Security Solution 개발
   </jobCont>
   <empWantedCareerNm>
    경력
   </empWantedCareerNm>
   <empWantedEduNm></empWantedEduNm>
   <sptCertEtc>
    ▷ 영어 가능자 및 석사 학위 보유자 우대 ▷ 보훈대상자, 장애인의 경우 관련법에 의거하여 우대합니다.
   </sptCertEtc>
   <recrPsncnt></recrPsncnt>
   <empRecrMemoCont></empRecrMemoCont>
   <workRegionNm></workRegionNm>
  </empRecrListInfo>
 </empRecrList>
 <empJobsList>
  <empJobsListInfo>
   <jobsCd>
    02
   </jobsCd>
   <jobsCdKorNm>
    연구 및 공학기술
   </jobsCdKorNm>
  </empJobsListInfo>
 </empJobsList>
 <empnRecrSummaryCont></empnRecrSummaryCont>
 <recrCommCont>
  [직무소개] - Security팀은 Telechips SoC의 Security Solution을 개발 및 지원하는 곳이며, Telechips SoC는 자동차, 셋탑박스, IoT 기기에 사용되기에 Security Solution은 매우 중요합니다. ARM CPU 보안을 시작하여 사용자 제한 시스템(CAS), 컨텐츠 보호 시스템(DRM)등의 기술을 개발하고, ARM CPU부터 리눅스등의 커널, 상위 어플리케이션까지 다룰 수 있기 때문에 엔지니어로서 좋은 경험을 할 수 있는 곳입니다.
 </recrCommCont>
 <empSubmitDocCont>
  ▷ 이력서(자유양식) 1부 ▷ 자기소개서(자유양식) 1부 ▷ 프로젝트 수행내역서 1부 (연구소 지원자만 해당) ▷ 대학교(대학원) 전학년 성적증명서 1부(신입만 해당) ▷ 최종학교 졸업(예정)증명서 1부(신입만 해당) * 제출서류는 위 서류를 취합하여 1개 PDF 파일로 제출해 주십시오.
 </empSubmitDocCont>
 <empRcptMthdCont>
  ~ 채용시 까지 - 채용홈페이지 입사지원
 </empRcptMthdCont>
 <empAcptPsnAnncCont></empAcptPsnAnncCont>
 <inqryCont>
  - 채용홈페이지 '채용FAQ' 참조
 </inqryCont>
 <empnEtcCont></empnEtcCont>
</dhsOpenEmpInfoDetailRoot>