<?xml version="1.0" encoding="UTF-8"?>
<dhsOpenEmpInfoDetailRoot>
 <empSeqno>
  36755
 </empSeqno>
 <empWantedTitle>
  문막공장 물류서무 담당 채용
 </empWantedTitle>
 <empBusiNm>
  케이씨씨
 </empBusiNm>
 <coClcdNm>
  대기업
 </coClcdNm>
 <empWantedStdt>
  20190220
 </empWantedStdt>
 <empWantedEndt>
  20190420
 </empWantedEndt>
 <empWantedHomepg>
  http://www.kccworld.co.kr
 </empWantedHomepg>
 <empWantedHomepgDetail>
  http://recruit.kccworld.info/menu/menuDetail.do?lSeq=714
 </empWantedHomepgDetail>
 <empWantedMobileUrl></empWantedMobileUrl>
 <regLogImgNm>
  http://www.work.go.kr/framework/filedownload/getImage.do?filePathName=KuBCC2IodBkj%2Frlv8XuRim%2FJyijH9xZx3W%2FxNhvvXobcOwIBgET7gVakamfmZ1ms7suWeZYPwv8GKFqD7PXO%2Fg%3D%3D
 </regLogImgNm>
 <empWantedTypeNm>
  정규직
 </empWantedTypeNm>
 <empWatedJobsNm></empWatedJobsNm>
 <empWatedCont></empWatedCont>
 <empSelfintroList>
  <empSelsListInfo>
   <selfintroQstCont></selfintroQstCont>
  </empSelsListInfo>
 </empSelfintroList>
 <empSelsList>
  <empSelsListInfo>
   <selsNm>
    1차 서류전형
   </selsNm>
   <selsSchdCont></selsSchdCont>
   <selsCont></selsCont>
   <selsMemoCont></selsMemoCont>
  </empSelsListInfo>
  <empSelsListInfo>
   <selsNm>
    2차 면접전형, 신체 검사
   </selsNm>
   <selsSchdCont></selsSchdCont>
   <selsCont></selsCont>
   <selsMemoCont></selsMemoCont>
  </empSelsListInfo>
  <empSelsListInfo>
   <selsNm>
    ※기타
   </selsNm>
   <selsSchdCont></selsSchdCont>
   <selsCont>
    각 전형별 합격자에 한하여 개별통보
   </selsCont>
   <selsMemoCont></selsMemoCont>
  </empSelsListInfo>
 </empSelsList>
 <empRecrList>
  <empRecrListInfo>
   <empRecrNm>
    문막공장 물류서무
   </empRecrNm>
   <jobCont>
    1. 제품 및 원/부자재 관리 2. 기타 물류지원 업무
   </jobCont>
   <empWantedCareerNm></empWantedCareerNm>
   <empWantedEduNm>
    대졸(2~3)
   </empWantedEduNm>
   <sptCertEtc></sptCertEtc>
   <recrPsncnt></recrPsncnt>
   <empRecrMemoCont></empRecrMemoCont>
   <workRegionNm>
    강원 원주시
   </workRegionNm>
  </empRecrListInfo>
 </empRecrList>
 <empJobsList>
  <empJobsListInfo>
   <jobsCd>
    028308
   </jobsCd>
   <jobsCdKorNm>
    물류 사무원(물류 관리사)
   </jobsCdKorNm>
  </empJobsListInfo>
 </empJobsList>
 <empnRecrSummaryCont></empnRecrSummaryCont>
 <recrCommCont>
  [처우] ▶ 고용형태 : 정규직 (수습기간 별도) ▶ 연봉 : 당사 내규에 따름
 </recrCommCont>
 <empSubmitDocCont>
  - 면접합격자에 한하여 제출
 </empSubmitDocCont>
 <empRcptMthdCont>
  ※ ~ 채용시 - 온라인 접수 (채용페이지 공고 하단 입사지원버튼 클릭)
 </empRcptMthdCont>
 <empAcptPsnAnncCont></empAcptPsnAnncCont>
 <inqryCont>
  ▶ 인사팀 담당자 - 곽진섭 (02-3480-5137, jskwak4004@kccworld.co.kr)
 </inqryCont>
 <empnEtcCont></empnEtcCont>
</dhsOpenEmpInfoDetailRoot>