<?xml version="1.0" encoding="UTF-8"?>
<dhsOpenEmpInfoDetailRoot>
 <empSeqno>
  37277
 </empSeqno>
 <empWantedTitle>
  [BBQ] 캐릭터 및 액션 설계 기획자 모집
 </empWantedTitle>
 <empBusiNm>
  네오플
 </empBusiNm>
 <coClcdNm>
  대기업
 </coClcdNm>
 <empWantedStdt>
  20190313
 </empWantedStdt>
 <empWantedEndt>
  20190513
 </empWantedEndt>
 <empWantedHomepg>
  http://www.neople.co.kr
 </empWantedHomepg>
 <empWantedHomepgDetail>
  https://career.nexon.com/user/recruit/notice/noticeView?joinCorp=NO&amp;reNo=20190015
 </empWantedHomepgDetail>
 <empWantedMobileUrl></empWantedMobileUrl>
 <regLogImgNm>
  http://www.work.go.kr/framework/filedownload/getImage.do?filePathName=ZGI9%2BubbEcHpFsdRT26HvJbiuPVRQ9xobDJl6gW0v%2BCmkmGF3C5wdGXFAsYxbUKV
 </regLogImgNm>
 <empWantedTypeNm>
  정규직
 </empWantedTypeNm>
 <empWatedJobsNm></empWatedJobsNm>
 <empWatedCont></empWatedCont>
 <empSelfintroList>
  <empSelsListInfo>
   <selfintroQstCont></selfintroQstCont>
  </empSelsListInfo>
 </empSelfintroList>
 <empSelsList>
  <empSelsListInfo>
   <selsNm>
    서류심사
   </selsNm>
   <selsSchdCont></selsSchdCont>
   <selsCont></selsCont>
   <selsMemoCont></selsMemoCont>
  </empSelsListInfo>
  <empSelsListInfo>
   <selsNm>
    과제심사
   </selsNm>
   <selsSchdCont></selsSchdCont>
   <selsCont></selsCont>
   <selsMemoCont></selsMemoCont>
  </empSelsListInfo>
  <empSelsListInfo>
   <selsNm>
    면접
   </selsNm>
   <selsSchdCont></selsSchdCont>
   <selsCont></selsCont>
   <selsMemoCont></selsMemoCont>
  </empSelsListInfo>
  <empSelsListInfo>
   <selsNm>
    최종합격
   </selsNm>
   <selsSchdCont></selsSchdCont>
   <selsCont></selsCont>
   <selsMemoCont></selsMemoCont>
  </empSelsListInfo>
 </empSelsList>
 <empRecrList>
  <empRecrListInfo>
   <empRecrNm>
    게임컨텐츠 기획
   </empRecrNm>
   <jobCont>
    - BBQ 프로젝트의 캐릭터, 액션 설계 - 2D 던파 캐릭터를 3D로 재해석하는 작업 - BBQ만의 고유 캐릭터 클래스 설계 - 액션 구조 설계 - 전투 밸런스 작업
   </jobCont>
   <empWantedCareerNm>
    경력
   </empWantedCareerNm>
   <empWantedEduNm></empWantedEduNm>
   <sptCertEtc>
    - 대규모 프로젝트 유 경험자 - 던전앤파이터 플레이 경험자 - 액션 게임 열혈 유저
   </sptCertEtc>
   <recrPsncnt></recrPsncnt>
   <empRecrMemoCont></empRecrMemoCont>
   <workRegionNm></workRegionNm>
  </empRecrListInfo>
 </empRecrList>
 <empJobsList>
  <empJobsListInfo>
   <jobsCd>
    134101
   </jobsCd>
   <jobsCdKorNm>
    데이터 설계 및 프로그래머
   </jobsCdKorNm>
  </empJobsListInfo>
 </empJobsList>
 <empnRecrSummaryCont></empnRecrSummaryCont>
 <recrCommCont>
  - 직군/직렬: 게임기획 / 게임컨텐츠 기획 - 국가보훈대상자 및 장애인은 관련법규에 의거하여 우대합니다.
 </recrCommCont>
 <empSubmitDocCont>
  ※ 포트폴리오 첨부 필수 입니다.
 </empSubmitDocCont>
 <empRcptMthdCont>
  ~ 채용시 까지 - 채용홈페이지 입사지원
 </empRcptMthdCont>
 <empAcptPsnAnncCont></empAcptPsnAnncCont>
 <inqryCont>
  - 채용홈페이지 '채용문의' 참조
 </inqryCont>
 <empnEtcCont>
  - 서류 검토 기간은 최대 한달이며, 개별적으로 결과를 알려 드립니다. - 수시채용으로 진행 됨에 따라 채용시 조기마감될 수 있습니다.
 </empnEtcCont>
</dhsOpenEmpInfoDetailRoot>