<?xml version="1.0" encoding="UTF-8"?>
<dhsOpenEmpInfoDetailRoot>
 <empSeqno>
  37722
 </empSeqno>
 <empWantedTitle>
  2019 상반기 신입 채용 (R&amp;D, 경영지원, 기술)
 </empWantedTitle>
 <empBusiNm>
  한화정밀기계
 </empBusiNm>
 <coClcdNm>
  대기업
 </coClcdNm>
 <empWantedStdt>
  20190330
 </empWantedStdt>
 <empWantedEndt>
  20190414
 </empWantedEndt>
 <empWantedHomepg>
  http://www.hanwhaprecisionmachinery.co.kr
 </empWantedHomepg>
 <empWantedHomepgDetail>
  https://www.hanwhain.com/web/apply/notification/view.do?rtSeq=3463
 </empWantedHomepgDetail>
 <empWantedMobileUrl></empWantedMobileUrl>
 <regLogImgNm>
  http://www.work.go.kr/framework/filedownload/getImage.do?filePathName=KuBCC2IodBkj%2Frlv8XuRirubybOA6qFJvXf5Nw3zm%2FjGOKeESAyETPpuze%2FCvamT7suWeZYPwv8GKFqD7PXO%2Fg%3D%3D
 </regLogImgNm>
 <empWantedTypeNm>
  정규직
 </empWantedTypeNm>
 <empWatedJobsNm></empWatedJobsNm>
 <empWatedCont></empWatedCont>
 <empSelfintroList>
  <empSelsListInfo>
   <selfintroQstCont></selfintroQstCont>
  </empSelsListInfo>
 </empSelfintroList>
 <empSelsList>
  <empSelsListInfo>
   <selsNm>
    지원서작성
   </selsNm>
   <selsSchdCont></selsSchdCont>
   <selsCont></selsCont>
   <selsMemoCont></selsMemoCont>
  </empSelsListInfo>
  <empSelsListInfo>
   <selsNm>
    서류전형
   </selsNm>
   <selsSchdCont></selsSchdCont>
   <selsCont></selsCont>
   <selsMemoCont></selsMemoCont>
  </empSelsListInfo>
  <empSelsListInfo>
   <selsNm>
    1차면접
   </selsNm>
   <selsSchdCont></selsSchdCont>
   <selsCont></selsCont>
   <selsMemoCont></selsMemoCont>
  </empSelsListInfo>
  <empSelsListInfo>
   <selsNm>
    2차면접
   </selsNm>
   <selsSchdCont></selsSchdCont>
   <selsCont></selsCont>
   <selsMemoCont></selsMemoCont>
  </empSelsListInfo>
  <empSelsListInfo>
   <selsNm>
    채용검진
   </selsNm>
   <selsSchdCont></selsSchdCont>
   <selsCont></selsCont>
   <selsMemoCont></selsMemoCont>
  </empSelsListInfo>
  <empSelsListInfo>
   <selsNm>
    입사
   </selsNm>
   <selsSchdCont></selsSchdCont>
   <selsCont></selsCont>
   <selsMemoCont></selsMemoCont>
  </empSelsListInfo>
 </empSelsList>
 <empRecrList>
  <empRecrListInfo>
   <empRecrNm>
    R&amp;D(기구설계)
   </empRecrNm>
   <jobCont>
    - 관련전공: 기계공학 - 세부업무 : 칩마운터/반도체설비 기구설계 - 우대조건 : CAD 설계 경험자
   </jobCont>
   <empWantedCareerNm>
    신입
   </empWantedCareerNm>
   <empWantedEduNm>
    박사
   </empWantedEduNm>
   <sptCertEtc></sptCertEtc>
   <recrPsncnt>
    0
   </recrPsncnt>
   <empRecrMemoCont></empRecrMemoCont>
   <workRegionNm>
    경기 성남시 분당구
   </workRegionNm>
  </empRecrListInfo>
  <empRecrListInfo>
   <empRecrNm>
    R&amp;D(제어설계)
   </empRecrNm>
   <jobCont>
    - 관련전공 : 전기/전자/컴퓨터공학 - 세부업무 : 칩마운터/반도체설비 보드설계 및 펌웨어 개발 - 우대조건 : E-CAD 설계 경험자, C언어 경험자
   </jobCont>
   <empWantedCareerNm>
    신입
   </empWantedCareerNm>
   <empWantedEduNm>
    박사
   </empWantedEduNm>
   <sptCertEtc></sptCertEtc>
   <recrPsncnt>
    0
   </recrPsncnt>
   <empRecrMemoCont></empRecrMemoCont>
   <workRegionNm>
    경기 성남시 분당구
   </workRegionNm>
  </empRecrListInfo>
  <empRecrListInfo>
   <empRecrNm>
    R&amp;D(SW설계)
   </empRecrNm>
   <jobCont>
    - 관련전공 : 전자/컴퓨터/SW 공학 - 세부업무 : 칩마운터/반도체설비 SW설계 및 라인운영 SW 개발 - 우대조건 : C++, C#, DB(MS-SQL), TCP/IP통신, Web통신, Gerber 경험자
   </jobCont>
   <empWantedCareerNm>
    신입
   </empWantedCareerNm>
   <empWantedEduNm>
    박사
   </empWantedEduNm>
   <sptCertEtc></sptCertEtc>
   <recrPsncnt>
    0
   </recrPsncnt>
   <empRecrMemoCont></empRecrMemoCont>
   <workRegionNm>
    경기 성남시 분당구
   </workRegionNm>
  </empRecrListInfo>
  <empRecrListInfo>
   <empRecrNm>
    경영지원(경영관리)
   </empRecrNm>
   <jobCont>
    - 관련전공 : 상경계열 - 세부업무 : 사업/예산계획 수립 및 실적관리, 경영 실적 관리 - 우대조건 : 재무 관련 자격증 보유자
   </jobCont>
   <empWantedCareerNm>
    신입
   </empWantedCareerNm>
   <empWantedEduNm>
    박사
   </empWantedEduNm>
   <sptCertEtc></sptCertEtc>
   <recrPsncnt>
    0
   </recrPsncnt>
   <empRecrMemoCont></empRecrMemoCont>
   <workRegionNm>
    경기 성남시 분당구
   </workRegionNm>
  </empRecrListInfo>
  <empRecrListInfo>
   <empRecrNm>
    기술(생산기술)
   </empRecrNm>
   <jobCont>
    - 관련전공 : 기계/산업공학 - 세부업무 : 생산공정 설계, 치공구 및 원가절감 설계, 수주형 장비 개발 - 우대조건 : CREO(3D설계톨) 경험자, 기계가공/조립기사 및 기계관련 산업기사 자격증 보유자
   </jobCont>
   <empWantedCareerNm>
    신입
   </empWantedCareerNm>
   <empWantedEduNm>
    박사
   </empWantedEduNm>
   <sptCertEtc></sptCertEtc>
   <recrPsncnt>
    0
   </recrPsncnt>
   <empRecrMemoCont></empRecrMemoCont>
   <workRegionNm>
    경남 창원시
   </workRegionNm>
  </empRecrListInfo>
 </empRecrList>
 <empJobsList>
  <empJobsListInfo>
   <jobsCd>
    017
   </jobsCd>
   <jobsCdKorNm>
    경영지원 사무
   </jobsCdKorNm>
  </empJobsListInfo>
  <empJobsListInfo>
   <jobsCd>
    02
   </jobsCd>
   <jobsCdKorNm>
    연구 및 공학기술
   </jobsCdKorNm>
  </empJobsListInfo>
  <empJobsListInfo>
   <jobsCd>
    09
   </jobsCd>
   <jobsCdKorNm>
    설치·정비·생산-기계·금속·재료
   </jobsCdKorNm>
  </empJobsListInfo>
 </empJobsList>
 <empnRecrSummaryCont></empnRecrSummaryCont>
 <recrCommCont>
  - 등록장애인 및 국가보훈대상자는 관계법에 의거 우대합니다. [응시자격] - 정규 4년제 대학 학위 이상 소지자(2019년 8월 졸업예정자 포함) - 군필 또는 군면제자 - 영어회화 점수 보유자(OPIc IL 이상, 토익스피킹 lv.5 이상) - 해외여행에 결격사유가 없는 자
 </recrCommCont>
 <empSubmitDocCont>
  증빙서류는 서류합격자에 한해 면접전형 참석 시 제출 예정입니다.
 </empSubmitDocCont>
 <empRcptMthdCont>
  - 그룹 채용사이트 On-line 지원 (www.hanwhain.com) - 지원서는 그룹 채용사이트를 통해 접수하며, e-mail 및 오프라인을 통한 개별 접수는 받지 않습니다.
 </empRcptMthdCont>
 <empAcptPsnAnncCont></empAcptPsnAnncCont>
 <inqryCont>
  - 채용홈페이지 &gt;Apply &gt; FAQ 참조
 </inqryCont>
 <empnEtcCont>
  - 입사지원서 기재 내용에 허위가 있거나 제출서류가 허위로 판명될 경우 채용이 취소될 수 있습니다. - 각 전형결과 및 최종합격 통보는 그룹 채용사이트를 통해 확인하실 수 있으며, 서류전형 합격자 대상 면접전형에 대해 개별 연락 예정입니다.
 </empnEtcCont>
</dhsOpenEmpInfoDetailRoot>