<?xml version="1.0" encoding="UTF-8"?>
<dhsOpenEmpInfoDetailRoot>
 <empSeqno>
  36863
 </empSeqno>
 <empWantedTitle>
  변호사 모집
 </empWantedTitle>
 <empBusiNm>
  유안타증권
 </empBusiNm>
 <coClcdNm>
  대기업
 </coClcdNm>
 <empWantedStdt>
  20190228
 </empWantedStdt>
 <empWantedEndt>
  20190428
 </empWantedEndt>
 <empWantedHomepg>
  https://www.myasset.com
 </empWantedHomepg>
 <empWantedHomepgDetail>
  http://recruit.yuantakorea.com/jobinfo/jobinfo_view.asp?ID=1525
 </empWantedHomepgDetail>
 <empWantedMobileUrl></empWantedMobileUrl>
 <regLogImgNm>
  http://www.work.go.kr/framework/filedownload/getImage.do?filePathName=KuBCC2IodBkj%2Frlv8XuRiiLoTVuPeT0OKZb%2FAgNmJfL8UrqZfJAolkRG4iablMAI7suWeZYPwv8GKFqD7PXO%2Fg%3D%3D
 </regLogImgNm>
 <empWantedTypeNm>
  정규직전환형|기간제|기타
 </empWantedTypeNm>
 <empWatedJobsNm></empWatedJobsNm>
 <empWatedCont></empWatedCont>
 <empSelfintroList>
  <empSelsListInfo>
   <selfintroQstCont></selfintroQstCont>
  </empSelsListInfo>
 </empSelfintroList>
 <empSelsList>
  <empSelsListInfo>
   <selsNm>
    서류전형
   </selsNm>
   <selsSchdCont></selsSchdCont>
   <selsCont></selsCont>
   <selsMemoCont></selsMemoCont>
  </empSelsListInfo>
  <empSelsListInfo>
   <selsNm>
    1차면접
   </selsNm>
   <selsSchdCont></selsSchdCont>
   <selsCont></selsCont>
   <selsMemoCont></selsMemoCont>
  </empSelsListInfo>
  <empSelsListInfo>
   <selsNm>
    2차면접(임원)
   </selsNm>
   <selsSchdCont></selsSchdCont>
   <selsCont></selsCont>
   <selsMemoCont></selsMemoCont>
  </empSelsListInfo>
  <empSelsListInfo>
   <selsNm>
    신체검사
   </selsNm>
   <selsSchdCont></selsSchdCont>
   <selsCont></selsCont>
   <selsMemoCont></selsMemoCont>
  </empSelsListInfo>
  <empSelsListInfo>
   <selsNm>
    최종합격자발표
   </selsNm>
   <selsSchdCont></selsSchdCont>
   <selsCont></selsCont>
   <selsMemoCont></selsMemoCont>
  </empSelsListInfo>
  <empSelsListInfo>
   <selsNm>
    전형결과조회
   </selsNm>
   <selsSchdCont></selsSchdCont>
   <selsCont>
    당사 채용 홈페이지 (http://recruit.yuantakorea.com) 게시
   </selsCont>
   <selsMemoCont></selsMemoCont>
  </empSelsListInfo>
 </empSelsList>
 <empRecrList>
  <empRecrListInfo>
   <empRecrNm>
    변호사
   </empRecrNm>
   <jobCont>
    - 자본시장법, 상법 등 금융/회사 관련 법률 검토 - 소송 수행 및 관리 - Legal Compliance 관련 업무
   </jobCont>
   <empWantedCareerNm>
    경력
   </empWantedCareerNm>
   <empWantedEduNm>
    대졸(4)|박사
   </empWantedEduNm>
   <sptCertEtc>
    - 금융 관련 업무 경력자 - 소송 수행 경력자 - 영어 또는 중국어 능통자
   </sptCertEtc>
   <recrPsncnt>
    0
   </recrPsncnt>
   <empRecrMemoCont></empRecrMemoCont>
   <workRegionNm></workRegionNm>
  </empRecrListInfo>
 </empRecrList>
 <empJobsList>
  <empJobsListInfo>
   <jobsCd>
    221200
   </jobsCd>
   <jobsCdKorNm>
    변호사
   </jobsCdKorNm>
  </empJobsListInfo>
 </empJobsList>
 <empnRecrSummaryCont></empnRecrSummaryCont>
 <recrCommCont>
  - 국가보훈대상자 및 장애우는 관계 법령에 따라 우대합니다. ※ 계약기간 종료 후 정규직 전환 가능
 </recrCommCont>
 <empSubmitDocCont></empSubmitDocCont>
 <empRcptMthdCont>
  - ~ 채용시까지 - 당사 채용 홈페이지(http://recruit.yuantakorea.com) 온라인 접수 ※ 입사지원서 작성 시 희망연봉을 반드시 기재하여 주시기 바랍니다
 </empRcptMthdCont>
 <empAcptPsnAnncCont></empAcptPsnAnncCont>
 <inqryCont>
  기타 문의사항은 채용홈페이지 Q&amp;A 게시판을 이용하시기 바랍니다.
 </inqryCont>
 <empnEtcCont>
  - 기재누락 및 허위기재 적발 시 입사 후에도 채용이 취소될 수 있으니 유의하시기 바랍니다.
 </empnEtcCont>
</dhsOpenEmpInfoDetailRoot>