<?xml version="1.0" encoding="UTF-8"?>
<dhsOpenEmpInfoDetailRoot>
 <empSeqno>
  37424
 </empSeqno>
 <empWantedTitle>
  2019년 제1차 청년인턴(체험형) 채용 공고
 </empWantedTitle>
 <empBusiNm>
  선박안전기술공단
 </empBusiNm>
 <coClcdNm>
  공기업
 </coClcdNm>
 <empWantedStdt>
  20190318
 </empWantedStdt>
 <empWantedEndt>
  20190402
 </empWantedEndt>
 <empWantedHomepg>
  http://www.kst.or.kr
 </empWantedHomepg>
 <empWantedHomepgDetail>
  https://www.kst.or.kr/frt/boardView.do?strCurMenuId=668&amp;nTbBoardArticleSeq=600588320
 </empWantedHomepgDetail>
 <empWantedMobileUrl></empWantedMobileUrl>
 <regLogImgNm>
  http://www.work.go.kr/framework/filedownload/getImage.do?filePathName=KuBCC2IodBkj%2Frlv8XuRio7tN8%2FfS0w1%2BizSZ9MRlvIo8I8BD0bGit35%2BAQSh5dD7suWeZYPwv8GKFqD7PXO%2Fg%3D%3D
 </regLogImgNm>
 <empWantedTypeNm>
  기간제|기타
 </empWantedTypeNm>
 <empWatedJobsNm></empWatedJobsNm>
 <empWatedCont></empWatedCont>
 <attachFileList>
  <fileListInfo>
   <regFileUrl>
    http://www.work.go.kr/framework/filedownload/keisDownload.do?filePathName=ydWIN1A%2BKOBWJtl5zkQ5W5BUmIohf3I%2FbQHEXDA2XgagXIqAeM0n8JHA0pSITgrjVZ1sckhQJUIivUNNg8Q8wiEaFefJuxR4wNujiXidXfS6FvNdRITlyEe7%2BTpu9lUT&amp;realFileNm=7ISg67CV7JWI7KCE6riw7Iig6rO164uoLnppcA==
   </regFileUrl>
   <realFileNm>
    선박안전기술공단.zip
   </realFileNm>
  </fileListInfo>
 </attachFileList>
 <empSelfintroList>
  <empSelsListInfo>
   <selfintroQstCont></selfintroQstCont>
  </empSelsListInfo>
 </empSelfintroList>
 <empSelsList>
  <empSelsListInfo>
   <selsNm>
    서류전형
   </selsNm>
   <selsSchdCont>
    19. 4. 8.(월)~ 4. 11.(목)
   </selsSchdCont>
   <selsCont>
    합격자 발표 19. 4. 16.(화)
   </selsCont>
   <selsMemoCont></selsMemoCont>
  </empSelsListInfo>
  <empSelsListInfo>
   <selsNm>
    면접전형
   </selsNm>
   <selsSchdCont>
    19. 4. 23.(화)
   </selsSchdCont>
   <selsCont></selsCont>
   <selsMemoCont></selsMemoCont>
  </empSelsListInfo>
  <empSelsListInfo>
   <selsNm>
    최종합격자 발표
   </selsNm>
   <selsSchdCont>
    19. 4. 25.(목)
   </selsSchdCont>
   <selsCont></selsCont>
   <selsMemoCont></selsMemoCont>
  </empSelsListInfo>
  <empSelsListInfo>
   <selsNm>
    임용예정일
   </selsNm>
   <selsSchdCont>
    19. 5. 2.(목)
   </selsSchdCont>
   <selsCont></selsCont>
   <selsMemoCont></selsMemoCont>
  </empSelsListInfo>
  <empSelsListInfo>
   <selsNm>
    기타
   </selsNm>
   <selsSchdCont></selsSchdCont>
   <selsCont>
    상기 일정은 공단 사정에 따라 변경될 수 있음. / 상세내용 첨부파일 참조
   </selsCont>
   <selsMemoCont></selsMemoCont>
  </empSelsListInfo>
 </empSelsList>
 <empRecrList>
  <empRecrListInfo>
   <empRecrNm>
    청년인턴(체험형)
   </empRecrNm>
   <jobCont>
    - 행정/사무보조
   </jobCont>
   <empWantedCareerNm>
    인턴
   </empWantedCareerNm>
   <empWantedEduNm>
    고졸|박사
   </empWantedEduNm>
   <sptCertEtc>
    ※ 응시자격 공통사항 참조 ※ 기타 상세내용 첨부파일 및 채용홈페이지 참조
   </sptCertEtc>
   <recrPsncnt>
    20
   </recrPsncnt>
   <empRecrMemoCont></empRecrMemoCont>
   <workRegionNm></workRegionNm>
  </empRecrListInfo>
 </empRecrList>
 <empJobsList>
  <empJobsListInfo>
   <jobsCd>
    025500
   </jobsCd>
   <jobsCdKorNm>
    공공행정 사무원
   </jobsCdKorNm>
  </empJobsListInfo>
 </empJobsList>
 <empnRecrSummaryCont></empnRecrSummaryCont>
 <recrCommCont>
  [응시자격] 가. 응시연령 : 만 15세 이상 만 34세 이하(임용예정일 기준) * 청년고용촉진 특별법 시행령 제2조(청년의 나이) 나. 학력 : 고등학교 재학생 이상 * 단, 임용예정일로부터 바로 근무 가능해야함 다. 채용공고일 기준 취업자 및 취업이 결정된 자는 제외 * 채용공고기간(공고 시작일 포함) 당시 고용보험이 가입된 근로 계약(인턴 포함) 중에 있는자는 응시 자격 제외 * 우리 공단 체험형 인턴 경험이 없거나 2회 미만인 자만 응시 가능 라. 공단 인사관리규정 제10조에 의한 결격사유가 없는 자(첨부파일 참조) [근무조건] 가. 인턴유형 : 체험형 인턴(청년층에게 직장체험의 기회를 제공) * 계약기간 만료 후 고용관계가 소멸되는 기간제 근로자 나. 계약기간 : 2019년 5월 2일(목) ~ 2019년 9월 30일(월) 다. 급 여 : 월 1,750,000원 라. 근무시간 : 주 5일, 1일 8시간(09:00~18:00) 마. 복리후생 : 국민연금, 건강보험(장기요양보험 포함), 고용보험, 산재보험 가입 바. 근무지역(첨부파일 참조) ※ 우대조건 등 기타 상세내용 첨부파일 참조
 </recrCommCont>
 <empSubmitDocCont>
  [접수기간 중 제출] 가. 응시원서 및 자기소개서 1부(반드시 공고 상의 소정양식에 맞추어 작성) [서류심사 합격자에 한하여 면접심사시 제출] 나. 최종학력 졸업(예정)증명서 또는 재학증명서 사본 1부 다. 경력 증빙을 위한 고용보험가입증명서(해당자에 한함) 라. 자격증 또는 면허증 사본 1부(해당자에 한함) 마. 우대조건 관련 증빙서류 사본 각 1부(해당자에 한함) ※ 「나~마」의 경우, 서류합격자에 한하여 면접심사시 제출하며, 면접 이후 서류 일체를 반환* 요청 시 “채용서류 반환청구서”를 작성하여 E-mail(jhj7013@kst.or.kr)로 신청 * 채용서
 </empSubmitDocCont>
</dhsOpenEmpInfoDetailRoot>