<?xml version="1.0" encoding="UTF-8"?>
<dhsOpenEmpInfoDetailRoot>
 <empSeqno>
  37736
 </empSeqno>
 <empWantedTitle>
  (주)대구메트로환경 신입사원 모집 공고
 </empWantedTitle>
 <empBusiNm>
  대구메트로환경
 </empBusiNm>
 <coClcdNm></coClcdNm>
 <empWantedStdt>
  20190404
 </empWantedStdt>
 <empWantedEndt>
  20190410
 </empWantedEndt>
 <empWantedHomepg></empWantedHomepg>
 <empWantedHomepgDetail>
  http://www.dtro.or.kr/open_content_new/ko/sub_page/page.php?mnu_puid1=6&amp;mnu_uid=143&amp;regThid=74&amp;tag=view&amp;keyfield=&amp;keyword=&amp;page=1
 </empWantedHomepgDetail>
 <empWantedMobileUrl></empWantedMobileUrl>
 <regLogImgNm>
  http://www.work.go.kr/framework/filedownload/getImage.do?filePathName=tqyczLUvysXSEcOVhPgDCvQmE%2BHPBidOirTArICsZZJiCM9StHQ5yV8Kq35%2FAlhcfT5ZdgzpUztfB5rPfKNUG1DVT%2F8RGKdlenuiUatAb%2Fc%3D
 </regLogImgNm>
 <empWantedTypeNm>
  기타
 </empWantedTypeNm>
 <empWatedJobsNm></empWatedJobsNm>
 <empWatedCont></empWatedCont>
 <attachFileList>
  <fileListInfo>
   <regFileUrl>
    http://www.work.go.kr/framework/filedownload/keisDownload.do?filePathName=ydWIN1A%2BKOBWJtl5zkQ5W9GyJcxrnPmOnd8i1FWoPCarY0NZIxnQZKPvEI04UUABH5HybM9sMxbgapS34%2B0Oo5sGrH6YcFs4Hk5vTt2yLU8XpNt7qxjqUbWzJ7mgTD7l&amp;realFileNm=MjAxOeuFhCDsi6DsnoXsgqzsm5Ag6rO16rOgLnBkZg==
   </regFileUrl>
   <realFileNm>
    2019년 신입사원 공고.pdf
   </realFileNm>
  </fileListInfo>
 </attachFileList>
 <empSelfintroList>
  <empSelsListInfo>
   <selfintroQstCont></selfintroQstCont>
  </empSelsListInfo>
 </empSelfintroList>
 <empSelsList>
  <empSelsListInfo>
   <selsNm>
    원서접수
   </selsNm>
   <selsSchdCont>
    2019.4.4~4.10
   </selsSchdCont>
   <selsCont>
    방문접수 및 대리접수(대구 도시철도공사 본사 6층 자회사경영지원단)
   </selsCont>
   <selsMemoCont></selsMemoCont>
  </empSelsListInfo>
  <empSelsListInfo>
   <selsNm>
    서류심사
   </selsNm>
   <selsSchdCont>
    2019.4.16(화)
   </selsSchdCont>
   <selsCont>
    사무3~4급, 관리소장 지원자만 해당
   </selsCont>
   <selsMemoCont></selsMemoCont>
  </empSelsListInfo>
  <empSelsListInfo>
   <selsNm>
    필기시험
   </selsNm>
   <selsSchdCont>
    2019.4.21(일)
   </selsSchdCont>
   <selsCont>
    5급 지원자만 해당
   </selsCont>
   <selsMemoCont></selsMemoCont>
  </empSelsListInfo>
  <empSelsListInfo>
   <selsNm>
    체력검정
   </selsNm>
   <selsSchdCont>
    2019.4.24(수)
   </selsSchdCont>
   <selsCont>
    미화, 경비직 지원자만 해당
   </selsCont>
   <selsMemoCont></selsMemoCont>
  </empSelsListInfo>
  <empSelsListInfo>
   <selsNm>
    서류심사, 체력검정, 필기시험 합격자 발표
   </selsNm>
   <selsSchdCont>
    2019.4.29(월)
   </selsSchdCont>
   <selsCont>
    대구도시철공사 홈페이지 공고
   </selsCont>
   <selsMemoCont></selsMemoCont>
  </empSelsListInfo>
  <empSelsListInfo>
   <selsNm>
    면접
   </selsNm>
   <selsSchdCont>
    2019.5.8(수)
   </selsSchdCont>
   <selsCont>
    서류심사, 체력검정, 필기시험 합격자 해당 ※ 세부적인 일정은 개별 통보 , 최종합격자 발표 : 2019.5.14(화) , 대구 도시철도공사 홈페이지 공고
   </selsCont>
   <selsMemoCont></selsMemoCont>
  </empSelsListInfo>
 </empSelsList>
 <empRecrList>
  <empRecrListInfo>
   <empRecrNm>
    미화직
   </empRecrNm>
   <jobCont>
    - 도시철도 역사 전동차 차량기지사업소 등 청소관련 업무
   </jobCont>
   <empWantedCareerNm>
    신입
   </empWantedCareerNm>
   <empWantedEduNm></empWantedEduNm>
   <sptCertEtc></sptCertEtc>
   <recrPsncnt>
    6
   </recrPsncnt>
   <empRecrMemoCont></empRecrMemoCont>
   <workRegionNm></workRegionNm>
  </empRecrListInfo>
  <empRecrListInfo>
   <empRecrNm>
    경비직
   </empRecrNm>
   <jobCont>
    - 월배기지, 안심기지, 문양기지 등 경비관련 업무
   </jobCont>
   <empWantedCareerNm>
    신입
   </empWantedCareerNm>
   <empWantedEduNm></empWantedEduNm>
   <sptCertEtc></sptCertEtc>
   <recrPsncnt>
    1
   </recrPsncnt>
   <empRecrMemoCont></empRecrMemoCont>
   <workRegionNm></workRegionNm>
  </empRecrListInfo>
  <empRecrListInfo>
   <empRecrNm>
    현업관리소장
   </empRecrNm>
   <jobCont>
    - 현업 업무지도 및 감독(청소분야 근무경력 3년 이상 또는 도시철도 근무경력 7년 이상 ※ ‘청소분야’는 경력증명서 발급으로 청소업무 경력이 구체적으로 증명 가능한 경우
   </jobCont>
   <empWantedCareerNm>
    경력
   </empWantedCareerNm>
   <empWantedEduNm></empWantedEduNm>
   <sptCertEtc></sptCertEtc>
   <recrPsncnt>
    1
   </recrPsncnt>
   <empRecrMemoCont></empRecrMemoCont>
   <workRegionNm></workRegionNm>
  </empRecrListInfo>
  <empRecrListInfo>
   <empRecrNm>
    사무
   </empRecrNm>
   <jobCont>
    - 경영관리(기획, 총무, 회계 등), 업무지원(노무, 산업안전보건, 물품구매 등) - 사무 3급 : 3명(기획, 회계·세무, 노무, 감사경력 우대) - 사무 4급 : 1명(안전관리자), 1명(보건관리자) - 사무 5급 : 3명(산업안전 및 회계·세무자격증 소지자 우대)
   </jobCont>
   <empWantedCareerNm>
    경력|신입
   </empWantedCareerNm>
   <empWantedEduNm></empWantedEduNm>
   <sptCertEtc></sptCertEtc>
   <recrPsncnt>
    8
   </recrPsncnt>
   <empRecrMemoCont></empRecrMemoCont>
   <workRegionNm></workRegionNm>
  </empRecrListInfo>
 </empRecrList>
 <empJobsList>
  <empJobsListInfo>
   <selfintroQstCont></selfintroQstCont>
  </empJobsListInfo>
 </empJobsList>
 <empnRecrSummaryCont></empnRecrSummaryCont>
 <recrCommCont></recrCommCont>
 <empSubmitDocCont>
  - 대구도시철도공사 홈페이지에서 지원서 양식을 내려받아서 사용 - 입사지원서, 경험/경력 기술서, 개인정보의 수집·이용 동의서 - 1인 1분야만 응시가능하며, 원서 기재사항은 접수이후 수정 불가능
 </empSubmitDocCont>
 <empRcptMthdCont>
  - 접수처 : 대구도시철도공사 본사 6층(대구 달서구 월배로 250) - 직접 및 대리 방문접수(5일간, 토·일 제외)
 </empRcptMthdCont>
 <empAcptPsnAnncCont>
  2019.5.14(화)
 </empAcptPsnAnncCont>
 <inqryCont>
  - 기타 자세한 사항은 대구도시철도공사 홈페이지(htp:/www.dtro.or.kr) 또는 자회사 경영지원단으로 문의하시기 바랍니다. (☎ 053-640-312～315)
 </inqryCont>
 <empnEtcCont>
  - 자세한 사항은 홈페이지를 참고하시기 바랍니다.
 </empnEtcCont>
</dhsOpenEmpInfoDetailRoot>