<?xml version="1.0" encoding="UTF-8"?>
<dhsOpenEmpInfoDetailRoot>
 <empSeqno>
  37679
 </empSeqno>
 <empWantedTitle>
  2019년 상반기 경력직 채용
 </empWantedTitle>
 <empBusiNm>
  신한디에스
 </empBusiNm>
 <coClcdNm>
  중견기업
 </coClcdNm>
 <empWantedStdt>
  20190325
 </empWantedStdt>
 <empWantedEndt>
  20190408
 </empWantedEndt>
 <empWantedHomepg>
  https://www.shinhansys.co.kr
 </empWantedHomepg>
 <empWantedHomepgDetail>
  https://www.shinhansys.co.kr/bbsRecruitList.do#
 </empWantedHomepgDetail>
 <empWantedMobileUrl></empWantedMobileUrl>
 <regLogImgNm>
  http://www.work.go.kr/framework/filedownload/getImage.do?filePathName=KuBCC2IodBkj%2Frlv8XuRineDXKJXFPDlR7h%2BoP2qph7Bdp8I0OTzIfHNRrNZKKIj7suWeZYPwv8GKFqD7PXO%2Fg%3D%3D
 </regLogImgNm>
 <empWantedTypeNm>
  정규직
 </empWantedTypeNm>
 <empWatedJobsNm></empWatedJobsNm>
 <empWatedCont></empWatedCont>
 <empSelfintroList>
  <empSelsListInfo>
   <selfintroQstCont></selfintroQstCont>
  </empSelsListInfo>
 </empSelfintroList>
 <empSelsList>
  <empSelsListInfo>
   <selsNm>
    서류전형
   </selsNm>
   <selsSchdCont></selsSchdCont>
   <selsCont></selsCont>
   <selsMemoCont></selsMemoCont>
  </empSelsListInfo>
  <empSelsListInfo>
   <selsNm>
    인성검사(온라인)
   </selsNm>
   <selsSchdCont></selsSchdCont>
   <selsCont></selsCont>
   <selsMemoCont></selsMemoCont>
  </empSelsListInfo>
  <empSelsListInfo>
   <selsNm>
    실무진면접
   </selsNm>
   <selsSchdCont></selsSchdCont>
   <selsCont></selsCont>
   <selsMemoCont></selsMemoCont>
  </empSelsListInfo>
  <empSelsListInfo>
   <selsNm>
    경영진면접/채용검진
   </selsNm>
   <selsSchdCont></selsSchdCont>
   <selsCont></selsCont>
   <selsMemoCont></selsMemoCont>
  </empSelsListInfo>
  <empSelsListInfo>
   <selsNm>
    최종합격
   </selsNm>
   <selsSchdCont></selsSchdCont>
   <selsCont></selsCont>
   <selsMemoCont></selsMemoCont>
  </empSelsListInfo>
  <empSelsListInfo>
   <selsNm>
    ※기타
   </selsNm>
   <selsSchdCont></selsSchdCont>
   <selsCont>
    채용일정은 전형 사정에 따라 일부 변경 가능함, 각 전형별 합격자에 한해 개별통보 합니다.
   </selsCont>
   <selsMemoCont></selsMemoCont>
  </empSelsListInfo>
 </empSelsList>
 <empRecrList>
  <empRecrListInfo>
   <empRecrNm>
    블록체인 外
   </empRecrNm>
   <jobCont>
    [IT R&amp;D] - 블록체인 / AI / 빅데이터 [IT 공통] - 사업기획 / PM,PL [모바일] - Web / Server, iOS개발, Android 개발 [정보보호] - 정보보호 체계수립 / 시스템 취약점 진단 / 모의해킹 / 보안운영 [IT개발] - 은행업무 개발/운영, 은행업무 개발/운영(제주), 카드업무개발/운영, 보험업무 개발/운영, 캐피탈 여신업무 개발/운영, 인사시스템(e-HR) 개발/운영, 그룹 공통업무 개발/운영 [IT인프라] - 인프라R&amp;D / 시스템 / 네트워크 [경영관리] - 관리회계
   </jobCont>
   <empWantedCareerNm>
    경력
   </empWantedCareerNm>
   <empWantedEduNm></empWantedEduNm>
   <sptCertEtc>
    ※ 모집부문별 자세한 내용은 공고문 확인 바랍니다.
   </sptCertEtc>
   <recrPsncnt></recrPsncnt>
   <empRecrMemoCont></empRecrMemoCont>
   <workRegionNm></workRegionNm>
  </empRecrListInfo>
 </empRecrList>
 <empJobsList>
  <empJobsListInfo>
   <jobsCd>
    01
   </jobsCd>
   <jobsCdKorNm>
    경영·사무·금융·보험
   </jobsCdKorNm>
  </empJobsListInfo>
  <empJobsListInfo>
   <jobsCd>
    02
   </jobsCd>
   <jobsCdKorNm>
    연구 및 공학기술
   </jobsCdKorNm>
  </empJobsListInfo>
  <empJobsListInfo>
   <jobsCd>
    026
   </jobsCd>
   <jobsCdKorNm>
    정보 보안 및 통신·방송 송출
   </jobsCdKorNm>
  </empJobsListInfo>
 </empJobsList>
 <empnRecrSummaryCont></empnRecrSummaryCont>
 <recrCommCont></recrCommCont>
 <empSubmitDocCont></empSubmitDocCont>
 <empRcptMthdCont>
  - 채용 홈페이지 온라인 접수("입사지원 바로가기" 클릭)
 </empRcptMthdCont>
 <empAcptPsnAnncCont></empAcptPsnAnncCont>
 <inqryCont>
  - TEL : 02-2010-1272 / 1289
 </inqryCont>
 <empnEtcCont>
  - 입사지원서 기재내용이 허위로 판명될 경우 채용 취소합니다. - 서류접수 마지막 날에는 지원자 증가로 인해 시스템 접속이 어려울 수 있습니다. 사전등록을 부탁드립니다. - 국가보훈대상자/장애인은 채용 時 가점을 부여합니다.
 </empnEtcCont>
</dhsOpenEmpInfoDetailRoot>