<?xml version="1.0" encoding="UTF-8"?>
<dhsOpenEmpInfoDetailRoot>
 <empSeqno>
  36912
 </empSeqno>
 <empWantedTitle>
  재무 정산 담당자 모집
 </empWantedTitle>
 <empBusiNm>
  넷마블
 </empBusiNm>
 <coClcdNm>
  중견기업
 </coClcdNm>
 <empWantedStdt>
  20190304
 </empWantedStdt>
 <empWantedEndt>
  20190504
 </empWantedEndt>
 <empWantedHomepg>
  http://www.netmarble.com
 </empWantedHomepg>
 <empWantedHomepgDetail>
  https://company.netmarble.com/rem/www/notice.jsp?anno_id=1529252&amp;annotype=all
 </empWantedHomepgDetail>
 <empWantedMobileUrl></empWantedMobileUrl>
 <regLogImgNm>
  http://www.work.go.kr/framework/filedownload/getImage.do?filePathName=KuBCC2IodBkj%2Frlv8XuRinwzgLAM2A8RrQ5kkeEpm6s5MYTvTTufOJd6fdIXzJ6V7suWeZYPwv8GKFqD7PXO%2Fg%3D%3D
 </regLogImgNm>
 <empWantedTypeNm>
  정규직
 </empWantedTypeNm>
 <empWatedJobsNm></empWatedJobsNm>
 <empWatedCont></empWatedCont>
 <empSelfintroList>
  <empSelsListInfo>
   <selfintroQstCont></selfintroQstCont>
  </empSelsListInfo>
 </empSelfintroList>
 <empSelsList>
  <empSelsListInfo>
   <selsNm>
    서류전형
   </selsNm>
   <selsSchdCont></selsSchdCont>
   <selsCont>
    서류합격자 분들을 대상으로 개별 면접을 진행합니다.
   </selsCont>
   <selsMemoCont></selsMemoCont>
  </empSelsListInfo>
  <empSelsListInfo>
   <selsNm>
    실무면접
   </selsNm>
   <selsSchdCont></selsSchdCont>
   <selsCont></selsCont>
   <selsMemoCont></selsMemoCont>
  </empSelsListInfo>
  <empSelsListInfo>
   <selsNm>
    인성검사
   </selsNm>
   <selsSchdCont></selsSchdCont>
   <selsCont></selsCont>
   <selsMemoCont></selsMemoCont>
  </empSelsListInfo>
  <empSelsListInfo>
   <selsNm>
    임원면접
   </selsNm>
   <selsSchdCont></selsSchdCont>
   <selsCont></selsCont>
   <selsMemoCont></selsMemoCont>
  </empSelsListInfo>
  <empSelsListInfo>
   <selsNm>
    합격발표
   </selsNm>
   <selsSchdCont></selsSchdCont>
   <selsCont></selsCont>
   <selsMemoCont></selsMemoCont>
  </empSelsListInfo>
 </empSelsList>
 <empRecrList>
  <empRecrListInfo>
   <empRecrNm>
    재무(정산)
   </empRecrNm>
   <jobCont>
    - 비용정산(사업부 지출비용, 경비, 법인카드 등) - 시스템 활용, 비용 관련 데이터 관리 등 - 기타 정산에 부수된 업무 진행
   </jobCont>
   <empWantedCareerNm>
    경력
   </empWantedCareerNm>
   <empWantedEduNm></empWantedEduNm>
   <sptCertEtc></sptCertEtc>
   <recrPsncnt></recrPsncnt>
   <empRecrMemoCont></empRecrMemoCont>
   <workRegionNm></workRegionNm>
  </empRecrListInfo>
 </empRecrList>
 <empJobsList>
  <empJobsListInfo>
   <jobsCd>
    027101
   </jobsCd>
   <jobsCdKorNm>
    재무 사무원
   </jobsCdKorNm>
  </empJobsListInfo>
 </empJobsList>
 <empnRecrSummaryCont></empnRecrSummaryCont>
 <recrCommCont>
  - 고용형태 : 정규직(업무지원직)
 </recrCommCont>
 <empSubmitDocCont></empSubmitDocCont>
 <empRcptMthdCont>
  - 채용페이지 온라인 입사지원
 </empRcptMthdCont>
 <empAcptPsnAnncCont></empAcptPsnAnncCont>
 <inqryCont>
  - 채용홈페이지 &gt; 인재채용 &gt; 채용문의 참조
 </inqryCont>
 <empnEtcCont>
  * 허위기재 사실이 발견될 시에는 불합격 또는 입사가 취소될 수 있습니다. * 추후 입사 시 당사의 기술과 업무 매뉴얼을 바탕으로 업무를 하게 되므로, 당사는 타 회사의 영업비밀을 필요로 하지 않습니다. * 필요한 경우, 합법적인 방법과 절차를 통해 취득하여 사용합니다. * 입사지원자께서는 전 직장의 영업비밀을 침해하는 일이 없도록 각별히 유의하여 주시기 바라며, 침해 및 관련 분쟁 발생시 본인의 책임으로 당사를 면책하여야 함을 주지하여 주시기 바랍니다.
 </empnEtcCont>
</dhsOpenEmpInfoDetailRoot>