<?xml version="1.0" encoding="UTF-8"?>
<dhsOpenEmpInfoDetailRoot>
 <empSeqno>
  37431
 </empSeqno>
 <empWantedTitle>
  2019년 상반기 신입채용 : R&amp;D
 </empWantedTitle>
 <empBusiNm>
  한화케미칼
 </empBusiNm>
 <coClcdNm>
  대기업
 </coClcdNm>
 <empWantedStdt>
  20190318
 </empWantedStdt>
 <empWantedEndt>
  20190405
 </empWantedEndt>
 <empWantedHomepg>
  http://hcc.hanwha.co.kr
 </empWantedHomepg>
 <empWantedHomepgDetail>
  https://www.hanwhain.com/web/apply/notification/view.do?rtSeq=3456
 </empWantedHomepgDetail>
 <empWantedMobileUrl></empWantedMobileUrl>
 <regLogImgNm>
  http://www.work.go.kr/framework/filedownload/getImage.do?filePathName=ZGI9%2BubbEcHpFsdRT26HvAN3OthAHF8N9YGLv2%2BltPJ469Ll%2BP0SZ3GfuFhN8Ehk
 </regLogImgNm>
 <empWantedTypeNm>
  정규직
 </empWantedTypeNm>
 <empWatedJobsNm></empWatedJobsNm>
 <empWatedCont></empWatedCont>
 <attachFileList>
  <fileListInfo>
   <regFileUrl>
    http://www.work.go.kr/framework/filedownload/keisDownload.do?filePathName=ydWIN1A%2BKOBWJtl5zkQ5W5BUmIohf3I%2FbQHEXDA2XgZIJUZZmgneAZlYd2ZFlN3xzBw91fF4Sugrew77pzDN0iMhwZthanhP6sQ55IGofppGpsKSPvA7jFZ2NfrwIWE%2F&amp;realFileNm=67O07Jyg6riw7IigTGlzdC54bHN4
   </regFileUrl>
   <realFileNm>
    보유기술List.xlsx
   </realFileNm>
  </fileListInfo>
 </attachFileList>
 <empSelfintroList>
  <empSelsListInfo>
   <selfintroQstCont></selfintroQstCont>
  </empSelsListInfo>
 </empSelfintroList>
 <empSelsList>
  <empSelsListInfo>
   <selsNm>
    서류전형
   </selsNm>
   <selsSchdCont></selsSchdCont>
   <selsCont></selsCont>
   <selsMemoCont></selsMemoCont>
  </empSelsListInfo>
  <empSelsListInfo>
   <selsNm>
    1/2차 통합면접(인성면접, 직무면접)
   </selsNm>
   <selsSchdCont></selsSchdCont>
   <selsCont>
    1,2차 면접을 하루에 통합으로 진행합니다
   </selsCont>
   <selsMemoCont></selsMemoCont>
  </empSelsListInfo>
  <empSelsListInfo>
   <selsNm>
    최종면접, 채용검진
   </selsNm>
   <selsSchdCont></selsSchdCont>
   <selsCont></selsCont>
   <selsMemoCont></selsMemoCont>
  </empSelsListInfo>
  <empSelsListInfo>
   <selsNm>
    최종합격 및 입사
   </selsNm>
   <selsSchdCont></selsSchdCont>
   <selsCont></selsCont>
   <selsMemoCont></selsMemoCont>
  </empSelsListInfo>
  <empSelsListInfo>
   <selsNm>
    ※기타
   </selsNm>
   <selsSchdCont>
    전형 기간 : 4~6월 중 (2019년 7월 입사)
   </selsSchdCont>
   <selsCont>
    인적성검사(HAT)는 시행하지 않습니다. 결과 통보: 한화인 홈페이지, 이메일, 문자
   </selsCont>
   <selsMemoCont></selsMemoCont>
  </empSelsListInfo>
 </empSelsList>
 <empRecrList>
  <empRecrListInfo>
   <empRecrNm>
    [R&amp;D] 제품연구
   </empRecrNm>
   <jobCont>
    •석유화학 기반의 신제품 및 고부가가치 제품 개발 수행, 석유화학 관련 다양한 분석 및 분석연구 수행 (폴리올레핀계 제품, PVC 중합 및 특화제품 및 촉매 관련 연구, 고분자분석, 유/무기분석, 촉매분석 등)
   </jobCont>
   <empWantedCareerNm>
    신입
   </empWantedCareerNm>
   <empWantedEduNm>
    석사|박사
   </empWantedEduNm>
   <sptCertEtc>
    •유기화학, 유기합성, 폴리머 합성 및 분석 전공 •합성, 중합 및 촉매 관련 연구 경험 •유체역학 및 열역학, 고분자 Compound/Composite 관련 연구 경험 •NMR 전공 또는 기기분석 유경험, 고분자구조 및 열분석, 기기분석 전공
   </sptCertEtc>
   <recrPsncnt></recrPsncnt>
   <empRecrMemoCont></empRecrMemoCont>
   <workRegionNm>
    경기,대전
   </workRegionNm>
  </empRecrListInfo>
  <empRecrListInfo>
   <empRecrNm>
    [R&amp;D] 공정연구
   </empRecrNm>
   <jobCont>
    •기존 석유화학 공정의 개선 및 신공정 개발 •연구 과제의 상업화 공정 설계 및 기술 지원
   </jobCont>
   <empWantedCareerNm>
    신입
   </empWantedCareerNm>
   <empWantedEduNm>
    석사|박사
   </empWantedEduNm>
   <sptCertEtc>
    •유기합성, 촉매, 분리정제, 반응공학, 공정설계 전공 •반응기 관련 연구 경험, 합성 및 촉매 연구 경험 •수치해석 프로그램, CFD 및 공정시뮬레이션 프로그램 사용 경험
   </sptCertEtc>
   <recrPsncnt></recrPsncnt>
   <empRecrMemoCont></empRecrMemoCont>
   <workRegionNm>
    경기,대전
   </workRegionNm>
  </empRecrListInfo>
 </empRecrList>
 <empJobsList>
  <empJobsListInfo>
   <jobsCd>
    02
   </jobsCd>
   <jobsCdKorNm>
    연구 및 공학기술
   </jobsCdKorNm>
  </empJobsListInfo>
 </empJobsList>
 <empnRecrSummaryCont></empnRecrSummaryCont>
 <recrCommCont>
  [응시자격] • 군필 또는 군면제자 • 해외여행에 결격 사유가 없는 자 • 4년제 대학교 석사 학위 이상 소지자(&amp;apos;19년 8월 졸업예정자/기졸업자 포함) ※ 국가보훈대상자(취업보호대상자 증명서 제출) 및 장애인은 관련법규에 의거 처우 [모집인원] - 00명
 </recrCommCont>
 <empSubmitDocCont>
  ※ 기타 서류는 면접 전형시 별도로 안내해드리겠습니다.
 </empSubmitDocCont>
 <empRcptMthdCont>
  • 인터넷(www.hanwhain.com)으로만 접수 ※ 마감 시간 즈음 서버 폭주가 예상되오니 안전하게 전일 사전 접수 완료하시길 추천 드립니다. 서버 에러를 포함한 어떤 이유로도 마감 시간이 지나면 접수 받지 않음을 사전 공지 합니다. ※ 지원서 접수 전, 반드시 상세직무 소개를 참고하시어 희망 직무를 선택해 주시기 바랍니다.
 </empRcptMthdCont>
 <empAcptPsnAnncCont></empAcptPsnAnncCont>
 <inqryCont>
  - 기타 자세한 사항은 한화인에 1:1 문의 또는 이메일로 문의 바랍니다. - 중앙연구소 채용담당 rndrecruit@hanwha.com / 042)865-6431
 </inqryCont>
 <empnEtcCont>
  • 입사지원서는 본인이 직접 정확하게 입력해야 하며, 차후 입력사항이 허위로 판명될 경우에는 입사(합격)를 취소합니다. • 입사지원서 작성 시 본인 사진 제출(업로드)은 필수 사항이 아닙니다.
 </empnEtcCont>
</dhsOpenEmpInfoDetailRoot>