<?xml version="1.0" encoding="UTF-8"?>
<dhsOpenEmpInfoDetailRoot>
 <empSeqno>
  37520
 </empSeqno>
 <empWantedTitle>
  경력직(정규직) 직원 공개 모집
 </empWantedTitle>
 <empBusiNm>
  한국철도공사
 </empBusiNm>
 <coClcdNm>
  공기업
 </coClcdNm>
 <empWantedStdt>
  20190401
 </empWantedStdt>
 <empWantedEndt>
  20190403
 </empWantedEndt>
 <empWantedHomepg>
  http://www.korail.go.kr
 </empWantedHomepg>
 <empWantedHomepgDetail>
  http://info.korail.com/mbs/www/jsp/board/view.jsp?spage=1&amp;boardId=9863175&amp;boardSeq=14778735&amp;mcategoryId=&amp;id=www_011201000000
 </empWantedHomepgDetail>
 <empWantedMobileUrl></empWantedMobileUrl>
 <regLogImgNm>
  http://www.work.go.kr/framework/filedownload/getImage.do?filePathName=ZGI9%2BubbEcHpFsdRT26HvB0OnowoKQCowEqs3GR2GGf1TPayHu%2BH30Xke1u9QpZg
 </regLogImgNm>
 <empWantedTypeNm>
  정규직
 </empWantedTypeNm>
 <empWatedJobsNm></empWatedJobsNm>
 <empWatedCont></empWatedCont>
 <attachFileList>
  <fileListInfo>
   <regFileUrl>
    http://www.work.go.kr/framework/filedownload/keisDownload.do?filePathName=ydWIN1A%2BKOBWJtl5zkQ5WwDuw9Hpn%2F5n9vcM7n4HKqr6nN3zVVeyXLL6%2BH4mxaRJ20dDeZPuXQ4vNMH7ffsYF245QWjyQvR8HL75Crhz0Va6FvNdRITlyEe7%2BTpu9lUT&amp;realFileNm=6rK966Cl7KeBW+ygleq3nOyngV0g7KeB7JuQIOqzteqwnCDrqqjsp5Euemlw
   </regFileUrl>
   <realFileNm>
    경력직[정규직] 직원 공개 모집.zip
   </realFileNm>
  </fileListInfo>
 </attachFileList>
 <empSelfintroList>
  <empSelsListInfo>
   <selfintroQstCont></selfintroQstCont>
  </empSelsListInfo>
 </empSelfintroList>
 <empSelsList>
  <empSelsListInfo>
   <selsNm>
    지원서접수/서류심사
   </selsNm>
   <selsSchdCont></selsSchdCont>
   <selsCont></selsCont>
   <selsMemoCont></selsMemoCont>
  </empSelsListInfo>
  <empSelsListInfo>
   <selsNm>
    면접심사
   </selsNm>
   <selsSchdCont></selsSchdCont>
   <selsCont></selsCont>
   <selsMemoCont></selsMemoCont>
  </empSelsListInfo>
  <empSelsListInfo>
   <selsNm>
    최종선발
   </selsNm>
   <selsSchdCont></selsSchdCont>
   <selsCont></selsCont>
   <selsMemoCont></selsMemoCont>
  </empSelsListInfo>
  <empSelsListInfo>
   <selsNm>
    수습 후 임용
   </selsNm>
   <selsSchdCont></selsSchdCont>
   <selsCont></selsCont>
   <selsMemoCont></selsMemoCont>
  </empSelsListInfo>
  <empSelsListInfo>
   <selsNm>
    ※기타
   </selsNm>
   <selsSchdCont></selsSchdCont>
   <selsCont>
    ㅇ 앞 단계 합격자에 한하여 다음 단계 응시자격 부여 ㅇ 앱 설계 및 개발분야는 면접심사 시 안드로이드 앱 개발 실기시험 병행 ㅇ 최종합격자는 철도적성검사(사무영업, 건축, 차량) 시행 * [붙임2] 참조 ※ 임용일까지 적성검사(2회까지 부여) 합격자에 한하여 임용
   </selsCont>
   <selsMemoCont></selsMemoCont>
  </empSelsListInfo>
  <empSelsListInfo>
   <selsNm>
    ※기타
   </selsNm>
   <selsSchdCont></selsSchdCont>
   <selsCont>
    ㅇ 최종합격자는 신체검사(사무영업 : 철도안전법에 철도분야 채용신체검사, 건축․차량 : 공무원채용신체검사 준용) 개별 시행 * [붙임3] 참조 ※ 절차 상세내용은 &amp;apos;전형절차별 세부사항 안내&amp;apos; 첨부파일 참고 바랍니다.
   </selsCont>
   <selsMemoCont></selsMemoCont>
  </empSelsListInfo>
 </empSelsList>
 <empRecrList>
  <empRecrListInfo>
   <empRecrNm>
    앱 설계 및 개발(사무영업 5급)
   </empRecrNm>
   <jobCont>
    ❍ 앱 설계 및 개발(안드로이드)
   </jobCont>
   <empWantedCareerNm>
    경력
   </empWantedCareerNm>
   <empWantedEduNm>
    대졸(4)|석사
   </empWantedEduNm>
   <sptCertEtc></sptCertEtc>
   <recrPsncnt>
    1
   </recrPsncnt>
   <empRecrMemoCont></empRecrMemoCont>
   <workRegionNm>
    대전
   </workRegionNm>
  </empRecrListInfo>
  <empRecrListInfo>
   <empRecrNm>
    부동산 및 역세권 개발 실무(건축 4급)
   </empRecrNm>
   <jobCont>
    ❍ 부동산 개발사업 계획 수립 ❍ 역세권개발 계획(건축) 수립 ❍ 사업 인허가 절차 수행 ❍ 건축설계(도면, 디자인 등), 시공 ❍ 프로젝트 사업성 분석
   </jobCont>
   <empWantedCareerNm>
    경력
   </empWantedCareerNm>
   <empWantedEduNm>
    대졸(4)|석사
   </empWantedEduNm>
   <sptCertEtc></sptCertEtc>
   <recrPsncnt>
    1
   </recrPsncnt>
   <empRecrMemoCont></empRecrMemoCont>
   <workRegionNm>
    대전,서울
   </workRegionNm>
  </empRecrListInfo>
  <empRecrListInfo>
   <empRecrNm>
    부동산 및 역세권 개발 실무(건축5급)
   </empRecrNm>
   <jobCont>
    ❍ 부동산 개발사업 계획 수립 ❍ 역세권개발 계획(건축) 수립 ❍ 사업 인허가 절차 수행 ❍ 건축설계(도면, 디자인 등), 시공 ❍ 프로젝트 사업성 분석
   </jobCont>
   <empWantedCareerNm>
    경력
   </empWantedCareerNm>
   <empWantedEduNm>
    대졸(4)|석사
   </empWantedEduNm>
   <sptCertEtc></sptCertEtc>
   <recrPsncnt>
    2
   </recrPsncnt>
   <empRecrMemoCont></empRecrMemoCont>
   <workRegionNm>
    대전,서울
   </workRegionNm>
  </empRecrListInfo>
  <empRecrListInfo>
   <empRecrNm>
    역세권 개발(도시계획) 실무(사무영업4급)
   </empRecrNm>
   <jobCont>
    ❍ 역세권개발 계획(도시계획) 수립 ❍ 사업 인허가 절차 수행 ❍ 프로젝트 사업성 분석
   </jobCont>
   <empWantedCareerNm>
    경력
   </empWantedCareerNm>
   <empWantedEduNm>
    대졸(4)|석사
   </empWantedEduNm>
   <sptCertEtc></sptCertEtc>
   <recrPsncnt>
    1
   </recrPsncnt>
   <empRecrMemoCont></empRecrMemoCont>
   <workRegionNm>
    대전,서울
   </workRegionNm>
  </empRecrListInfo>
  <empRecrListInfo>
   <empRecrNm>
    차량 전기회로 설계(차량 4급)
   </empRecrNm>
   <jobCont>
    ❍ 철도차량 전기회로 설계 업무 ❍ 설계 및 운영단계의 철도차량 전기회로 해석 및 검증 업무
   </jobCont>
   <empWantedCareerNm>
    경력
   </empWantedCareerNm>
   <empWantedEduNm>
    대졸(4)|석사|박사
   </empWantedEduNm>
   <sptCertEtc></sptCertEtc>
   <recrPsncnt>
    1
   </recrPsncnt>
   <empRecrMemoCont></empRecrMemoCont>
   <workRegionNm>
    대전
   </workRegionNm>
  </empRecrListInfo>
  <empRecrListInfo>
   <empRecrNm>
    신뢰성 관리(차량 4급)
   </empRecrNm>
   <jobCont>
    ❍ 신뢰성 분석 검증관련 업무 ❍ RAMS 관련 요구사항 도출 및 검증 업무
   </jobCont>
   <empWantedCareerNm>
    경력
   </empWantedCareerNm>
   <empWantedEduNm>
    대졸(4)|석사|박사
   </empWantedEduNm>
   <sptCertEtc></sptCertEtc>
   <recrPsncnt>
    1
   </recrPsncnt>
   <empRecrMemoCont></empRecrMemoCont>
   <workRegionNm>
    대전
   </workRegionNm>
  </empRecrListInfo>
 </empRecrList>
 <empJobsList>
  <empJobsListInfo>
   <jobsCd>
    01
   </jobsCd>
   <jobsCdKorNm>
    경영·사무·금융·보험
   </jobsCdKorNm>
  </empJobsListInfo>
  <empJobsListInfo>
   <jobsCd>
    02
   </jobsCd>
   <jobsCdKorNm>
    연구 및 공학기술
   </jobsCdKorNm>
  </empJobsListInfo>
 </empJobsList>
 <empnRecrSummaryCont></empnRecrSummaryCont>
 <recrCommCont>
  [근무 및 보수조건] ㅇ 정규직으로 정년은 만 60세임 ㅇ (근무 및 보수조건) 공사 사규(취업규칙 및 인사규정, 보수규정 등)에 따름 ※ 홈페이지(열린경영-코레일사규)에 상시 공개 ※ 경력은 군경력 포함 최대 10호봉 내 인정(경력인정 기준은 보수규정 참고) [자격요건] ㅇ 지원자격 - 공사 인사규정 제16조의 결격사유에 해당되지 않는자 【붙임1】 - 대한민국 국적 소유자로 해외여행 및 근무에 결격사유가 없는자 - 성별․거주지 제한 없음 * 다만, 연령은 공사 취업규칙에 따라 공고일 기준 만18세 미만자와 공사 정년(60세) 초과자는 지원할 수 없음 - 공고일 기준 병역필 또는 면제자 [실무수습] ㅇ 수습기간 : 2019. 5. 31.(금) ~ 2019. 7. 30.(화) / 2개월 ㅇ 보수 및 복지 : 정규직과 동일 ㅇ 근무형태 및 업무 : 일근 / 담당업무 실무수습 * 우대사항 : 관계법령에 의한 취업지원대상자(서류심사 한정) ** 어느 하나의 조건 충족 시 지원 가능 ※ 공모분야별 경쟁, 부동산 및 역세권 개발 실무는 직급별 경쟁임
 </recrCommCont>
 <empSubmitDocCont>
  ※ 다음의 제출서류인 ②~⑦은 작성 후 다음 순서로 PDF파일로 업로드 (파일명 : 성명_②추진실적, 성명_③직무수행계획, 성명_④학력증명, 성명_⑤경력증명, 성명_⑥자격증, 성명_⑦가점증명서) ⇒ 해당부문별로 하여 학교명(직인 및 마크 포함), 사진, 성별, 연령 등 모두 블라인드 처리 후 1개의 PDF파일로 작업하여 업로드해야 함 ① 입사지원서 【붙임4】 ☞ 온라인으로 작성 ② 주요 활동 및 경력 등 추진실적 (A4용지 5매 이내) 【붙임5】 ③ 직무수행계획서 (A4용지 5매 이내) 【붙임6】 ④ 최종학력증명서 또는 학위증 사본 1부 ⑤ 경력증명서(재직증명서 포함) 각 1부, 건강보험 자격득실확인서 1부(경력증명서 상 회사 및 기간 확인용) [반드시 경력증명서와 건강 보험확인서를 함께 제출] * 경력증명서를 국민연금가입증명서로 대체하는 것은 불가 ⑥ 입사지원서에 기재한 자격증 사본 일체 * 부동산 및 역세권개발 실무 분야는 자격요건 상의 자격증을 입사지원서에 반드시 기재 ⑦「국가유공자등예우및지원에관한 법률」에 따른 취업지원대상자 증명서 * 평가점수에 5점 또는 10점 가산(서류심사 한정) ※ 응시자격 요건 상 학력, 자격증 및 경력기간을 반드시 확인하시고 이를 증빙할 수 있는 학력증명서, 자격증과 경력증명서를 제출하여야 합니다. ※ 온라인 지원에 따른 첨부서류의 내용 확인이 불가능 할 경우에는 지원자에게 불이익이 발생할 수 있으니, 첨부된 서류를 반드시 확인하여 주시기 바랍니다.
 </empSubmitDocCont>
 <empRcptMthdCont>
  ※ 접수 마감일(시간)에는 접속자가 폭주하여 원활한 접수가 이루어지지 않을 수 있으니 마감일(시간) 이전에 여유 있게 지원하시고 접수결과를 반드시 확인하시기 바랍니다. ○ 온라인 접수(방문 및 우편접수 불가) - 코레일 홈페이지( www.korail.com ) 경력직(정규직) 채용 모집공고 메뉴 ⇒ ‘코레일 입사지원서’ 작성
 </empRcptMthdCont>
 <empAcptPsnAnncCont></empAcptPsnAnncCont>
 <inqryCont>
  ㅇ 기타 궁금하신 사항은 담당자에게 문의하여 주시기 바랍니다. - 채용절차 문의 : 042-615-3707 (인사운영처) - 앱 개발 업무 문의 : 042-615-5676 (스마트철도사업단) - 부동산 및 역세권개발 업무 문의 : 042-615-4205 (사업개발본부) - 차량 전기회로 설계 및 신뢰성 업무 문의 : 042-615-4655(연구원)
 </inqryCont>
 <empnEtcCont>
  ㅇ 이번 공개모집에 최종 합격한 응시자는 한국철도공사 수습사원 근로계약을 체결하여야 하며, 실무수습 종합평가에서 성적이 저조하거나 직원으로서 자질이 부적합 한 경우 직권으로 면직 될 수 있습니다. ㅇ 실무수습은 경력직(정규직) 수습과정 운영계획에 따라 근무예정 소속에 배치되어 진행됩니다. ㅇ 채용일로부터 5년간 전보제한을 받습니다. (단, 연구원은 10년) ㅇ 제출된 서류는 소정의 절차를 통해 반환가능하며, 제출된 서류에 허위사실이 발견 시 합격을 취소하고, 민․형사 상 손해배상 및 관련기관 통보 등 그로 인한 법적조치를 할 계획입니다. ㅇ 응시자 및 각 단계별 합격자는 한국철도공사 홈페이지를 통해 공고되는 내용을 정확히 숙지하여야 하며, 이를 준수하지 않아 발생하는 불이익에 대하여는 한국철도공사에서 책임을 지지 않습니다. ㅇ 공사경영 환경변화 또는 적격자가 없을 경우 채용하지 않을 수 있습니다. ㅇ 최종합격자가 임용을 포기하거나 임용결격사유가 있어 임용이 불가능할 때에는 차순위자를 임용예정자로 추가선정 할 수 있습니다. ㅇ 채용시험 불합격자로 시험에 대한 이의가 있는 경우【붙임7】양식에 작성하여 kointern011@korail.com으로 제출바랍니다. - 문의에 대한 사항은 답변하지 않습니다. ㅇ 블라인드 채용 가이드라인을 준수하여 편견요인에 대한 개인정보는 심사위원에게 제공되지 않습니다. ※ 채용비리 신고센터를 상시적으로 운영하고 있사오니, 국민신문고 또는 국민권익위 홈페이지, 공공기관 채용비리 신고센터를 통해 신고 바랍니다. ※ '채용 청탁 금지안내'에 대한 내용은 공고문 확인 바랍니다.
 </empnEtcCont>
</dhsOpenEmpInfoDetailRoot>