<?xml version="1.0" encoding="UTF-8"?>
<dhsOpenEmpInfoDetailRoot>
 <empSeqno>
  37658
 </empSeqno>
 <empWantedTitle>
  2019년 제 49기 공개채용
 </empWantedTitle>
 <empBusiNm>
  서한
 </empBusiNm>
 <coClcdNm></coClcdNm>
 <empWantedStdt>
  20190325
 </empWantedStdt>
 <empWantedEndt>
  20190407
 </empWantedEndt>
 <empWantedHomepg>
  http://www.seo-han.co.kr
 </empWantedHomepg>
 <empWantedHomepgDetail>
  https://www.seo-han.co.kr/pr/careers-notice.php?mode=view&amp;idx=1974&amp;board_id=careers-notice&amp;page=1&amp;search_type=&amp;search_word=&amp;category=
 </empWantedHomepgDetail>
 <empWantedMobileUrl></empWantedMobileUrl>
 <regLogImgNm>
  http://www.work.go.kr/framework/filedownload/getImage.do?filePathName=KuBCC2IodBkj%2Frlv8XuRisnIWNJn7jgyOUrRgdV%2F2%2F3lPd7ZIwRIJSRsguipSoCI7suWeZYPwv8GKFqD7PXO%2Fg%3D%3D
 </regLogImgNm>
 <empWantedTypeNm>
  정규직
 </empWantedTypeNm>
 <empWatedJobsNm></empWatedJobsNm>
 <empWatedCont></empWatedCont>
 <empSelfintroList>
  <empSelsListInfo>
   <selfintroQstCont>
    •성장과정 (제한 없음)
   </selfintroQstCont>
  </empSelsListInfo>
  <empSelsListInfo>
   <selfintroQstCont>
    •성격 및 생활신조 (제한 없음)
   </selfintroQstCont>
  </empSelsListInfo>
  <empSelsListInfo>
   <selfintroQstCont>
    •지원동기 (제한 없음)
   </selfintroQstCont>
  </empSelsListInfo>
  <empSelsListInfo>
   <selfintroQstCont>
    •희망업무 및 장래포부 (제한 없음)
   </selfintroQstCont>
  </empSelsListInfo>
  <empSelsListInfo>
   <selfintroQstCont>
    •경력 세부기술 (제한 없음)
   </selfintroQstCont>
  </empSelsListInfo>
 </empSelfintroList>
 <empSelsList>
  <empSelsListInfo>
   <selsNm>
    서류전형
   </selsNm>
   <selsSchdCont></selsSchdCont>
   <selsCont></selsCont>
   <selsMemoCont></selsMemoCont>
  </empSelsListInfo>
  <empSelsListInfo>
   <selsNm>
    면접전형
   </selsNm>
   <selsSchdCont></selsSchdCont>
   <selsCont></selsCont>
   <selsMemoCont></selsMemoCont>
  </empSelsListInfo>
  <empSelsListInfo>
   <selsNm>
    신체검사
   </selsNm>
   <selsSchdCont></selsSchdCont>
   <selsCont></selsCont>
   <selsMemoCont></selsMemoCont>
  </empSelsListInfo>
  <empSelsListInfo>
   <selsNm>
    최종합격
   </selsNm>
   <selsSchdCont></selsSchdCont>
   <selsCont></selsCont>
   <selsMemoCont></selsMemoCont>
  </empSelsListInfo>
  <empSelsListInfo>
   <selsNm>
    기타
   </selsNm>
   <selsSchdCont></selsSchdCont>
   <selsCont>
    ※서류전형 합격자는 공고 마감일로부터 2주일 내 전화 통보 예정
   </selsCont>
   <selsMemoCont></selsMemoCont>
  </empSelsListInfo>
 </empSelsList>
 <empRecrList>
  <empRecrListInfo>
   <empRecrNm>
    [기술직] 건축 / 기계 / A/S관리
   </empRecrNm>
   <jobCont>
    - 관련학과 졸업자 또는 동등 학력 - 1,2군 건설사 경력 3년 이상
   </jobCont>
   <empWantedCareerNm>
    경력
   </empWantedCareerNm>
   <empWantedEduNm></empWantedEduNm>
   <sptCertEtc></sptCertEtc>
   <recrPsncnt></recrPsncnt>
   <empRecrMemoCont></empRecrMemoCont>
   <workRegionNm>
    지역무관
   </workRegionNm>
  </empRecrListInfo>
  <empRecrListInfo>
   <empRecrNm>
    [기슬직] 건축/전기
   </empRecrNm>
   <jobCont>
    - 4년제 대학교 또는 동등 학력 이상, 관련 학과 졸업자 및 졸업예정자
   </jobCont>
   <empWantedCareerNm>
    신입
   </empWantedCareerNm>
   <empWantedEduNm>
    박사
   </empWantedEduNm>
   <sptCertEtc></sptCertEtc>
   <recrPsncnt></recrPsncnt>
   <empRecrMemoCont></empRecrMemoCont>
   <workRegionNm>
    지역무관
   </workRegionNm>
  </empRecrListInfo>
  <empRecrListInfo>
   <empRecrNm>
    [관리직] 영업/재무/전산(IT)
   </empRecrNm>
   <jobCont>
    - 관련학과 졸업자 또는 동등 학력 보유자 - 관련업무 경력 3년 이상
   </jobCont>
   <empWantedCareerNm>
    경력
   </empWantedCareerNm>
   <empWantedEduNm></empWantedEduNm>
   <sptCertEtc></sptCertEtc>
   <recrPsncnt></recrPsncnt>
   <empRecrMemoCont></empRecrMemoCont>
   <workRegionNm>
    지역무관
   </workRegionNm>
  </empRecrListInfo>
  <empRecrListInfo>
   <empRecrNm>
    [관리직] 영업
   </empRecrNm>
   <jobCont>
    - 4년제 대학교 또는 동등 학력 이상 관련학과 또는 법정 및 상경계열 졸업자 및 졸업예정자
   </jobCont>
   <empWantedCareerNm>
    신입
   </empWantedCareerNm>
   <empWantedEduNm>
    박사
   </empWantedEduNm>
   <sptCertEtc></sptCertEtc>
   <recrPsncnt></recrPsncnt>
   <empRecrMemoCont></empRecrMemoCont>
   <workRegionNm>
    지역무관
   </workRegionNm>
  </empRecrListInfo>
 </empRecrList>
 <empJobsList>
  <empJobsListInfo>
   <jobsCd>
    027101
   </jobsCd>
   <jobsCdKorNm>
    재무 사무원
   </jobsCdKorNm>
  </empJobsListInfo>
  <empJobsListInfo>
   <jobsCd>
    140203
   </jobsCd>
   <jobsCdKorNm>
    건축시공 기술자(건축견적, 공무포함)
   </jobsCdKorNm>
  </empJobsListInfo>
  <empJobsListInfo>
   <jobsCd>
    153101
   </jobsCd>
   <jobsCdKorNm>
    전기기기·제품 개발 기술자 및 연구원
   </jobsCdKorNm>
  </empJobsListInfo>
 </empJobsList>
 <empnRecrSummaryCont></empnRecrSummaryCont>
 <recrCommCont>
  - 모집인원: 00명 - 장애인, 국가보훈 대상자는 관계법령에 의거 우대합니다. [공통자격요건] - 名 분야별 자격요건을 충족하는 자 - 병역필 또는 면제자로 해외근무에 결격사유가 없는 자 [근무환경] - 대졸 신입 연봉 3,700만원(성과금 별도) - 경조사 지원(휴가, 경조금) 및 상조회 운영 - 임직원 전용 복지몰 운영 - 우수사원 해외연수 - 자녀 학자금 지원 - 현장직원 교통비 지원 - 직원 상해보험 가입지원
 </recrCommCont>
 <empSubmitDocCont></empSubmitDocCont>
 <empRcptMthdCont>
  - 채용홈페이
 </empRcptMthdCont>
</dhsOpenEmpInfoDetailRoot>