<?xml version="1.0" encoding="UTF-8"?>
<dhsOpenEmpInfoDetailRoot>
 <empSeqno>
  37435
 </empSeqno>
 <empWantedTitle>
  2019년 상반기 신입채용 : Engineer, 영업, 재경, 구매
 </empWantedTitle>
 <empBusiNm>
  한화케미칼
 </empBusiNm>
 <coClcdNm>
  대기업
 </coClcdNm>
 <empWantedStdt>
  20190318
 </empWantedStdt>
 <empWantedEndt>
  20190405
 </empWantedEndt>
 <empWantedHomepg>
  http://hcc.hanwha.co.kr
 </empWantedHomepg>
 <empWantedHomepgDetail>
  https://www.hanwhain.com/web/apply/notification/view.do?rtSeq=3455
 </empWantedHomepgDetail>
 <empWantedMobileUrl></empWantedMobileUrl>
 <regLogImgNm>
  http://www.work.go.kr/framework/filedownload/getImage.do?filePathName=ZGI9%2BubbEcHpFsdRT26HvAN3OthAHF8N9YGLv2%2BltPJ469Ll%2BP0SZ3GfuFhN8Ehk
 </regLogImgNm>
 <empWantedTypeNm>
  정규직
 </empWantedTypeNm>
 <empWatedJobsNm></empWatedJobsNm>
 <empWatedCont></empWatedCont>
 <empSelfintroList>
  <empSelsListInfo>
   <selfintroQstCont></selfintroQstCont>
  </empSelsListInfo>
 </empSelfintroList>
 <empSelsList>
  <empSelsListInfo>
   <selsNm>
    서류전형
   </selsNm>
   <selsSchdCont></selsSchdCont>
   <selsCont></selsCont>
   <selsMemoCont></selsMemoCont>
  </empSelsListInfo>
  <empSelsListInfo>
   <selsNm>
    1/2차 통합면접(인성면접, 직무면접)
   </selsNm>
   <selsSchdCont></selsSchdCont>
   <selsCont>
    1,2차 면접을 하루에 통합으로 진행합니다
   </selsCont>
   <selsMemoCont></selsMemoCont>
  </empSelsListInfo>
  <empSelsListInfo>
   <selsNm>
    최종면접, 채용검진
   </selsNm>
   <selsSchdCont></selsSchdCont>
   <selsCont></selsCont>
   <selsMemoCont></selsMemoCont>
  </empSelsListInfo>
  <empSelsListInfo>
   <selsNm>
    최종합격 및 입사
   </selsNm>
   <selsSchdCont></selsSchdCont>
   <selsCont></selsCont>
   <selsMemoCont></selsMemoCont>
  </empSelsListInfo>
  <empSelsListInfo>
   <selsNm>
    ※기타
   </selsNm>
   <selsSchdCont>
    전형 기간 : 4~6월 중 (2019년 7월 입사)
   </selsSchdCont>
   <selsCont>
    인적성검사(HAT)는 시행하지 않습니다. 결과 통보: 한화인 홈페이지, 이메일, 문자
   </selsCont>
   <selsMemoCont></selsMemoCont>
  </empSelsListInfo>
 </empSelsList>
 <empRecrList>
  <empRecrListInfo>
   <empRecrNm>
    생산관리 Engineer
   </empRecrNm>
   <jobCont>
    • 생산 및 제조원가 관리 • 제품 생산성 및 효율 향상(원부원료 투입량 및 원단위 관리) • 제품 개선 및 개발, 공정 개선(자산화, 공정 변경 관리, 안전 자료 작성 및 제정 업무) • 연간 계획(표준 원단위 예산, 생산 계획) 수립
   </jobCont>
   <empWantedCareerNm>
    신입
   </empWantedCareerNm>
   <empWantedEduNm>
    대졸(4)|석사|박사
   </empWantedEduNm>
   <sptCertEtc>
    • 유기화학, 열역학, 화공양론, 단위조작, 반응공학, 공정제어, 설계 등 전공과목 이수 • 화공기사 등 화공 분야 자격증, 위험물산업기사 자격증 소지 • 프로그램을 활용한 공정모사 가능 • 현장 업무 경험
   </sptCertEtc>
   <recrPsncnt>
    0
   </recrPsncnt>
   <empRecrMemoCont></empRecrMemoCont>
   <workRegionNm>
    울산,전남 여수시
   </workRegionNm>
  </empRecrListInfo>
  <empRecrListInfo>
   <empRecrNm>
    생산지원(계전) Engineer
   </empRecrNm>
   <jobCont>
    • 계기/전기 설비의 정비계획 수립 및 수행 • 설비 유지관리, 예지보전(Predictive Maintenance) 기술 검토 및 도입 • 최적의 설비 사양 적용을 위한 기술적인 타당성 검토 등의 업무 수행
   </jobCont>
   <empWantedCareerNm>
    신입
   </empWantedCareerNm>
   <empWantedEduNm>
    대졸(4)|석사|박사
   </empWantedEduNm>
   <sptCertEtc>
    • 회로이론, 논리회로, 전자회로, 전자기학, 신호 및 시스템, 제어공학, 전력공학 등 전공과목 이수자 우대 • 전기기사, 전기공사기사 등 전기 분야 자격증 소지자 우대
   </sptCertEtc>
   <recrPsncnt>
    0
   </recrPsncnt>
   <empRecrMemoCont></empRecrMemoCont>
   <workRegionNm>
    전남 여수시
   </workRegionNm>
  </empRecrListInfo>
  <empRecrListInfo>
   <empRecrNm>
    생산지원(정비) Engineer
   </empRecrNm>
   <jobCont>
    • 회전기계 및 고정장치에 대한 정비 계획 수립 • 설비의 설치, 검사 및 보수를 위한 설비 유지관리 업무 수행 • 공정 설비의 가동률을 향상시키고, 안정적인 생산 활동을 지원
   </jobCont>
   <empWantedCareerNm>
    신입
   </empWantedCareerNm>
   <empWantedEduNm>
    대졸(4)|석사|박사
   </empWantedEduNm>
   <sptCertEtc>
    • 재료(고체) 역학, 열역학, 유체역학, 기계(요소)설계, 기계공작(법)등 전공과목 이수 • 건설 Project 수행, 설계 프로그램 활용, 유사 공장 근무 경력
   </sptCertEtc>
   <recrPsncnt>
    0
   </recrPsncnt>
   <empRecrMemoCont></empRecrMemoCont>
   <workRegionNm>
    울산
   </workRegionNm>
  </empRecrListInfo>
  <empRecrListInfo>
   <empRecrNm>
    생산지원(환경안전) Engineer
   </empRecrNm>
   <jobCont>
    • 사업장 환경안전보건 관리, 환경안전보건 전략 및 실행계획 수립 • 국내외 환경안전보건 및 기후변화 동향/정책 파악 • 대내외 관련기관 관리, 정부정책 대응 등 업무 수행
   </jobCont>
   <empWantedCareerNm>
    신입
   </empWantedCareerNm>
   <empWantedEduNm>
    대졸(4)|석사|박사
   </empWantedEduNm>
   <sptCertEtc>
    • 대기 및 수질환경기사, 가스기사 등 환경안전 분야 자격증 소지자 • 환경안전 업무 경험자 우대
   </sptCertEtc>
   <recrPsncnt>
    0
   </recrPsncnt>
   <empRecrMemoCont></empRecrMemoCont>
   <workRegionNm>
    전남 여수시
   </workRegionNm>
  </empRecrListInfo>
  <empRecrListInfo>
   <empRecrNm>
    영업
   </empRecrNm>
   <jobCont>
    •국내외 시장 조사, 시장 변화와 경쟁사 동향에 따른 판매전략 및 운영계획 수립 •PE, PVC, CA, TDI, 폴리실리콘 등 판매업무 및 판촉활동, 채권관리, 고객 실태조사와 신용조사 •거래처 관리(안정적인 물품 공급을 통한 신뢰 유지) 및 신규 고객 개발 •고객사 신용도 조사(재무제표), 수금 및 부실채권 예방/회수 •해외 판촉활동, 출하 및 선적관리, 사후 관리 •안정적인 수출 및 수급 관리, 신규시장 개발을 통한 수출 포트폴리오 관리 •정기 출장 및 세미나 참석 등을 통한 해외지사 및 거래선 관리, 신규 고객 개발 •시황 및 시장정보 분석을 통한 적극적인 시장 전략 수립
   </jobCont>
   <empWantedCareerNm>
    신입
   </empWantedCareerNm>
   <empWantedEduNm>
    대졸(4)|석사|박사
   </empWantedEduNm>
   <sptCertEtc>
    •사업/벤처/1인기업/기업협력/영업 등의 현장 업무 경험
   </sptCertEtc>
   <recrPsncnt>
    0
   </recrPsncnt>
   <empRecrMemoCont></empRecrMemoCont>
   <workRegionNm>
    서울
   </workRegionNm>
  </empRecrListInfo>
  <empRecrListInfo>
   <empRecrNm>
    재경
   </empRecrNm>
   <jobCont>
    • 별도/연결 결산업무를 통한 경영정보 제공, 재무제표 분석/작성을 통한 재무 Risk관리, 세무 업무(법인세, 원천세 및 부가세 등) 수행 • 예적금, 차입금 관리 등 자금 운영, 금융자산 등 유동성 관련 시재 관리, 회사채 발행 등 자금조달, 신용등급 관리 및 자본시장 IR 업무 수행 • 국내외 직/간접 시장 외화 자금조달, 외화 예적금/ 차입금 관리 등 외화자금 운영, F/X 및 환리스크 관리, 해외 프로젝트/해외 자회사 자금조달 및 금융 지원, 수출입 금융 지원, 해외 신용등급 관리 업무 수행
   </jobCont>
   <empWantedCareerNm>
    신입
   </empWantedCareerNm>
   <empWantedEduNm>
    대졸(4)|석사|박사
   </empWantedEduNm>
   <sptCertEtc>
    •CPA, AICPA, 세무사, CFA2,3급, IFRS, FRM 자격증 소지
   </sptCertEtc>
   <recrPsncnt>
    0
   </recrPsncnt>
   <empRecrMemoCont></empRecrMemoCont>
   <workRegionNm>
    서울
   </workRegionNm>
  </empRecrListInfo>
  <empRecrListInfo>
   <empRecrNm>
    구매
   </empRecrNm>
   <jobCont>
    • 설비 자재, 프로젝트 계약 등 모든 유형자산에 대한 구매 업무 • 제품 생산에 필요한 원, 부자재 구매 • 상품 운반 관련 물류 업무 및 해외 수입 자재에 대한 무역 업무 등
   </jobCont>
   <empWantedCareerNm>
    신입
   </empWantedCareerNm>
   <empWantedEduNm>
    대졸(4)|석사|박사
   </empWantedEduNm>
   <sptCertEtc>
    • 무역 실무지식, 외국어 능력
   </sptCertEtc>
   <recrPsncnt>
    0
   </recrPsncnt>
   <empRecrMemoCont></empRecrMemoCont>
   <workRegionNm>
    서울
   </workRegionNm>
  </empRecrListInfo>
 </empRecrList>
 <empJobsList>
  <empJobsListInfo>
   <jobsCd>
    01
   </jobsCd>
   <jobsCdKorNm>
    경영·사무·금융·보험
   </jobsCdKorNm>
  </empJobsListInfo>
  <empJobsListInfo>
   <jobsCd>
    09
   </jobsCd>
   <jobsCdKorNm>
    설치·정비·생산-기계·금속·재료
   </jobsCdKorNm>
  </empJobsListInfo>
 </empJobsList>
 <empnRecrSummaryCont></empnRecrSummaryCont>
 <recrCommCont>
  [응시자격] • 군필 또는 군면제자 • 해외여행에 결격 사유가 없는 자 • 4년제 대학교 학사 학위 이상 소지자(&amp;apos;19년 8월 졸업예정자/기졸업자 포함) ※ 국가보훈대상자(취업보호대상자 증명서 제출) 및 장애인은 관련법규에 의거 처우 [모집인원] - 00명
 </recrCommCont>
 <empSubmitDocCont>
  ※ 기타 서류는 면접 전형시 별도로 안내해드리겠습니다.
 </empSubmitDocCont>
 <empRcptMthdCont>
  • 인터넷(www.hanwhain.com)으로만 접수 ※ 마감 시간 즈음 서버 폭주가 예상되오니 안전하게 전일 사전 접수 완료하시길 추천 드립니다. 서버 에러를 포함한 어떤 이유로도 마감 시간이 지나면 접수 받지 않음을 사전 공지 합니다. ※ 지원서 접수 전, 반드시 상세직무 소개를 참고하시어 희망 직무를 선택해 주시기 바랍니다.
 </empRcptMthdCont>
 <empAcptPsnAnncCont></empAcptPsnAnncCont>
 <inqryCont>
  - 기타 자세한 사항은 한화인에 1:1 문의 또는 이메일로 문의 바랍니다. - 채용전략팀 이메일 문의 / hccinsa@hanwha.com
 </inqryCont>
 <empnEtcCont>
  • 입사지원서는 본인이 직접 정확하게 입력해야 하며, 차후 입력사항이 허위로 판명될 경우에는 입사(합격)를 취소합니다. • 입사지원서 작성 시 본인 사진 제출(업로드)은 필수 사항이 아닙니다.
 </empnEtcCont>
</dhsOpenEmpInfoDetailRoot>