<?xml version="1.0" encoding="UTF-8"?>
<dhsOpenEmpInfoDetailRoot>
 <empSeqno>
  37440
 </empSeqno>
 <empWantedTitle>
  2019년 부산지부 취업지원직(무기계약직) 신입직원 공개채용 공고
 </empWantedTitle>
 <empBusiNm>
  한국법무보호복지공단
 </empBusiNm>
 <coClcdNm>
  공기업
 </coClcdNm>
 <empWantedStdt>
  20190318
 </empWantedStdt>
 <empWantedEndt>
  20190403
 </empWantedEndt>
 <empWantedHomepg>
  http://www.koreha.or.kr
 </empWantedHomepg>
 <empWantedHomepgDetail>
  https://koreha.or.kr/board/view.do?MN1=6&amp;MN2=113&amp;MN3=null&amp;MN=113&amp;BRD_ID=S_Notice&amp;BBS_IDX=1045&amp;ETC_1=hire&amp;REG_DATE=2019-03-18
 </empWantedHomepgDetail>
 <empWantedMobileUrl></empWantedMobileUrl>
 <regLogImgNm>
  http://www.work.go.kr/framework/filedownload/getImage.do?filePathName=KuBCC2IodBkj%2Frlv8XuRio7tN8%2FfS0w1%2BizSZ9MRlvKqsYUoKtBNdFN5ZMkbXrmV7suWeZYPwv8GKFqD7PXO%2Fg%3D%3D
 </regLogImgNm>
 <empWantedTypeNm>
  기타
 </empWantedTypeNm>
 <empWatedJobsNm></empWatedJobsNm>
 <empWatedCont></empWatedCont>
 <attachFileList>
  <fileListInfo>
   <regFileUrl>
    http://www.work.go.kr/framework/filedownload/keisDownload.do?filePathName=ydWIN1A%2BKOBWJtl5zkQ5W5BUmIohf3I%2FbQHEXDA2XgZVgS2SyN8IVbJ%2FmDJIDsiXlTmxL6S0AcGgwncU6VYxi8dMrZXh5K5GCpzEDy395n%2B6FvNdRITlyEe7%2BTpu9lUT&amp;realFileNm=7ZWc6rWt67KV66y067O07Zi467O17KeA6rO164uoIOy3qOyXheyngOybkOyngSDsi6DsnoXsp4Hsm5Ag6rO16rCc7LGE7JqpLnppcA==
   </regFileUrl>
   <realFileNm>
    한국법무보호복지공단 취업지원직 신입직원 공개채용.zip
   </realFileNm>
  </fileListInfo>
 </attachFileList>
 <empSelfintroList>
  <empSelsListInfo>
   <selfintroQstCont></selfintroQstCont>
  </empSelsListInfo>
 </empSelfintroList>
 <empSelsList>
  <empSelsListInfo>
   <selsNm>
    서류전형 합격자 발표 및 면접시험 공고
   </selsNm>
   <selsSchdCont>
    2019.04.08.(월) 예정
   </selsSchdCont>
   <selsCont>
    ○ 방 법 : 공단 홈페이지 공고 및 개별 통보
   </selsCont>
   <selsMemoCont></selsMemoCont>
  </empSelsListInfo>
  <empSelsListInfo>
   <selsNm>
    면접시험
   </selsNm>
   <selsSchdCont>
    2019.04.10.(수) 예정
   </selsSchdCont>
   <selsCont>
    ○ 대 상 : 서류전형 합격자 ○ 장 소 : 별도 공지
   </selsCont>
   <selsMemoCont></selsMemoCont>
  </empSelsListInfo>
  <empSelsListInfo>
   <selsNm>
    최종합격자 결정 공고
   </selsNm>
   <selsSchdCont>
    2019.04.15.(월) 예정
   </selsSchdCont>
   <selsCont>
    ○ 방 법 : 공단 홈페이지 공고 및 개별 통보 ※ 채용후보자 등록 및 최종합격자 서류 제출
   </selsCont>
   <selsMemoCont></selsMemoCont>
  </empSelsListInfo>
  <empSelsListInfo>
   <selsNm>
    기타
   </selsNm>
   <selsSchdCont></selsSchdCont>
   <selsCont>
    ※ 전형일정은 공단 사정에 따라 변경 될 수 있으며, 일정 변경 시 별도 공지 / ※전형에 관한 자세한 사항은 첨부 참조
   </selsCont>
   <selsMemoCont></selsMemoCont>
  </empSelsListInfo>
 </empSelsList>
 <empRecrList>
  <empRecrListInfo>
   <empRecrNm>
    취업지원직
   </empRecrNm>
   <jobCont>
    ◦ 취업상담 및 집단상담프로그램 운영 ◦ 직업심리검사 실시·해석 및 취업클리닉(이력서 작성 등) 진행 ◦ 취업알선, 동행면접, 구인업체 발굴 등 ◦ 취업지원사업 통계 관리 및 행정업무 ◦ 기관 운영을 위한 행정업무 등 ※ 직무내용 : NCS 직무설명자료 참조
   </jobCont>
   <empWantedCareerNm>
    경력
   </empWantedCareerNm>
   <empWantedEduNm>
    학력무관
   </empWantedEduNm>
   <sptCertEtc>
    가. 취업보호(지원)대상자 : 5% 또는 10% 나. 의사상자 등(의사자 유족, 의상자 본인 및 가족) : 3% 또는 5% 다. 장애인 : 5% 라. 한국법무보호복지공단 각 응시분야 관련 근무 경력자 ※ 자세한 사항은 첨부 참조
   </sptCertEtc>
   <recrPsncnt>
    1
   </recrPsncnt>
   <empRecrMemoCont></empRecrMemoCont>
   <workRegionNm>
    부산
   </workRegionNm>
  </empRecrListInfo>
 </empRecrList>
 <empJobsList>
  <empJobsListInfo>
   <jobsCd>
    021000
   </jobsCd>
   <jobsCdKorNm>
    정부·공공행정 전문가
   </jobsCdKorNm>
  </empJobsListInfo>
 </empJobsList>
 <empnRecrSummaryCont></empnRecrSummaryCont>
 <recrCommCont>
  [직급] - 무기계약직 [법률적 근거] 가. 공단 인사규정 제16조 나. 국가공무원법 제28조 제1항 [결격사유] ○ 한국법무보호복지공단 인사규정(제21조) 결격사유에 해당하지 않는 자 ○ 한국법무보호복지공단 인사사무처리규칙(제15조 제2항)에 따라 「공공기관의 운영에 관한 법률」에 따른 공공기관에서 부정한 방법으로 채용된 사실이 적발되어 채용이 취소된 자는 취소된 날로부터 5년간 직원 임용 시험에 응시할 수 없음 ○ 연령 및 학력 제한 없음 ○ 남자의 경우 병역 필 또는 면제자 ※ 세부사항은 첨부 참조 [근무지역] - 부산광역시 ※ 임용 후 공단 내부 사정에 따라 전보 가능 [보수 및 복무] - 공단 무기계약 및 기간제 근로자 운영규칙에 따름 [응시자격 기타] 1. 공단 내부 규정에 의거 공휴일에 당직(일직 또는 숙직) 근무가 가능한 자 ※ 일직 : 정상근무일의 근무시간 ※ 숙직 : 일직근무시간이 종료된 때로부터 다음날의 정상근무 또는 일직근무가 개시될 때까지 2. 공단 내부 규정에 의거 전국 순환 근무가 가능한 자 [채용비리 피해자 구제 관련 규정 등] 가. 단계별 채용비리 피해자 구제 방안 : 공단 내부규정에 따름 나. 채용 응시자 제출 서류 보존 기간(※자세한 사항은 첨부 참조)
 </recrCommCont>
 <empSubmitDocCont>
  * 응시원서 접수 시 제출서류 1. NCS 기반 블라인드 입사지원서 및 자기소개서, 경험기술서 작성 2. 개인정보제공동의서 : 내용 숙지 후 동의여부 결정 ※ 공고문에 첨부된 응시원서 양식을 내려 받아 작성(양식에 맞게 미작성 시 서류전형 심사 불가, 접수 무효처리) *면접시험 시 제출서류(확인후 반환) 1. 주민등록등본 1부 : 거주지확인용(공고일 전일 3개월 이내 발급) 2. 가점 부여 증명서(취업지원대상자 등) 1부 : 해당자에 한함 3. 자격증명서(응시자격 확인용) 1부 4. 경력증명서(응시자격 확인용) 1부 * 최종합격 시 제출서류(채용후보자 등록 시 제출) 1. 주민등록초본(병역사항 포함) 1통 2. 최종학교 졸업(예정)증명서 1부 3. 보훈대상 증명서 및 장애인 증명서 : 해당자에 한함 4. 직무관련 자격증명서 각 1통 5. 경력증명서 각 1통 6. 기본증명서 1통 7. 주민등록등본 1통 8. 증명사진(반명함 상반신 탈모) 3매 9. 신체검사서(공무원채용신체검사규정에 의한 의료기관 발행) 1통 ※ 응시자격 자격증의 경우 채용공고 만료일 이전에 취득한 경우 인정 ※ 모든 제출서류는 주민등록번호 뒷자리 삭제 후 제출
 </empSubmitDocCont>
 <empRcptMthdCont>
  - 이메일 접수(우편 및 방문접수는 받지 않습니다.) - 접수장소 : 한국법무보호복지공단 부산지부 채용담당자 이메일주소(jinchori99@koreha.or.kr)
 </empRcptMthdCont>
 <empAcptPsnAnncCont></empAcptPsnAnncCont>
 <inqryCont>
  기타 채용 관련 궁금한 사항은 공단 부산지부 인사담당자(Tel : 051-205-7503)에게 문의해 주시기 바랍니다.
 </inqryCont>
 <empnEtcCont>
  ※ 해당분야에 적격자가 없을 경우 채용을 하지 않을 수 있습니다. 가. 본 채용은 NCS 기반 블라인드 채용으로서 서류전형, 면접시험 등 채용절차 전체 과정에서 응시자의 학력, 연령, 출신지, 신체조건 등 불합리한 차별을 야기할 수 있는 어떠한 항목도 요구하지 않습니다. 또한, 응시자는 자기소개서 등에 위 사항을 유추하거나 암시할 수 있는 일체의 내용을 기재할 수 없으며, 이를 위반 시 접수는 무효처리 됩니다. 나. 공단은 청탁금지법, 부패방지법 등 관련 법령에 따라 일체의 인사청탁을 받지 아니하며, 채용 관련 인사청탁자는 법령에 따라 처리하고 채용된 이후에도 인사규정에 의거 면직처리 될 수 있음을 알립니다. 다. 응시원서 등 제출된 서류상의 기재착오, 허위내용 또는 누락이나 연락불능, 자격미달자의 응시 등으로 인한 불이익(시험 배제, 합격 취소 등)은 일체 응시자 본인에게 책임이 있습니다. 라. 최종합격자라 하더라도 채용신체검사 결과 결격사유가 없어야 임용합니다. 단, 최종합격자가 임용포기, 등록포기 및 퇴사하는 경우 공단 내부규정에 따른 예비합격자 중 차순위자 순으로 임용절차를 진행합니다. 마. 공단에서는 채용서류의 반환을 청구하는 응시자에 한해 「채용절차의 공정화에 관한 법률」 제11조에 의거 채용서류 반환을 시행합니다. 채용서류의 반환을 원하는 응시자가 최종합격자 발표일 이후 14일부터 180일까지 기간 내에 「채용서류 반환청구서」를 작성하여 반환을 청구하는 경우 본인 확인 등의 절차를 거쳐 개인정보가 포함된 채용서류를 반환합니다. 반환되지 않은 서류 중 개인정보가 포함된 서류는 최종합격자 발표일로부터 180일 보관 후 파기합니다. 바. 최종합격자 발표 후 응시자 중 시험점수 공개를 원하는 경우 본인에 한하여 시험점수만 공개합니다. 사. 본 공고사항에 없는 내용에 대해서는 공단 내부 규정과 유권해석에 의합니다. 아. 응시자가 선발예정인원과 같거나 적을 경우에는 원서접수일, 시험실시일 등을 다시 정하여 1회 이상 재공고할 수 있습니다.
 </empnEtcCont>
</dhsOpenEmpInfoDetailRoot>