<?xml version="1.0" encoding="UTF-8"?>
<dhsOpenEmpInfoDetailRoot>
 <empSeqno>
  37429
 </empSeqno>
 <empWantedTitle>
  IT서비스개발1팀 경력직 수시채용 (웹개발 / 웹앱 개발/ CRM시스템 설계구축)
 </empWantedTitle>
 <empBusiNm>
  교원
 </empBusiNm>
 <coClcdNm>
  중견기업
 </coClcdNm>
 <empWantedStdt>
  20190318
 </empWantedStdt>
 <empWantedEndt>
  20190407
 </empWantedEndt>
 <empWantedHomepg>
  http://www.kyowon.co.kr
 </empWantedHomepg>
 <empWantedHomepgDetail>
  https://kyowon.recruiter.co.kr/app/jobnotice/view?systemKindCode=MRS2&amp;jobnoticeSn=7828
 </empWantedHomepgDetail>
 <empWantedMobileUrl></empWantedMobileUrl>
 <regLogImgNm>
  http://www.work.go.kr/framework/filedownload/getImage.do?filePathName=ZGI9%2BubbEcHpFsdRT26HvByTZKDWTqYsjBQHoDR9%2FBrTO9DFwUzRmXrJh7fN4uFb
 </regLogImgNm>
 <empWantedTypeNm>
  정규직
 </empWantedTypeNm>
 <empWatedJobsNm></empWatedJobsNm>
 <empWatedCont></empWatedCont>
 <empSelfintroList>
  <empSelsListInfo>
   <selfintroQstCont></selfintroQstCont>
  </empSelsListInfo>
 </empSelfintroList>
 <empSelsList>
  <empSelsListInfo>
   <selsNm>
    지원서지원
   </selsNm>
   <selsSchdCont></selsSchdCont>
   <selsCont></selsCont>
   <selsMemoCont></selsMemoCont>
  </empSelsListInfo>
  <empSelsListInfo>
   <selsNm>
    서류전형
   </selsNm>
   <selsSchdCont></selsSchdCont>
   <selsCont>
    서류 전형 결과 발표: 4월 8일(월) 19:00 예정 (채용 사이트 내 조회 및 전형 별 합격자에 대한 개별 통보)
   </selsCont>
   <selsMemoCont></selsMemoCont>
  </empSelsListInfo>
  <empSelsListInfo>
   <selsNm>
    인/적성검사
   </selsNm>
   <selsSchdCont></selsSchdCont>
   <selsCont></selsCont>
   <selsMemoCont></selsMemoCont>
  </empSelsListInfo>
  <empSelsListInfo>
   <selsNm>
    면접전형(1/2/3차)(실무/인성/CEO)
   </selsNm>
   <selsSchdCont></selsSchdCont>
   <selsCont></selsCont>
   <selsMemoCont></selsMemoCont>
  </empSelsListInfo>
  <empSelsListInfo>
   <selsNm>
    채용 신체검사
   </selsNm>
   <selsSchdCont></selsSchdCont>
   <selsCont></selsCont>
   <selsMemoCont></selsMemoCont>
  </empSelsListInfo>
  <empSelsListInfo>
   <selsNm>
    최종합격
   </selsNm>
   <selsSchdCont></selsSchdCont>
   <selsCont></selsCont>
   <selsMemoCont></selsMemoCont>
  </empSelsListInfo>
 </empSelsList>
 <empRecrList>
  <empRecrListInfo>
   <empRecrNm>
    CRM시스템 설계구축
   </empRecrNm>
   <jobCont>
    •CRM 설계 구축 및 운영 •DW, DM 등 데이터 베이스 구축 •ETL, EAI 개발 운영
   </jobCont>
   <empWantedCareerNm>
    경력
   </empWantedCareerNm>
   <empWantedEduNm>
    대졸(2~3)|박사
   </empWantedEduNm>
   <sptCertEtc></sptCertEtc>
   <recrPsncnt></recrPsncnt>
   <empRecrMemoCont></empRecrMemoCont>
   <workRegionNm>
    서울 중구
   </workRegionNm>
  </empRecrListInfo>
  <empRecrListInfo>
   <empRecrNm>
    웹 개발
   </empRecrNm>
   <jobCont>
    •영업지원시스템 웹 개발 및 유지보수 •JAVA/AngularJS, JavaScript MVC, Oracle •git 형상관리
   </jobCont>
   <empWantedCareerNm>
    경력
   </empWantedCareerNm>
   <empWantedEduNm>
    대졸(2~3)|박사
   </empWantedEduNm>
   <sptCertEtc></sptCertEtc>
   <recrPsncnt></recrPsncnt>
   <empRecrMemoCont></empRecrMemoCont>
   <workRegionNm>
    서울 중구
   </workRegionNm>
  </empRecrListInfo>
  <empRecrListInfo>
   <empRecrNm>
    웹 앱 개발
   </empRecrNm>
   <jobCont>
    •영업지원시스템 웹앱 (하이브리드 앱) 개발 및 운영 •JAVA / AngulrJS, java-script MVC, Oracle •iOS, Android 앱 개발, WebView, 하이브리드 앱 개발 •Spring Framework, SQL 개발
   </jobCont>
   <empWantedCareerNm>
    경력
   </empWantedCareerNm>
   <empWantedEduNm>
    대졸(2~3)|박사
   </empWantedEduNm>
   <sptCertEtc></sptCertEtc>
   <recrPsncnt></recrPsncnt>
   <empRecrMemoCont></empRecrMemoCont>
   <workRegionNm>
    서울 중구
   </workRegionNm>
  </empRecrListInfo>
 </empRecrList>
 <empJobsList>
  <empJobsListInfo>
   <jobsCd>
    02
   </jobsCd>
   <jobsCdKorNm>
    연구 및 공학기술
   </jobsCdKorNm>
  </empJobsListInfo>
 </empJobsList>
 <empnRecrSummaryCont></empnRecrSummaryCont>
 <recrCommCont>
  [자격요건] •전문대학 졸업 이상의 학력 보유자 •해외여행에 결격 사유가 없는 자, 병역필 또는 면제자 ※ 국가보훈대상자는 관계 법령에 의거하여 우대합니다. [모집인원] - 0명
 </recrCommCont>
 <empSubmitDocCont>
  •최종학력 및 성적 증명서 •공인 어학 성적표 및 각종 자격증 사본 •경력증명서
 </empSubmitDocCont>
 <empRcptMthdCont>
  - 그룹 채용 홈페이지 접속 후 온라인 입사지원서 작성(kyowon.recruiter.co.kr) ※ 진행 중인 공고와 중복지원은 불가합니다. ※ 마감일은 지원자의 급증으로 인해 접수가 원활하지 못할 수도 있으니, 여유롭게 접수하시기 바랍니다.
 </empRcptMthdCont>
 <empAcptPsnAnncCont></empAcptPsnAnncCont>
 <inqryCont>
  기타 문의 사항은 채용 홈페이지 내 '채용 Q&amp;A' 로 문의해 주시길 바랍니다. •문의처: 02-397-0256 / 9960
 </inqryCont>
 <empnEtcCont>
  - 입사지원서 상 허위 사실이 적발될 경우 입사가 취소될 수 있습니다.
 </empnEtcCont>
</dhsOpenEmpInfoDetailRoot>