<?xml version="1.0" encoding="UTF-8"?>
<dhsOpenEmpInfoDetailRoot>
 <empSeqno>
  36407
 </empSeqno>
 <empWantedTitle>
  [개인정보보호] 개인정보보호 업무 담당자 (5년 이상)
 </empWantedTitle>
 <empBusiNm>
  한국카카오은행
 </empBusiNm>
 <coClcdNm>
  대기업
 </coClcdNm>
 <empWantedStdt>
  20190219
 </empWantedStdt>
 <empWantedEndt>
  20190419
 </empWantedEndt>
 <empWantedHomepg>
  https://www.kakaobank.com
 </empWantedHomepg>
 <empWantedHomepgDetail>
  https://kakaobank.recruiter.co.kr/app/jobnotice/view?systemKindCode=MRS2&amp;jobnoticeSn=2710
 </empWantedHomepgDetail>
 <empWantedMobileUrl></empWantedMobileUrl>
 <regLogImgNm>
  http://www.work.go.kr/framework/filedownload/getImage.do?filePathName=KuBCC2IodBkj%2Frlv8XuRikllvXFHstD22ZTSxou4%2FB1nJxTKvrrXInEbGnSxP9M07suWeZYPwv8GKFqD7PXO%2Fg%3D%3D
 </regLogImgNm>
 <empWantedTypeNm>
  정규직
 </empWantedTypeNm>
 <empWatedJobsNm></empWatedJobsNm>
 <empWatedCont></empWatedCont>
 <empSelfintroList>
  <empSelsListInfo>
   <selfintroQstCont></selfintroQstCont>
  </empSelsListInfo>
 </empSelfintroList>
 <empSelsList>
  <empSelsListInfo>
   <selsNm>
    서류전형
   </selsNm>
   <selsSchdCont></selsSchdCont>
   <selsCont></selsCont>
   <selsMemoCont></selsMemoCont>
  </empSelsListInfo>
  <empSelsListInfo>
   <selsNm>
    1차 실무진 면접전형
   </selsNm>
   <selsSchdCont></selsSchdCont>
   <selsCont></selsCont>
   <selsMemoCont></selsMemoCont>
  </empSelsListInfo>
  <empSelsListInfo>
   <selsNm>
    2차 경영진 면접전형
   </selsNm>
   <selsSchdCont></selsSchdCont>
   <selsCont></selsCont>
   <selsMemoCont></selsMemoCont>
  </empSelsListInfo>
  <empSelsListInfo>
   <selsNm>
    연봉 및 처우협의
   </selsNm>
   <selsSchdCont></selsSchdCont>
   <selsCont></selsCont>
   <selsMemoCont></selsMemoCont>
  </empSelsListInfo>
  <empSelsListInfo>
   <selsNm>
    최종합격
   </selsNm>
   <selsSchdCont></selsSchdCont>
   <selsCont></selsCont>
   <selsMemoCont></selsMemoCont>
  </empSelsListInfo>
  <empSelsListInfo>
   <selsNm>
    기타
   </selsNm>
   <selsSchdCont></selsSchdCont>
   <selsCont>
    ※ 각 전형 결과 및 면접 일정은 홈페이지 및 메일을 통해 개별적으로 안내드리고 있습니다
   </selsCont>
   <selsMemoCont></selsMemoCont>
  </empSelsListInfo>
 </empSelsList>
 <empRecrList>
  <empRecrListInfo>
   <empRecrNm>
    개인정보보호(5년 이상)
   </empRecrNm>
   <jobCont>
    - 대외서비스의 개인정보 영향평가, 컴플라이언스 검토 - 개인정보 생명주기 정책 관리 - 개인정보보호 관련 법률 준수 여부 점검 - 개인정보보호 교육
   </jobCont>
   <empWantedCareerNm>
    경력
   </empWantedCareerNm>
   <empWantedEduNm></empWantedEduNm>
   <sptCertEtc>
    - 법학 전공자 우대 - 은행권 개인정보보호 업무 경험이 있는 분
   </sptCertEtc>
   <recrPsncnt>
    0
   </recrPsncnt>
   <empRecrMemoCont></empRecrMemoCont>
   <workRegionNm>
    경기 성남시 분당구
   </workRegionNm>
  </empRecrListInfo>
 </empRecrList>
 <empJobsList>
  <empJobsListInfo>
   <jobsCd>
    135000
   </jobsCd>
   <jobsCdKorNm>
    정보보안 전문가
   </jobsCdKorNm>
  </empJobsListInfo>
 </empJobsList>
 <empnRecrSummaryCont></empnRecrSummaryCont>
 <recrCommCont>
  [우대사항] - 국가유공자 및 장애인 등 취업보호대상자는 관계법령에 따라 우대합니다. (입사지원 시 증빙서류를 첨부하는 경우에 해당하며, 증빙서류는 포트폴리오 란에 첨부해주시길 바랍니다.) [근무지/근무부서] - 근무지 : 카카오뱅크 판교오피스 (경기도 성남시 분당구 판교역로 231) - 근무부서 : 개인정보보호파트
 </recrCommCont>
 <empSubmitDocCont></empSubmitDocCont>
 <empRcptMthdCont>
  - 채용홈페이지 온라인 입사지원 - 영입 완료시 마감(영입완료시 조기에 마감될 수 있는 수시채용으로 진행 중이며, 공고마감일은 정해지지 않았습니다.)
 </empRcptMthdCont>
 <empAcptPsnAnncCont></empAcptPsnAnncCont>
 <inqryCont>
  - 문의사항 : recruit@kakaobank.com / 채용Q&amp;A
 </inqryCont>
 <empnEtcCont>
  ※ 최근 6개월 내 카카오뱅크로의 지원이력이 있는 경우 입사지원이 제한됩니다.
 </empnEtcCont>
</dhsOpenEmpInfoDetailRoot>