<?xml version="1.0" encoding="UTF-8"?>
<dhsOpenEmpInfoDetailRoot>
 <empSeqno>
  37598
 </empSeqno>
 <empWantedTitle>
  정규직 공개경쟁 채용 공고
 </empWantedTitle>
 <empBusiNm>
  국가과학기술연구회
 </empBusiNm>
 <coClcdNm>
  공기업
 </coClcdNm>
 <empWantedStdt>
  20190321
 </empWantedStdt>
 <empWantedEndt>
  20190405
 </empWantedEndt>
 <empWantedHomepg>
  http://www.nst.re.kr
 </empWantedHomepg>
 <empWantedHomepgDetail>
  https://nst.re.kr/nst/notice/01_04.jsp?mode=view&amp;article_no=51824
 </empWantedHomepgDetail>
 <empWantedMobileUrl></empWantedMobileUrl>
 <regLogImgNm>
  http://www.work.go.kr/framework/filedownload/getImage.do?filePathName=KuBCC2IodBkj%2Frlv8XuRio7tN8%2FfS0w1%2BizSZ9MRlvJDy8FvW3oU0O%2FifyUoaKoS7suWeZYPwv8GKFqD7PXO%2Fg%3D%3D
 </regLogImgNm>
 <empWantedTypeNm>
  정규직
 </empWantedTypeNm>
 <empWatedJobsNm></empWatedJobsNm>
 <empWatedCont></empWatedCont>
 <attachFileList>
  <fileListInfo>
   <regFileUrl>
    http://www.work.go.kr/framework/filedownload/keisDownload.do?filePathName=ydWIN1A%2BKOBWJtl5zkQ5WwDuw9Hpn%2F5n9vcM7n4HKqrUU2ueu9PCkAw6XyuQHy0gCuxf%2B4iTogMsNMNpmSGWwrg9mUGAEwRycwuYXaGZO6u6FvNdRITlyEe7%2BTpu9lUT&amp;realFileNm=6rWt6rCA6rO87ZWZ6riw7Iig7Jew6rWs7ZqMIOygleq3nOyngSDqs7XqsJzqsr3sn4Eg7LGE7JqpLnppcA==
   </regFileUrl>
   <realFileNm>
    국가과학기술연구회 정규직 공개경쟁 채용.zip
   </realFileNm>
  </fileListInfo>
 </attachFileList>
 <empSelfintroList>
  <empSelsListInfo>
   <selfintroQstCont></selfintroQstCont>
  </empSelsListInfo>
 </empSelfintroList>
 <empSelsList>
  <empSelsListInfo>
   <selsNm>
    1차전형
   </selsNm>
   <selsSchdCont>
    4월 초순
   </selsSchdCont>
   <selsCont>
    서류적격성 검토
   </selsCont>
   <selsMemoCont></selsMemoCont>
  </empSelsListInfo>
  <empSelsListInfo>
   <selsNm>
    2차전형
   </selsNm>
   <selsSchdCont>
    4월 하순
   </selsSchdCont>
   <selsCont>
    직업기초능력시험(필기)
   </selsCont>
   <selsMemoCont></selsMemoCont>
  </empSelsListInfo>
  <empSelsListInfo>
   <selsNm>
    3차전형
   </selsNm>
   <selsSchdCont>
    5월 중순
   </selsSchdCont>
   <selsCont>
    논술시험(필기)
   </selsCont>
   <selsMemoCont></selsMemoCont>
  </empSelsListInfo>
  <empSelsListInfo>
   <selsNm>
    4차전형
   </selsNm>
   <selsSchdCont>
    5월 하순
   </selsSchdCont>
   <selsCont>
    면접심사
   </selsCont>
   <selsMemoCont></selsMemoCont>
  </empSelsListInfo>
  <empSelsListInfo>
   <selsNm>
    임용
   </selsNm>
   <selsSchdCont>
    6월 중순
   </selsSchdCont>
   <selsCont></selsCont>
   <selsMemoCont></selsMemoCont>
  </empSelsListInfo>
  <empSelsListInfo>
   <selsNm>
    기타
   </selsNm>
   <selsSchdCont></selsSchdCont>
   <selsCont>
    ※ 상기 일정은 사정상 변경될 수 있으며, 지원인원이 전형별 합격배수에 미달할 경우 선발기준을 충족한 자를 모두 선발 ※ 전형별 합격자는 국가과학기술연구회 온라인 채용 사이트 공지 및 개별 통지(세부일정 포함) ※ 기타 전형에 대한 자세한 사항은 채용홈페이지 및 첨부 참조
   </selsCont>
   <selsMemoCont></selsMemoCont>
  </empSelsListInfo>
 </empSelsList>
 <empRecrList>
  <empRecrListInfo>
   <empRecrNm>
    기록물관리 및 행정일반(*첨부 직무기술서 참조)
   </empRecrNm>
   <jobCont>
    - ｢공공기록물 관리에 관한 법률 시행령｣ 제78조(기록물관리 전문요원의 자격과 배치)에 따라 다음의 각 호의 어느 하나에 해당하는 자 1. 기록관리학 석사학위 이상을 취득한 자 2. 다음 각 목의 어느 하나에 해당하는 사람으로서 행정안전부령으로 정하는 기록관리학 교육과정을 이수하고, 행정안전부장관이 시행하는 기록물관리 전문요원 시험에 합격한 사람 가. 기록관리학 학사학위를 취득한 사람 나. 역사학 또는 문헌정보학 학사학위 이상을 취득한 사람 - ｢국가공무원법｣ 제33조에 따른 결격사유가 없는 자 - ｢병역법｣ 제76조제1항에 해당하지 않는 자(병역의무 대상자는 병역필 또는 면제자) - ｢공무원 채용 신체검사 규정｣에 따른 채용 신체검사 기준에 적합한 자 - 연구회 또는 다른 공공기관에서 최근 5년 이내 부정한 방법으로 채용된 사실이 적발되어 채용이 취소된 사실이 없는 자 - ｢부패방지 및 국민권익위원회의 설치와 운영에 관한 법률」 제82조에 따른 취업제한대상에 해당하지 않는 자 - 임용시기에 근무가 가능한 자
   </jobCont>
   <empWantedCareerNm></empWantedCareerNm>
   <empWantedEduNm>
    대졸(4)|석사|박사
   </empWantedEduNm>
   <sptCertEtc></sptCertEtc>
   <recrPsncnt>
    1
   </recrPsncnt>
   <empRecrMemoCont></empRecrMemoCont>
   <workRegionNm>
    세종
   </workRegionNm>
  </empRecrListInfo>
 </empRecrList>
 <empJobsList>
  <empJobsListInfo>
   <jobsCd>
    025500
   </jobsCd>
   <jobsCdKorNm>
    공공행정 사무원
   </jobsCdKorNm>
  </empJobsListInfo>
 </empJobsList>
 <empnRecrSummaryCont></empnRecrSummaryCont>
 <recrCommCont>
  [공통사항] ◦ 임용자는 내부규정에 따라 3개월 이내의 수습기간을 두며, 수습기간 중의 평가에 따라 채용이 취소 될 수 있습니다. ◦ 임용 후 직급 및 경력산정 등은 내부규정에 따르며, 지원서상 누락된 경력사항은 반영되지 않을 수 있습니다. ◦ 내부규정에 따라 고용계약기간 중 정년(만 61세)이 도래하는 경우, 정년에 달하는 해의 12월 31일에 당연 퇴직합니다. ◦ 수행직무는 임용 이후 조직개편 및 인사발령 등에 따라 변동․조정될 수 있습니다. ◦ 직무기술서 내 국가직무능력표준(NCS)에 관한 정보는 www.ncs.go.kr를 참고하시기바라며, 국가과학기술연구회에 관한 정보는 www.nst.re.kr를 참조 바랍니다. [근무요건] ◦ 고용형태 : 정규직 ◦ 근무시간 : 주 5일(월~금) 근무 / 1일 8시간 / 정규 근무시간 09:00~18:00 ◦ 보수 및 처우 : 국가과학기술연구회 내부규정에 따름 ◦ 근무장소 : 세종특별자치시 시청대로 370 세종국책연구단지 연구지원동
 </recrCommCont>
 <empSubmitDocCont>
  [채용지원 시 제출] ① 온라인 채용지원서 ② 기록물관리 전문요원 자격요건 확인을 위한 증빙서류(결격사유 확인용) - (해당 학위 소지자) 졸업증명서 또는 학위증명서(석사학위 이상) - (자격증 보유자) 기록물관리전문요원 자격증 또는 시험 합격증 [1차전형 합격 시 제출] ① 사진(필기시험 및 면접 시 본인 확인용) ② 관련 법률에 따른 우대사항(법정인정 가산점) 증빙서류(해당자에 한함) [최종 합격 시 제출] ① 기본증명서(상세), 주민등록등본 및 초본(병적증명 기록 포함) ② 신원진술서 ③ 공무원 신체검사 확인서 ④ 기타 증빙서류 원본 ※ 최종 합격 전 증빙서류 제출 시, 학교명, 생년월일, 주민등록번호 등 민감한 개인정보는 삭제 후 제출 ※ 최종 합격 전 제출되는 서류 중 개인정보는 정부의 블라인드 채용 가이드라인을 준수하여 심사위원에게 제공되지 않음 ※ 각종 증빙서류는 관계기관에 사실여부를 확인할 예정이며, 모든 지원자는 조회에 필요한 개인정보제공에 동의한 것으로 간주합니다.
 </empSubmitDocCont>
 <empRcptMthdCont>
  - 온라인 채용 사이트(http://apply.nst.re.kr)를 통해 접수 ※ 채용 지원자는 본인이 해당 채용분야의 자격요건 등에 적합한가를 우선 판단하여 접수하기 바라며, 지원서 접수 후에는 지원서 수정이 불가합니다. ※ 지원서(자기소개서 및 직무능력기술서 모두 포함)상에는 직접적 또는 간접적으로 생년월일(나이), 성별, 사진, 학교명(학위), 출신지, 가족관계 등의 인적사항이 드러나지 않도록 작성하여야 하며, 작성할 경우 심사에 불이익이 있습니다.
 </empRcptMthdCont>
 <empAcptPsnAnncCont></empAcptPsnAnncCont>
 <inqryCont>
  recruit@nst.re.kr / 인사회계팀 최진수/ 044-287-7377(채용담당)
 </inqryCont>
 <empnEtcCont>
  ◦ 지원시점 당시 2019.8월 졸업예정자는 정규 근무시간(09:00~18:00) 근무에 지장이 없어야 하며, 2019.8월까지 졸업을 못할 경우 합격이 취소될 수 있습니다. ◦ 부정한 방법으로 채용(각 전형단계 포함)에 합격하였거나 지원서 기재 착오 및 누락 또는 허위 기재, 구비서류 미제출, 제출서류가 허위․위조․대필임이 판명될 경우 합격이 취소될 수 있습니다. ◦ 최근 5년 이내 공공기관에서 부정한 방법으로 채용된 사실이 적발되어 채용이 취소된 경우 합격을 취소합니다. ◦ 임용 결격사유가 있거나 채용 신체검사 결과 부적합한 경우는 합격을 취소합니다. ◦ 최종 심사결과 직무능력에 따른 적격자가 없을 경우 선발하지 않을 수 있습니다. ◦ 후보합격자가 있는 경우, 후보합격 유효기간은 최종 합격자 공고일부터 3개월입니다. ◦ 각 전형절차와 관련한 연락은 E-mail, SMS를 통해 통보되므로 정확히 기입하시기 바랍니다. ◦ 참고로, 우리 연구회에서는 본 채용과는 별도로 행정직 장애인 제한경쟁 채용도 동시에 진행하고 있으므로, 관심 있는 지원자는 장애인고용포털 사이트(워크투게더/www.worktogether.or.kr)를 참조하여 주시기 바랍니다.
 </empnEtcCont>
</dhsOpenEmpInfoDetailRoot>