<?xml version="1.0" encoding="UTF-8"?>
<dhsOpenEmpInfoDetailRoot>
 <empSeqno>
  37422
 </empSeqno>
 <empWantedTitle>
  데이터 분석 직군 모집
 </empWantedTitle>
 <empBusiNm>
  넷마블
 </empBusiNm>
 <coClcdNm>
  중견기업
 </coClcdNm>
 <empWantedStdt>
  20190318
 </empWantedStdt>
 <empWantedEndt>
  20190518
 </empWantedEndt>
 <empWantedHomepg>
  http://www.netmarble.com
 </empWantedHomepg>
 <empWantedHomepgDetail>
  https://company.netmarble.com/rem/www/notice.jsp?anno_id=1533879&amp;annotype=all
 </empWantedHomepgDetail>
 <empWantedMobileUrl></empWantedMobileUrl>
 <regLogImgNm>
  http://www.work.go.kr/framework/filedownload/getImage.do?filePathName=KuBCC2IodBkj%2Frlv8XuRinwzgLAM2A8RrQ5kkeEpm6s5MYTvTTufOJd6fdIXzJ6V7suWeZYPwv8GKFqD7PXO%2Fg%3D%3D
 </regLogImgNm>
 <empWantedTypeNm>
  정규직
 </empWantedTypeNm>
 <empWatedJobsNm></empWatedJobsNm>
 <empWatedCont></empWatedCont>
 <empSelfintroList>
  <empSelsListInfo>
   <selfintroQstCont></selfintroQstCont>
  </empSelsListInfo>
 </empSelfintroList>
 <empSelsList>
  <empSelsListInfo>
   <selsNm>
    서류전형
   </selsNm>
   <selsSchdCont></selsSchdCont>
   <selsCont>
    서류합격자 분들을 대상으로 개별 면접을 진행합니다.
   </selsCont>
   <selsMemoCont></selsMemoCont>
  </empSelsListInfo>
  <empSelsListInfo>
   <selsNm>
    실무면접
   </selsNm>
   <selsSchdCont></selsSchdCont>
   <selsCont></selsCont>
   <selsMemoCont></selsMemoCont>
  </empSelsListInfo>
  <empSelsListInfo>
   <selsNm>
    인성검사
   </selsNm>
   <selsSchdCont></selsSchdCont>
   <selsCont></selsCont>
   <selsMemoCont></selsMemoCont>
  </empSelsListInfo>
  <empSelsListInfo>
   <selsNm>
    임원면접
   </selsNm>
   <selsSchdCont></selsSchdCont>
   <selsCont></selsCont>
   <selsMemoCont></selsMemoCont>
  </empSelsListInfo>
  <empSelsListInfo>
   <selsNm>
    합격발표
   </selsNm>
   <selsSchdCont></selsSchdCont>
   <selsCont></selsCont>
   <selsMemoCont></selsMemoCont>
  </empSelsListInfo>
  <empSelsListInfo>
   <selsNm>
    기타
   </selsNm>
   <selsSchdCont></selsSchdCont>
   <selsCont>
    본 절차는 경력기준입니다. 자세한 사항은 채용 홈페이지 참조
   </selsCont>
   <selsMemoCont></selsMemoCont>
  </empSelsListInfo>
 </empSelsList>
 <empRecrList>
  <empRecrListInfo>
   <empRecrNm>
    데이터 분석
   </empRecrNm>
   <jobCont>
    - 게임데이터 분석 · 게임서비스 고도화를 위한 유저세그먼트 및 지표 개발 · 게임데이터 기반의 통계분석 및 예측모델 개발 · 머신러닝 / 데이터분석 관련 신기술 탐색 및 적용 - 마케팅 데이터 분석 · 디지털 마케팅 최적화를 위한 분석 업무 수행 · 디지털 마케팅 최적화를 위한 각종 예측 모델 제안 및 개발 · 예측 모델 유지보수 및 고도화
   </jobCont>
   <empWantedCareerNm>
    경력
   </empWantedCareerNm>
   <empWantedEduNm></empWantedEduNm>
   <sptCertEtc>
    - 2년 이상의 모바일게임 서비스 관련 업무 경력 - 통계 및 데이터마이닝 관련 박사 학위 - 빅데이터 환경(Google Cloud Platform) 및 기계 학습의 업무 경험 - 유저 세그먼트, 상품 추천 등의 데이터기반 모델을 개발하고 실제 서비스에 적용한 경험
   </sptCertEtc>
   <recrPsncnt></recrPsncnt>
   <empRecrMemoCont></empRecrMemoCont>
   <workRegionNm></workRegionNm>
  </empRecrListInfo>
 </empRecrList>
 <empJobsList>
  <empJobsListInfo>
   <jobsCd>
    02
   </jobsCd>
   <jobsCdKorNm>
    연구 및 공학기술
   </jobsCdKorNm>
  </empJobsListInfo>
  <empJobsListInfo>
   <jobsCd>
    134102
   </jobsCd>
   <jobsCdKorNm>
    데이터 분석가(빅데이터 분석가)
   </jobsCdKorNm>
  </empJobsListInfo>
 </empJobsList>
 <empnRecrSummaryCont></empnRecrSummaryCont>
 <recrCommCont>
  [직군] - AI/데이터분석
 </recrCommCont>
 <empSubmitDocCont></empSubmitDocCont>
 <empRcptMthdCont>
  - 채용페이지 온라인 입사지원
 </empRcptMthdCont>
 <empAcptPsnAnncCont></empAcptPsnAnncCont>
 <inqryCont>
  - 채용홈페이지 &gt; 인재채용 &gt; 채용문의
 </inqryCont>
 <empnEtcCont>
  * 허위기재 사실이 발견될 시에는 불합격 또는 입사가 취소될 수 있습니다. * 추후 입사 시 당사의 기술과 업무 매뉴얼을 바탕으로 업무를 하게 되므로, 당사는 타 회사의 영업비밀을 필요로 하지 않습니다. * 필요한 경우, 합법적인 방법과 절차를 통해 취득하여 사용합니다. * 입사지원자께서는 전 직장의 영업비밀을 침해하는 일이 없도록 각별히 유의하여 주시기 바라며, 침해 및 관련 분쟁 발생시 본인의 책임으로 당사를 면책하여야 함을 주지하여 주시기 바랍니다.
 </empnEtcCont>
</dhsOpenEmpInfoDetailRoot>