<?xml version="1.0" encoding="UTF-8"?>
<dhsOpenEmpInfoDetailRoot>
 <empSeqno>
  37605
 </empSeqno>
 <empWantedTitle>
  2019년 2차 행정직(계약직/육아휴직대체) 채용
 </empWantedTitle>
 <empBusiNm>
  한국여성정책연구원
 </empBusiNm>
 <coClcdNm>
  공공기관
 </coClcdNm>
 <empWantedStdt>
  20190321
 </empWantedStdt>
 <empWantedEndt>
  20190404
 </empWantedEndt>
 <empWantedHomepg>
  http://www.kwdi.re.kr
 </empWantedHomepg>
 <empWantedHomepgDetail>
  http://www.kwdi.re.kr/plaza/recruitView.do?p=1&amp;idx=123377
 </empWantedHomepgDetail>
 <empWantedMobileUrl></empWantedMobileUrl>
 <regLogImgNm>
  http://www.work.go.kr/framework/filedownload/getImage.do?filePathName=KuBCC2IodBkj%2Frlv8XuRio7tN8%2FfS0w1%2BizSZ9MRlvJoSCVyUTrOo7hBDpiOJTGn7suWeZYPwv8GKFqD7PXO%2Fg%3D%3D
 </regLogImgNm>
 <empWantedTypeNm>
  기간제|기타
 </empWantedTypeNm>
 <empWatedJobsNm></empWatedJobsNm>
 <empWatedCont></empWatedCont>
 <attachFileList>
  <fileListInfo>
   <regFileUrl>
    http://www.work.go.kr/framework/filedownload/keisDownload.do?filePathName=ydWIN1A%2BKOBWJtl5zkQ5WwDuw9Hpn%2F5n9vcM7n4HKqqb0%2FM9JmbtqfC4491t9rJI7V4oFX2qHwdUm1Pk3rxYiiOUJF4ulm4YsdAK9U8nLyQ%2FqnZOt3I6bBQ2XLMmcqSJ&amp;realFileNm=7ZWc6rWt7Jes7ISx7KCV7LGF7Jew6rWs7JuQK+yngeustOq4sOyIoOyEnF/snbzrsJjtlonsoJUuaHdw
   </regFileUrl>
   <realFileNm>
    한국여성정책연구원+직무기술서_일반행정.hwp
   </realFileNm>
  </fileListInfo>
 </attachFileList>
 <empSelfintroList>
  <empSelsListInfo>
   <selfintroQstCont></selfintroQstCont>
  </empSelsListInfo>
 </empSelfintroList>
 <empSelsList>
  <empSelsListInfo>
   <selsNm>
    서류심사
   </selsNm>
   <selsSchdCont></selsSchdCont>
   <selsCont>
    ※ 서류심사 결과는 4. 12일 발표 예정, 변경가능
   </selsCont>
   <selsMemoCont></selsMemoCont>
  </empSelsListInfo>
  <empSelsListInfo>
   <selsNm>
    면접심사
   </selsNm>
   <selsSchdCont></selsSchdCont>
   <selsCont>
    일반면접
   </selsCont>
   <selsMemoCont></selsMemoCont>
  </empSelsListInfo>
  <empSelsListInfo>
   <selsNm>
    임용
   </selsNm>
   <selsSchdCont></selsSchdCont>
   <selsCont>
    2019. 4월(예정)
   </selsCont>
   <selsMemoCont></selsMemoCont>
  </empSelsListInfo>
 </empSelsList>
 <empRecrList>
  <empRecrListInfo>
   <empRecrNm>
    행정직_일반행정
   </empRecrNm>
   <jobCont>
    (일반행정 분야) •행정일반(기획,예산,재무,회계,총무,인사,구매,연구관리 등 경영기획 및 행정일반)
   </jobCont>
   <empWantedCareerNm>
    경력
   </empWantedCareerNm>
   <empWantedEduNm></empWantedEduNm>
   <sptCertEtc></sptCertEtc>
   <recrPsncnt>
    0
   </recrPsncnt>
   <empRecrMemoCont></empRecrMemoCont>
   <workRegionNm>
    서울
   </workRegionNm>
  </empRecrListInfo>
 </empRecrList>
 <empJobsList>
  <empJobsListInfo>
   <jobsCd>
    025500
   </jobsCd>
   <jobsCdKorNm>
    공공행정 사무원
   </jobsCdKorNm>
  </empJobsListInfo>
 </empJobsList>
 <empnRecrSummaryCont></empnRecrSummaryCont>
 <recrCommCont>
  [구분] - 신입 [근무조건] 가. 직 위 : 계약직 ※ 임용기간은 1년(육아휴직대체 기간까지) 나. 보 수 : 내부규정에 따름 다. 직급 : 행정원(육아휴직대체) [지원자격] (기본자격 사항) ‧ 국가공무원법상 임용에 결격사유가 없는 자 ‧ 공공기관에서 부정한 방법으로 채용된 사실이 없는 자 ‧ 연령•성별 무관 (우대사항) ‧ 국가유공자 등 취업보호대상자, 장애인
 </recrCommCont>
 <empSubmitDocCont>
  [서류전형] * 제출처 : 온라인제출 * 필수서류 - 블라인드 채용 입사지원서 *해당자 제출 - 취업지원대상자증명서 및 장애인등록증 사본 [면접전형]※ 서류전형 합격자에 한함 * 제출처: 메일제출 (recruit@kwdimail.re.kr) * 필수서류 - 대학 및 대학원 학위증명서 및 성적증명서 ※ 외국 학위취득자는 한국연구재단 학위신고필증 사본 첨부 ※ 편입생은 편입 전 대학졸업증명서(또는 수료증명서) 추가 제출 * 해당자 제출 - 공인 외국어성적표 사본 각 1부(해당자)(지원서 마감일기준 최근 2년 이내 성적) - 지원서에 기재한 면허/자격증 사본 각 1부 - 경력증명서 및 재직증명서 - 자격증 사본 ※ 위 제출 서류는 사실확인을 위한 목적으로만 활용되며 추후 면접위원에게는 제공되지 않거나 제공시 블라인드 처리 후 제공됩니다.
 </empSubmitDocCont>
 <empRcptMthdCont>
  - 채용홈페이지 온라인 접수(http://kwdi.re.kr-,열린광장-채용공고)
 </empRcptMthdCont>
 <empAcptPsnAnncCont></empAcptPsnAnncCont>
 <inqryCont>
  문 의 처 : (02)3156-7016, 7235
 </inqryCont>
 <empnEtcCont>
  가. 지원 희망자는 자격요건 등의 적합여부를 판단하여 원서 접수를 요청함. 나. 입사지원서 기재사항 착오, 누락 또는 연락불능으로 인한 불이익은 본인 책임이며, 제출서류의 허위사실이 발견 되거나 신원조회 결과 임용 부적격자로 판단될 경우에는 합격 또는 임용을 취소함. 다. 채용예정인원 중 전형결과 적격자가 없다고 판단되는 경우 최종 합격자가 없을 수 있으며, 합격자는 합격통지일을 기준으로 정상근무가 가능하여야함. 라. 온라인
 </empnEtcCont>
</dhsOpenEmpInfoDetailRoot>