<?xml version="1.0" encoding="UTF-8"?>
<dhsOpenEmpInfoDetailRoot>
 <empSeqno>
  37625
 </empSeqno>
 <empWantedTitle>
  사내변호사 채용
 </empWantedTitle>
 <empBusiNm>
  코오롱
 </empBusiNm>
 <coClcdNm>
  대기업
 </coClcdNm>
 <empWantedStdt>
  20190320
 </empWantedStdt>
 <empWantedEndt>
  20190403
 </empWantedEndt>
 <empWantedHomepg>
  https://www.kolon.com
 </empWantedHomepg>
 <empWantedHomepgDetail>
  https://dream.kolon.com/RECRUIT_KOLON/hr/rec/recruit/main/controller/candidate/MainRecruitWebController/init.hr
 </empWantedHomepgDetail>
 <empWantedMobileUrl></empWantedMobileUrl>
 <regLogImgNm>
  http://www.work.go.kr/framework/filedownload/getImage.do?filePathName=KuBCC2IodBkj%2Frlv8XuRihSNUHb7H3Jb5gf3mKUDsNFQEvCQUCrwa3uOEcLsGchw7suWeZYPwv8GKFqD7PXO%2Fg%3D%3D
 </regLogImgNm>
 <empWantedTypeNm>
  정규직
 </empWantedTypeNm>
 <empWatedJobsNm></empWatedJobsNm>
 <empWatedCont></empWatedCont>
 <empSelfintroList>
  <empSelsListInfo>
   <selfintroQstCont></selfintroQstCont>
  </empSelsListInfo>
 </empSelfintroList>
 <empSelsList>
  <empSelsListInfo>
   <selsNm>
    서류전형
   </selsNm>
   <selsSchdCont></selsSchdCont>
   <selsCont></selsCont>
   <selsMemoCont></selsMemoCont>
  </empSelsListInfo>
  <empSelsListInfo>
   <selsNm>
    1차면접
   </selsNm>
   <selsSchdCont></selsSchdCont>
   <selsCont></selsCont>
   <selsMemoCont></selsMemoCont>
  </empSelsListInfo>
  <empSelsListInfo>
   <selsNm>
    2차면접
   </selsNm>
   <selsSchdCont></selsSchdCont>
   <selsCont></selsCont>
   <selsMemoCont></selsMemoCont>
  </empSelsListInfo>
  <empSelsListInfo>
   <selsNm>
    건강검진
   </selsNm>
   <selsSchdCont></selsSchdCont>
   <selsCont></selsCont>
   <selsMemoCont></selsMemoCont>
  </empSelsListInfo>
  <empSelsListInfo>
   <selsNm>
    최종합격
   </selsNm>
   <selsSchdCont></selsSchdCont>
   <selsCont></selsCont>
   <selsMemoCont></selsMemoCont>
  </empSelsListInfo>
  <empSelsListInfo>
   <selsNm>
    기타
   </selsNm>
   <selsSchdCont></selsSchdCont>
   <selsCont>
    ※합격자 발표일: 4월 중 / ※발표방법: 이메일을 통해 발표
   </selsCont>
   <selsMemoCont></selsMemoCont>
  </empSelsListInfo>
 </empSelsList>
 <empRecrList>
  <empRecrListInfo>
   <empRecrNm>
    사내변호사
   </empRecrNm>
   <jobCont>
    - 계약서 검토 및 법률자문 등 사업부서 법무지원 / 소송,협상 지원 및 수행 / 법무 Compliance 업무 수행
   </jobCont>
   <empWantedCareerNm>
    경력
   </empWantedCareerNm>
   <empWantedEduNm>
    대졸(4)|박사
   </empWantedEduNm>
   <sptCertEtc></sptCertEtc>
   <recrPsncnt>
    0
   </recrPsncnt>
   <empRecrMemoCont></empRecrMemoCont>
   <workRegionNm>
    경기 과천시
   </workRegionNm>
  </empRecrListInfo>
 </empRecrList>
 <empJobsList>
  <empJobsListInfo>
   <jobsCd>
    221200
   </jobsCd>
   <jobsCdKorNm>
    변호사
   </jobsCdKorNm>
  </empJobsListInfo>
 </empJobsList>
 <empnRecrSummaryCont></empnRecrSummaryCont>
 <recrCommCont></recrCommCont>
 <empSubmitDocCont>
  - 취업보호 대상 증명원 ,어학성적표,경력증명서,자격증 사본,최종학교 졸업증명서,학부 졸업증명서, 학부 성적증명서(학부 졸업증명서 체크시 입력가능) &lt;※ 자기소개서는 자유 양식으로 개별 작성하시어 파일 첨부 바랍니다&gt;
 </empSubmitDocCont>
 <empRcptMthdCont>
  - 그룹채용홈페이지(http://dream.kolon.com) 입사지원
 </empRcptMthdCont>
 <empAcptPsnAnncCont></empAcptPsnAnncCont>
 <inqryCont>
  - 채용홈페이지 '나의 채용문의'로 문의
 </inqryCont>
 <empnEtcCont></empnEtcCont>
</dhsOpenEmpInfoDetailRoot>