<?xml version="1.0" encoding="UTF-8"?>
<dhsOpenEmpInfoDetailRoot>
 <empSeqno>
  37129
 </empSeqno>
 <empWantedTitle>
  [Expert]Tmap택시/대중교통 서비스 서버 개발
 </empWantedTitle>
 <empBusiNm>
  에스케이텔레콤
 </empBusiNm>
 <coClcdNm>
  대기업
 </coClcdNm>
 <empWantedStdt>
  20190307
 </empWantedStdt>
 <empWantedEndt>
  20190406
 </empWantedEndt>
 <empWantedHomepg>
  http://www.sktelecom.com
 </empWantedHomepg>
 <empWantedHomepgDetail>
  https://tas-sktelecom.taleo.net/careersection/ex/moresearch.ftl?lang=ko&amp;portal
 </empWantedHomepgDetail>
 <empWantedMobileUrl></empWantedMobileUrl>
 <regLogImgNm>
  http://www.work.go.kr/framework/filedownload/getImage.do?filePathName=KuBCC2IodBkj%2Frlv8XuRiqWFTeUnC7Ku62jSw89T55S8vfkZRM3S%2FA9%2FFLaarZ0gVCYZge%2B3Ai%2BWL36%2FdbFmVg%3D%3D
 </regLogImgNm>
 <empWantedTypeNm>
  정규직
 </empWantedTypeNm>
 <empWatedJobsNm></empWatedJobsNm>
 <empWatedCont></empWatedCont>
 <empSelfintroList>
  <empSelsListInfo>
   <selfintroQstCont></selfintroQstCont>
  </empSelsListInfo>
 </empSelfintroList>
 <empSelsList>
  <empSelsListInfo>
   <selsNm>
    서류전형
   </selsNm>
   <selsSchdCont></selsSchdCont>
   <selsCont></selsCont>
   <selsMemoCont></selsMemoCont>
  </empSelsListInfo>
  <empSelsListInfo>
   <selsNm>
    직무면접
   </selsNm>
   <selsSchdCont></selsSchdCont>
   <selsCont></selsCont>
   <selsMemoCont></selsMemoCont>
  </empSelsListInfo>
  <empSelsListInfo>
   <selsNm>
    임원면접
   </selsNm>
   <selsSchdCont></selsSchdCont>
   <selsCont></selsCont>
   <selsMemoCont></selsMemoCont>
  </empSelsListInfo>
  <empSelsListInfo>
   <selsNm>
    SKCT
   </selsNm>
   <selsSchdCont></selsSchdCont>
   <selsCont></selsCont>
   <selsMemoCont></selsMemoCont>
  </empSelsListInfo>
  <empSelsListInfo>
   <selsNm>
    건강검진
   </selsNm>
   <selsSchdCont></selsSchdCont>
   <selsCont></selsCont>
   <selsMemoCont></selsMemoCont>
  </empSelsListInfo>
 </empSelsList>
 <empRecrList>
  <empRecrListInfo>
   <empRecrNm>
    Tmap택시/대중교통 서비스 서버 개발
   </empRecrNm>
   <jobCont>
    –​ Tmap택시, 대중교통 서비스 서버 개발 및 운영 – 사용자 지향의 서비스 플랫폼 설계/개발 –빅데이터 기반의 교통정보 분석, 예측 시스템 개발 – Web 기반의 Back-office 개발
   </jobCont>
   <empWantedCareerNm>
    경력
   </empWantedCareerNm>
   <empWantedEduNm>
    대졸(4)|박사
   </empWantedEduNm>
   <sptCertEtc>
    – 총 보유경력 : 5년 이상 – 학력/전공 : 학사 이상 / 컴퓨터 공학 및 유사 전공 – 기술/경험 (Language, 특수자격증, 해외체류경험 등) – Java 중급 이상 (필수) – Spring Framework 기반의 Java Web Application 개발/운영 경험 (필수) – RDBMS(mysql, oracle) 기반 DB 모델링 경험 (필수) – NoSQL, Redis, RabbitMQ 등 오픈 소스 플랫폼을 이용한 서비스 개발/운영 경험 (우대) – JPA, Hibernate 경험 (우대) – 비동기 Event-driven Application 개발 경험 (우대)
   </sptCertEtc>
   <recrPsncnt></recrPsncnt>
   <empRecrMemoCont></empRecrMemoCont>
   <workRegionNm></workRegionNm>
  </empRecrListInfo>
 </empRecrList>
 <empJobsList>
  <empJobsListInfo>
   <jobsCd>
    024
   </jobsCd>
   <jobsCdKorNm>
    소프트웨어
   </jobsCdKorNm>
  </empJobsListInfo>
 </empJobsList>
 <empnRecrSummaryCont></empnRecrSummaryCont>
 <recrCommCont>
  - 주 근무지 : 본사_파인에비뉴 - 직무 : SW Engineering - 조직 : Mobility기술Unit - 직급유형 : 실무직(Expert)
 </recrCommCont>
 <empSubmitDocCont></empSubmitDocCont>
 <empRcptMthdCont>
  - 채용 홈페이지를 통해 접수
 </empRcptMthdCont>
 <empAcptPsnAnncCont></empAcptPsnAnncCont>
 <inqryCont>
  - 채용 홈페이지를 통해 문의
 </inqryCont>
 <empnEtcCont></empnEtcCont>
</dhsOpenEmpInfoDetailRoot>