<?xml version="1.0" encoding="UTF-8"?>
<dhsOpenEmpInfoDetailRoot>
 <empSeqno>
  37619
 </empSeqno>
 <empWantedTitle>
  인사/총무 담당자 모집 (계약직)
 </empWantedTitle>
 <empBusiNm>
  컴투스
 </empBusiNm>
 <coClcdNm>
  중견기업
 </coClcdNm>
 <empWantedStdt>
  20190321
 </empWantedStdt>
 <empWantedEndt>
  20190430
 </empWantedEndt>
 <empWantedHomepg>
  http://www.com2us.com
 </empWantedHomepg>
 <empWantedHomepgDetail>
  https://com2us.recruiter.co.kr/app/jobnotice/view?systemKindCode=MRS2&amp;jobnoticeSn=8058
 </empWantedHomepgDetail>
 <empWantedMobileUrl></empWantedMobileUrl>
 <regLogImgNm>
  http://www.work.go.kr/framework/filedownload/getImage.do?filePathName=ZGI9%2BubbEcHpFsdRT26HvLvxxitjxM%2FjKk8dcYhd3aSgCsdKQLZWpd9vvZn5S2p1
 </regLogImgNm>
 <empWantedTypeNm>
  기타
 </empWantedTypeNm>
 <empWatedJobsNm></empWatedJobsNm>
 <empWatedCont></empWatedCont>
 <empSelfintroList>
  <empSelsListInfo>
   <selfintroQstCont></selfintroQstCont>
  </empSelsListInfo>
 </empSelfintroList>
 <empSelsList>
  <empSelsListInfo>
   <selsNm>
    서류전형
   </selsNm>
   <selsSchdCont></selsSchdCont>
   <selsCont>
    결과발표: 서류 전형 합격자에 한하여 입사지원서 제출 후 2~3주 내 개별 통보 예정
   </selsCont>
   <selsMemoCont></selsMemoCont>
  </empSelsListInfo>
  <empSelsListInfo>
   <selsNm>
    1차면접
   </selsNm>
   <selsSchdCont></selsSchdCont>
   <selsCont></selsCont>
   <selsMemoCont></selsMemoCont>
  </empSelsListInfo>
  <empSelsListInfo>
   <selsNm>
    2차면접
   </selsNm>
   <selsSchdCont></selsSchdCont>
   <selsCont></selsCont>
   <selsMemoCont></selsMemoCont>
  </empSelsListInfo>
  <empSelsListInfo>
   <selsNm>
    최종합격
   </selsNm>
   <selsSchdCont></selsSchdCont>
   <selsCont></selsCont>
   <selsMemoCont></selsMemoCont>
  </empSelsListInfo>
  <empSelsListInfo>
   <selsNm>
    기타
   </selsNm>
   <selsSchdCont></selsSchdCont>
   <selsCont>
    내부 사정으로 인해 변동 가능/ 당사 사정에 따라 전형 절차, 일정 등은 변경 될 수 있습니다.
   </selsCont>
   <selsMemoCont></selsMemoCont>
  </empSelsListInfo>
 </empSelsList>
 <empRecrList>
  <empRecrListInfo>
   <empRecrNm>
    인사
   </empRecrNm>
   <jobCont>
    - 총무 업무 보조 (사내집기, 법인차량, IT 비품 관리 등) - 사옥관리 (Layout, 시설등)
   </jobCont>
   <empWantedCareerNm></empWantedCareerNm>
   <empWantedEduNm></empWantedEduNm>
   <sptCertEtc></sptCertEtc>
   <recrPsncnt></recrPsncnt>
   <empRecrMemoCont></empRecrMemoCont>
   <workRegionNm>
    서울 금천구
   </workRegionNm>
  </empRecrListInfo>
  <empRecrListInfo>
   <empRecrNm>
    총무
   </empRecrNm>
   <jobCont>
    - 근태 데이터 관리 - 기타 인사 관련 사무 보조
   </jobCont>
   <empWantedCareerNm></empWantedCareerNm>
   <empWantedEduNm></empWantedEduNm>
   <sptCertEtc></sptCertEtc>
   <recrPsncnt></recrPsncnt>
   <empRecrMemoCont></empRecrMemoCont>
   <workRegionNm>
    서울 금천구
   </workRegionNm>
  </empRecrListInfo>
 </empRecrList>
 <empJobsList>
  <empJobsListInfo>
   <jobsCd>
    017
   </jobsCd>
   <jobsCdKorNm>
    경영지원 사무
   </jobsCdKorNm>
  </empJobsListInfo>
 </empJobsList>
 <empnRecrSummaryCont></empnRecrSummaryCont>
 <recrCommCont>
  ■ 채용 형태 - 계약직 ■ 근무 장소 - 서울 금천구 가산디지털1로 131 BYC하이시티 A동 12층 (지하철 1, 7호선 가산디지털단지역 도보 5분) ■ 우대 사항 - 관련 경력 보유자 - 커뮤니케이션 스킬 및 팀워크가 우수한 분 - 컴퓨터 및 MS Office 활용 능력 우수자 * 보훈대상자 및 장애인은 관련 법에 준하여 우대 합니다.
 </recrCommCont>
 <empSubmitDocCont></empSubmitDocCont>
 <empRcptMthdCont>
  - 채용 홈페이지 온라인 지원
 </empRcptMthdCont>
 <empAcptPsnAnncCont></empAcptPsnAnncCont>
 <inqryCont>
  메일 문의(recruit@com2us.com) / 카카오톡 : '@컴투스채용' 친구 등록 후 1:1 개별상담 및 문의 가능
 </inqryCont>
 <empnEtcCont>
  * 본 채용은 수시 채용으로, 先지원자에게 먼저 면접의 기회가 부여되므로 빠른 지원 바랍니다. * 응시원서의 기재사항이 사실과 다를 경우 합격이 취소될 수 있습니다. * 접수된 서류는 일절 반환하지 않으니 참고 바랍니다.
 </empnEtcCont>
</dhsOpenEmpInfoDetailRoot>