<?xml version="1.0" encoding="UTF-8"?>
<dhsOpenEmpInfoDetailRoot>
 <empSeqno>
  33000
 </empSeqno>
 <empWantedTitle>
  콘텐츠 기획 / 영상 디자인 인턴
 </empWantedTitle>
 <empBusiNm>
  스마트스터디
 </empBusiNm>
 <coClcdNm></coClcdNm>
 <empWantedStdt>
  20181119
 </empWantedStdt>
 <empWantedEndt>
  20191207
 </empWantedEndt>
 <empWantedHomepg>
  http://www.smartstudy.co.kr
 </empWantedHomepg>
 <empWantedHomepgDetail>
  https://smartstudy.workable.com/j/6B015BA417
 </empWantedHomepgDetail>
 <empWantedMobileUrl></empWantedMobileUrl>
 <regLogImgNm>
  http://www.work.go.kr/framework/filedownload/getImage.do?filePathName=KuBCC2IodBkj%2Frlv8XuRipsYCAiU0F8MTPGZSFY1Rek4uMWVagJBCVAtvg1B38sM7suWeZYPwv8GKFqD7PXO%2Fg%3D%3D
 </regLogImgNm>
 <empWantedTypeNm>
  정규직전환형|기간제|기타
 </empWantedTypeNm>
 <empWatedJobsNm></empWatedJobsNm>
 <empWatedCont></empWatedCont>
 <empSelfintroList>
  <empSelsListInfo>
   <selfintroQstCont></selfintroQstCont>
  </empSelsListInfo>
 </empSelfintroList>
 <empSelsList>
  <empSelsListInfo>
   <selsNm>
    서류전형
   </selsNm>
   <selsSchdCont></selsSchdCont>
   <selsCont></selsCont>
   <selsMemoCont></selsMemoCont>
  </empSelsListInfo>
  <empSelsListInfo>
   <selsNm>
    실무면접
   </selsNm>
   <selsSchdCont></selsSchdCont>
   <selsCont>
    12월 둘째주~셋째주 예정
   </selsCont>
   <selsMemoCont></selsMemoCont>
  </empSelsListInfo>
  <empSelsListInfo>
   <selsNm>
    최종합격
   </selsNm>
   <selsSchdCont></selsSchdCont>
   <selsCont></selsCont>
   <selsMemoCont></selsMemoCont>
  </empSelsListInfo>
 </empSelsList>
 <empRecrList>
  <empRecrListInfo>
   <empRecrNm>
    콘텐츠 기획 / 영상 디자인(정규직전환형)
   </empRecrNm>
   <jobCont>
    [주요업무] * 콘텐츠 기획자 - 아이들이 스스로 찾아서 보는 즐겁고 유익한 교육 콘텐츠 개발 - 어른에게도, 아이에게도 즐겁고 유익한 동요, 동화, 다큐멘터리 기획 및 제작 - 유아동을 위한 Play&amp;Learn 커리큘럼 개발 - 글로벌 서비스를 위한 다국어 버전 제작 # 업무내용 * 콘텐츠 주제선정(동물, 우주, 인체, 영어학습, 체조, 정서, 과학, 미술 등)-&gt;장르결정(동요, 동화, 다큐 등) -&gt; 주제와 장르에 맞는 구성요소 기획(스토리 플롯, 가사, 음원, BG 등) -&gt; 제작 * 캐릭터 및 영상 디자이너 - 핑크퐁 유아동 교육 콘텐츠 내 캐릭터 디자인, 영상 컨셉 디자인(포토샵, 일러스트레이터 사용) - 영상 기획 및 스토리보드 제작, 마스터 영상 제작(플래시, 애프터이펙트 사용) [자격요건] - 유아동 콘텐츠 제작 경험 - 어린이 애니메이션, 유아 교육 콘텐츠를 좋아하는 분 - 창의적 아이디어와 재미있게 표현하는 센스를 갖추신 분 - 여러 사람과의 협업을 잘 이끌어 낼 수 있는 커뮤니케이션 능력을 가진 분 - 실행력과 꼼꼼함을 두루 갖추신 분
   </jobCont>
   <empWantedCareerNm>
    인턴
   </empWantedCareerNm>
   <empWantedEduNm></empWantedEduNm>
   <sptCertEtc></sptCertEtc>
   <recrPsncnt></recrPsncnt>
   <empRecrMemoCont></empRecrMemoCont>
   <workRegionNm></workRegionNm>
  </empRecrListInfo>
 </empRecrList>
 <empJobsList>
  <empJobsListInfo>
   <jobsCd>
    05
   </jobsCd>
   <jobsCdKorNm>
    예술·디자인·방송·스포츠
   </jobsCdKorNm>
  </empJobsListInfo>
 </empJobsList>
 <empnRecrSummaryCont></empnRecrSummaryCont>
 <recrCommCont>
  [근무기간] - 3개월(1월 2일 입사예정) / 근무우수자에 한해 정규직 전환 기회 부여 [우대사항] * 콘텐츠 기획자 - 영어 또는 중국어, 일본어, 스페인어 등 1개 이상 언어에 능통하신 분 - 음악 관련 기획이나 동아리 경험이 있으신 분 - 유아동을 위한 Play&amp;Learn 커리큘럼 개발 * 캐릭터 및 영상 디자이너 - 드로잉, 영상 제작 모두 가능하신 분 - 밝은 색감, 유아동 콘텐츠에 대한 이해가 높은 분 [Benefits] - '별명+님'으로 부르는 수평적 호칭 문화 - 나만의 개성이 담긴, 네트워킹이 잘 되는 캐릭터 명함 - 본인 결혼시 경조금 '나이×4만원' 지급 - 동아리 활동 지원(상어 가족 수영 동아리 등) - 유연한 출퇴근 시간&amp;어디서든 원격 재택 근무가 가능한 합리적인 자율 근무
 </recrCommCont>
 <empSubmitDocCont>
  - 자유양식의 이력서 및 자기소개서(PDF파일) ※ 메일주소를 다시 한번 확인 해 주세요.
 </empSubmitDocCont>
 <empRcptMthdCont>
  - 채용홈페이지를 통한 지원
 </empRcptMthdCont>
 <empAcptPsnAnncCont></empAcptPsnAnncCont>
 <inqryCont>
  - 채용문의 : hr_mate@smartstudy.co.kr
 </inqryCont>
 <empnEtcCont>
  ※ 자세한 내용은 채용홈페이지를 참조바랍니다.
 </empnEtcCont>
</dhsOpenEmpInfoDetailRoot>