<?xml version="1.0" encoding="UTF-8"?>
<dhsOpenEmpInfoDetailRoot>
 <empSeqno>
  37070
 </empSeqno>
 <empWantedTitle>
  프로모션 광고 영업
 </empWantedTitle>
 <empBusiNm>
  아프리카티비
 </empBusiNm>
 <coClcdNm>
  중견기업
 </coClcdNm>
 <empWantedStdt>
  20190307
 </empWantedStdt>
 <empWantedEndt>
  20190507
 </empWantedEndt>
 <empWantedHomepg>
  http://corp.afreecatv.com
 </empWantedHomepg>
 <empWantedHomepgDetail>
  https://recruit.afreecatv.com/#537
 </empWantedHomepgDetail>
 <empWantedMobileUrl></empWantedMobileUrl>
 <regLogImgNm>
  http://www.work.go.kr/framework/filedownload/getImage.do?filePathName=KuBCC2IodBkj%2Frlv8XuRirTW8VVbdvxZp%2BioNmBLyYt4HYUmPqULHHGyTMLZs2gp7suWeZYPwv8GKFqD7PXO%2Fg%3D%3D
 </regLogImgNm>
 <empWantedTypeNm>
  정규직
 </empWantedTypeNm>
 <empWatedJobsNm></empWatedJobsNm>
 <empWatedCont></empWatedCont>
 <empSelfintroList>
  <empSelsListInfo>
   <selfintroQstCont></selfintroQstCont>
  </empSelsListInfo>
 </empSelfintroList>
 <empSelsList>
  <empSelsListInfo>
   <selsNm>
    입사지원
   </selsNm>
   <selsSchdCont></selsSchdCont>
   <selsCont></selsCont>
   <selsMemoCont></selsMemoCont>
  </empSelsListInfo>
  <empSelsListInfo>
   <selsNm>
    서류심사
   </selsNm>
   <selsSchdCont></selsSchdCont>
   <selsCont></selsCont>
   <selsMemoCont></selsMemoCont>
  </empSelsListInfo>
  <empSelsListInfo>
   <selsNm>
    1차 인터뷰
   </selsNm>
   <selsSchdCont></selsSchdCont>
   <selsCont></selsCont>
   <selsMemoCont></selsMemoCont>
  </empSelsListInfo>
  <empSelsListInfo>
   <selsNm>
    2차 인터뷰
   </selsNm>
   <selsSchdCont></selsSchdCont>
   <selsCont></selsCont>
   <selsMemoCont></selsMemoCont>
  </empSelsListInfo>
  <empSelsListInfo>
   <selsNm>
    최종합격
   </selsNm>
   <selsSchdCont></selsSchdCont>
   <selsCont></selsCont>
   <selsMemoCont></selsMemoCont>
  </empSelsListInfo>
  <empSelsListInfo>
   <selsNm>
    기타
   </selsNm>
   <selsSchdCont></selsSchdCont>
   <selsCont>
    서류 전형 결과는 입사지원서 접수 마감일로부터 1주일 이후 홈페이지 지원결과 조회에서 확인 하실 수 있으며, 합격자에게는 유선 및 이메일을 통하며 개별적으로 안내드립니다.
   </selsCont>
   <selsMemoCont></selsMemoCont>
  </empSelsListInfo>
 </empSelsList>
 <empRecrList>
  <empRecrListInfo>
   <empRecrNm>
    아프리카TV 프로모션 광고 영업
   </empRecrNm>
   <jobCont>
    - 광고주 브랜드 최적의 프로모션 통합 기획/제안 영업 - 아프리카TV 포함 컨텐츠 광고 기반의 이벤트/BTL/디지털을 통합한 광고 영업
   </jobCont>
   <empWantedCareerNm>
    신입
   </empWantedCareerNm>
   <empWantedEduNm></empWantedEduNm>
   <sptCertEtc>
    - 광고대행사(ATL,BTL,디지털) 업무 경험자 - 마케팅 통합 제안서 기획 경험자 (직접 작성한 포트폴리오) - 정부 관공서 입찰 및 프로모션(행사 실행) 경험자
   </sptCertEtc>
   <recrPsncnt></recrPsncnt>
   <empRecrMemoCont></empRecrMemoCont>
   <workRegionNm></workRegionNm>
  </empRecrListInfo>
 </empRecrList>
 <empJobsList>
  <empJobsListInfo>
   <jobsCd>
    612400
   </jobsCd>
   <jobsCdKorNm>
    제품·광고 영업원
   </jobsCdKorNm>
  </empJobsListInfo>
 </empJobsList>
 <empnRecrSummaryCont></empnRecrSummaryCont>
 <recrCommCont>
  [복리후생] - 사내카페 &amp;apos;휴방&amp;apos;, 건강관리, 리프레쉬 휴가, 경조사 지원, 가족케어 프로그램, 자기계발, 복지포인트, 리조트, 사내 동호회, 조시고가 석식 제공, 카풀지원 ※ 자세한 사항은 채용 홈페이지 참조
 </recrCommCont>
 <empSubmitDocCont></empSubmitDocCont>
 <empRcptMthdCont>
  - 채용 홈페이지 온라인 지원 - 입사지원은 당사 홈페이지를 통해서만 접수받으며, 이메일 및 우편/방문접수는 받지 않습니다. ※ 채용완료시까지
 </empRcptMthdCont>
 <empAcptPsnAnncCont></empAcptPsnAnncCont>
 <inqryCont>
  - 문의사항은 recruit@afreecatv.com 으로 하시기 바랍니다.
 </inqryCont>
 <empnEtcCont>
  - 최종 제출하신 지원서는 수정하실 수 없으니, 임시저장 기능을 활용하시기 바랍니다.
 </empnEtcCont>
</dhsOpenEmpInfoDetailRoot>