<?xml version="1.0" encoding="UTF-8"?>
<dhsOpenEmpInfoDetailRoot>
 <empSeqno>
  37515
 </empSeqno>
 <empWantedTitle>
  2019년 상반기 정규직(경영행정분야) 채용공고
 </empWantedTitle>
 <empBusiNm>
  한국화학연구원
 </empBusiNm>
 <coClcdNm>
  공기업
 </coClcdNm>
 <empWantedStdt>
  20190319
 </empWantedStdt>
 <empWantedEndt>
  20190402
 </empWantedEndt>
 <empWantedHomepg>
  http://www.krict.re.kr
 </empWantedHomepg>
 <empWantedHomepgDetail>
  https://krict.recruiter.co.kr/app/jobnotice/view?systemKindCode=MRS2&amp;jobnoticeSn=7206
 </empWantedHomepgDetail>
 <empWantedMobileUrl></empWantedMobileUrl>
 <regLogImgNm>
  http://www.work.go.kr/framework/filedownload/getImage.do?filePathName=KuBCC2IodBkj%2Frlv8XuRinN703rWrXH3lOaLLxqJgPb%2BoZg%2By8F5Az17NA9SGshC7suWeZYPwv8GKFqD7PXO%2Fg%3D%3D
 </regLogImgNm>
 <empWantedTypeNm>
  정규직
 </empWantedTypeNm>
 <empWatedJobsNm></empWatedJobsNm>
 <empWatedCont></empWatedCont>
 <attachFileList>
  <fileListInfo>
   <regFileUrl>
    http://www.work.go.kr/framework/filedownload/keisDownload.do?filePathName=ydWIN1A%2BKOBWJtl5zkQ5WwDuw9Hpn%2F5n9vcM7n4HKqqWunFywgFpYrz%2BL2Ow1PM%2Bk6jgRMSrFf60FJ3YRvkBgl%2FcuPVJZyr%2BoO6Z%2FDJwNwS6FvNdRITlyEe7%2BTpu9lUT&amp;realFileNm=MjAxOeuFhCDsg4HrsJjquLAg7KCV6rec7KeBKOqyveyYge2Wieygleu2hOyVvCkuemlw
   </regFileUrl>
   <realFileNm>
    2019년 상반기 정규직(경영행정분야).zip
   </realFileNm>
  </fileListInfo>
 </attachFileList>
 <empSelfintroList>
  <empSelsListInfo>
   <selfintroQstCont></selfintroQstCont>
  </empSelsListInfo>
 </empSelfintroList>
 <empSelsList>
  <empSelsListInfo>
   <selsNm>
    1차 서류심사
   </selsNm>
   <selsSchdCont></selsSchdCont>
   <selsCont></selsCont>
   <selsMemoCont></selsMemoCont>
  </empSelsListInfo>
  <empSelsListInfo>
   <selsNm>
    2차 필기시험(NCS직업기초능력평가)
   </selsNm>
   <selsSchdCont>
    전형일자 4.21(일)
   </selsSchdCont>
   <selsCont>
    2차 필기시험은 1차 전형 합격자에 한해 개별 안내. 2차 전형 합격자에 한하여 인성검사 실시(개인별 온라인 검사).
   </selsCont>
   <selsMemoCont></selsMemoCont>
  </empSelsListInfo>
  <empSelsListInfo>
   <selsNm>
    3차 종합면접
   </selsNm>
   <selsSchdCont>
    전형시기 5월 중(예정)
   </selsSchdCont>
   <selsCont>
    3차 전형은 직무수행능력,태도 등에 대해 평가하며, 개인별 발표 주제는 2차전형 합격자에 한해 개별 통보
   </selsCont>
   <selsMemoCont></selsMemoCont>
  </empSelsListInfo>
  <empSelsListInfo>
   <selsNm>
    ※기타
   </selsNm>
   <selsSchdCont></selsSchdCont>
   <selsCont>
    상기 일정은 전형 진행 상황에 따라 변경될 수 있음. 전형 세부 내용은 공고문 참고 바랍니다.
   </selsCont>
   <selsMemoCont></selsMemoCont>
  </empSelsListInfo>
 </empSelsList>
 <empRecrList>
  <empRecrListInfo>
   <empRecrNm>
    경영.행정
   </empRecrNm>
   <jobCont>
    - 직무기술서(별첨) 참고
   </jobCont>
   <empWantedCareerNm></empWantedCareerNm>
   <empWantedEduNm></empWantedEduNm>
   <sptCertEtc></sptCertEtc>
   <recrPsncnt>
    3
   </recrPsncnt>
   <empRecrMemoCont></empRecrMemoCont>
   <workRegionNm>
    대전
   </workRegionNm>
  </empRecrListInfo>
 </empRecrList>
 <empJobsList>
  <empJobsListInfo>
   <jobsCd>
    011
   </jobsCd>
   <jobsCdKorNm>
    행정·경영·금융·보험 관리직
   </jobsCdKorNm>
  </empJobsListInfo>
 </empJobsList>
 <empnRecrSummaryCont></empnRecrSummaryCont>
 <recrCommCont></recrCommCont>
 <empSubmitDocCont>
  가. 필수 제출서류 1. 응시원서 1부 (전산입력) 2. 장애인 증명서 1부 (해당자에 한함) 3. 취업지원대상증명서 1부 (해당자에 한함) 4. 학위 논문 요약 각 1부 (해당자에 한함) - 석사 이상 소지자(학위별 A4 5매 이내) - 연구원 소정양식에 따라 작성 ※ 해당자의 경우 응시기간 내 응시원서(지원사이트)애 증빙서류 등록 나. 추후 제출서류 ※3차전형 응시자에 한해 원본 또는 파일 제출 1. 교육사항 증명서 각 1부 - 직무와 관련 있는 대학이상의 성적.학위 증명서 - 직무와 관련 있는 교육 수료증 2. 경력(재직)증명서 각 1부 (해당자에 한함) 3. 주민등록초본 1부 (해당자에 한함(병역사항 기재분)) 4. 자격증 사본 각 1부 (해당자에 한함)
 </empSubmitDocCont>
 <empRcptMthdCont>
  - 채용 홈페이지 해당 모집공고 클릭 후 응시원서 작성 제출 - 응시원서 입력화면에서 필수제출 서류를 파일로 첨부
 </empRcptMthdCont>
 <empAcptPsnAnncCont></empAcptPsnAnncCont>
 <inqryCont>
  - 채용 홈페이지 Q&amp;A 게시판 및 유선(042-860-7797) 문의
 </inqryCont>
 <empnEtcCont>
  - 본 채용은 「평등한 기회, 공정한 과정을 위한 공공기관 블라인드 채용 가이드라인」을 따릅니다. - 지원서 기재 및 서류 제출 시 착오, 누락 등으로 인한 불이익은 본인 책임이며, 주요 기재사항이 제출서류와 일치하지 않거나 허위임이 판명될 경우 합격을 무효로 함 - 우대 및 결격사유 확인을 위해 3차 전형 응시자에 한하여 지원서에 작성한 내용의 증빙서류를 제출해야하며, 해당 제출 서류는 평가위원에게 제공되지 않음. - 신원조회 또는 채용신체검사 결과 부적격자는 합격을 무효로 함 - 채용분야에 적격자가 없는 경우 
 </empnEtcCont>
</dhsOpenEmpInfoDetailRoot>