<?xml version="1.0" encoding="UTF-8"?>
<dhsOpenEmpInfoDetailRoot>
 <empSeqno>
  37606
 </empSeqno>
 <empWantedTitle>
  정규직 직원 공개채용 공고
 </empWantedTitle>
 <empBusiNm>
  한국쌀가공식품협회
 </empBusiNm>
 <coClcdNm>
  중견기업
 </coClcdNm>
 <empWantedStdt>
  20190318
 </empWantedStdt>
 <empWantedEndt>
  20190405
 </empWantedEndt>
 <empWantedHomepg>
  http://www.krfa.or.kr
 </empWantedHomepg>
 <empWantedHomepgDetail></empWantedHomepgDetail>
 <empWantedMobileUrl></empWantedMobileUrl>
 <regLogImgNm>
  http://www.work.go.kr/framework/filedownload/getImage.do?filePathName=KuBCC2IodBkj%2Frlv8XuRijxqW3jgCCaNSRijuSmCyg0ZaZ3jc4MfLkW4%2Fb7iYBuW7suWeZYPwv8GKFqD7PXO%2Fg%3D%3D
 </regLogImgNm>
 <empWantedTypeNm>
  정규직
 </empWantedTypeNm>
 <empWatedJobsNm></empWatedJobsNm>
 <empWatedCont></empWatedCont>
 <attachFileList>
  <fileListInfo>
   <regFileUrl>
    http://www.work.go.kr/framework/filedownload/keisDownload.do?filePathName=ydWIN1A%2BKOBWJtl5zkQ5WwDuw9Hpn%2F5n9vcM7n4HKqrPWciejeJx0W%2FL1383KSXB%2FbPq0A3O%2Fw2U%2FUWXElEcaqj3Cn1AAy4ijXOGvAXx7vS6FvNdRITlyEe7%2BTpu9lUT&amp;realFileNm=KOyCrCntlZzqta3sjIDqsIDqs7Xsi53tkojtmJHtmoxf7ISc66WY7JaR7IudICjssYTsmqnrjIDtlokpLnppcA==
   </regFileUrl>
   <realFileNm>
    (사)한국쌀가공식품협회_서류양식 (채용대행).zip
   </realFileNm>
  </fileListInfo>
 </attachFileList>
 <empSelfintroList>
  <empSelsListInfo>
   <selfintroQstCont></selfintroQstCont>
  </empSelsListInfo>
 </empSelfintroList>
 <empSelsList>
  <empSelsListInfo>
   <selsNm>
    1차 서류전형
   </selsNm>
   <selsSchdCont></selsSchdCont>
   <selsCont>
    합격자발표 : 2019년 4월 11일(목), 개별통지
   </selsCont>
   <selsMemoCont></selsMemoCont>
  </empSelsListInfo>
  <empSelsListInfo>
   <selsNm>
    2차 면접 및 적격성 시험
   </selsNm>
   <selsSchdCont>
    2차면접시험 : 2019년 4월 18일(목)
   </selsSchdCont>
   <selsCont></selsCont>
   <selsMemoCont></selsMemoCont>
  </empSelsListInfo>
  <empSelsListInfo>
   <selsNm>
    3차 최종면접 및 신체검사
   </selsNm>
   <selsSchdCont>
    3차면접시험 : 2019년 4월 23일(화)
   </selsSchdCont>
   <selsCont></selsCont>
   <selsMemoCont></selsMemoCont>
  </empSelsListInfo>
  <empSelsListInfo>
   <selsNm>
    최종합격자 발표
   </selsNm>
   <selsSchdCont>
    2019년 4월 24일(수)
   </selsSchdCont>
   <selsCont></selsCont>
   <selsMemoCont></selsMemoCont>
  </empSelsListInfo>
  <empSelsListInfo>
   <selsNm>
    합격자 면담 및 오리엔테이션
   </selsNm>
   <selsSchdCont>
    2019년 4월 26일(금)
   </selsSchdCont>
   <selsCont></selsCont>
   <selsMemoCont></selsMemoCont>
  </empSelsListInfo>
  <empSelsListInfo>
   <selsNm>
    ※기타
   </selsNm>
   <selsSchdCont></selsSchdCont>
   <selsCont>
    심사기준, 방법 등 자세한 내용은 공고문 확인 바랍니다. 상기일정은 협회의 사정에 따라 변동될 수 있음.
   </selsCont>
   <selsMemoCont></selsMemoCont>
  </empSelsListInfo>
 </empSelsList>
 <empRecrList>
  <empRecrListInfo>
   <empRecrNm>
    홍보.마케팅
   </empRecrNm>
   <jobCont>
    ○ 홍보.마케팅 전략 수립 및 실행 ○ 온.오프라인 홍보 및 언론 홍보 - 홍보채널파악, 운영계획수립, 콘텐츠 제작 등 운영관리 - 출판계획수립, 취재, 기사작성, 출판물 제작 및 운영
   </jobCont>
   <empWantedCareerNm>
    경력|신입
   </empWantedCareerNm>
   <empWantedEduNm></empWantedEduNm>
   <sptCertEtc></sptCertEtc>
   <recrPsncnt></recrPsncnt>
   <empRecrMemoCont></empRecrMemoCont>
   <workRegionNm>
    경기 용인시 기흥구
   </workRegionNm>
  </empRecrListInfo>
  <empRecrListInfo>
   <empRecrNm>
    홍보.콘텐츠 제작
   </empRecrNm>
   <jobCont>
    ○ 홍보 콘텐프 개발 ○ 홍보 디자인 및 영상물 제작.편집 ○ 홈페이지 운영.관리 ○ 홍보.마케팅 업무지원 등
   </jobCont>
   <empWantedCareerNm>
    신입
   </empWantedCareerNm>
   <empWantedEduNm></empWantedEduNm>
   <sptCertEtc></sptCertEtc>
   <recrPsncnt></recrPsncnt>
   <empRecrMemoCont></empRecrMemoCont>
   <workRegionNm>
    경기 용인시 기흥구
   </workRegionNm>
  </empRecrListInfo>
 </empRecrList>
 <empJobsList>
  <empJobsListInfo>
   <jobsCd>
    026102
   </jobsCd>
   <jobsCdKorNm>
    마케팅·광고·홍보·상품기획 사무원
   </jobsCdKorNm>
  </empJobsListInfo>
 </empJobsList>
 <empnRecrSummaryCont></empnRecrSummaryCont>
 <recrCommCont>
  [근무조건] - 모집인원 : 3명 - 정규직(4대보험/주 5일 근무) : 수습기간 3개월 후 정식 채용 - 연봉 : 중견기업 수준,(3,000만원이상으로 협의 가능) · 기본급, 상여, 제수당(적용은 당 협회 보수규정에 따라 정함) · 중식비, 교통비 지급 - 성별 및 연령 : 제한없음 - 근무지 : 경기도 용인시 기흥구(출퇴근 가능한 지역 거주자 우대) - 우대사항 : 국가유공자 등 예우 및 지원에 관한법 등의 취업지원(보호) 대상자 및 장애인고용촉진 및 직업재활법에 의한 장애인 - 응시결격사유 ; 국가공무원법 제 33조의 결격사유에 준함 - 기타사항 : 열정적이고 적극적인 마인드 소유자 ※ 경력산정 : 협회 내부규정(인사 평가위원 심사)에 의한 경력 산정
 </recrCommCont>
 <empSubmitDocCont>
  - 자사양식이 있는 채용공고로 워크넷 이력서로 접수 할 시에는 접수가 되지 않음을 안내 드립니다.(첨부파일 참조)
 </empSubmitDocCont>
 <empRcptMthdCont>
  - 이메일(cox24152@career.co.kr) 및 우편 �
 </empRcptMthdCont>
</dhsOpenEmpInfoDetailRoot>