<?xml version="1.0" encoding="UTF-8"?>
<dhsOpenEmpInfoDetailRoot>
 <empSeqno>
  37676
 </empSeqno>
 <empWantedTitle>
  2019년 경력사원 채용
 </empWantedTitle>
 <empBusiNm>
  한화파워시스템
 </empBusiNm>
 <coClcdNm>
  중견기업
 </coClcdNm>
 <empWantedStdt>
  20190326
 </empWantedStdt>
 <empWantedEndt>
  20190415
 </empWantedEndt>
 <empWantedHomepg>
  http://www.hanwhapowersystems.co.kr
 </empWantedHomepg>
 <empWantedHomepgDetail>
  https://www.hanwhain.com/web/apply/notification/view.do?rtSeq=3507
 </empWantedHomepgDetail>
 <empWantedMobileUrl></empWantedMobileUrl>
 <regLogImgNm>
  http://www.work.go.kr/framework/filedownload/getImage.do?filePathName=KuBCC2IodBkj%2Frlv8XuRitqgbEU%2FQwlkvZWsAZW64TLYtqjgYNx18z9OSp%2BSAqYW7suWeZYPwv8GKFqD7PXO%2Fg%3D%3D
 </regLogImgNm>
 <empWantedTypeNm>
  정규직
 </empWantedTypeNm>
 <empWatedJobsNm></empWatedJobsNm>
 <empWatedCont></empWatedCont>
 <empSelfintroList>
  <empSelsListInfo>
   <selfintroQstCont></selfintroQstCont>
  </empSelsListInfo>
 </empSelfintroList>
 <empSelsList>
  <empSelsListInfo>
   <selsNm>
    서류전형
   </selsNm>
   <selsSchdCont></selsSchdCont>
   <selsCont>
    서류전형 합격자 대상 면접전형에 대해 개별 연락 예정입니다.
   </selsCont>
   <selsMemoCont></selsMemoCont>
  </empSelsListInfo>
  <empSelsListInfo>
   <selsNm>
    1차면접(실무)
   </selsNm>
   <selsSchdCont></selsSchdCont>
   <selsCont></selsCont>
   <selsMemoCont></selsMemoCont>
  </empSelsListInfo>
  <empSelsListInfo>
   <selsNm>
    2차면접(임원)
   </selsNm>
   <selsSchdCont></selsSchdCont>
   <selsCont></selsCont>
   <selsMemoCont></selsMemoCont>
  </empSelsListInfo>
  <empSelsListInfo>
   <selsNm>
    채용건진
   </selsNm>
   <selsSchdCont></selsSchdCont>
   <selsCont></selsCont>
   <selsMemoCont></selsMemoCont>
  </empSelsListInfo>
  <empSelsListInfo>
   <selsNm>
    입사
   </selsNm>
   <selsSchdCont></selsSchdCont>
   <selsCont></selsCont>
   <selsMemoCont></selsMemoCont>
  </empSelsListInfo>
 </empSelsList>
 <empRecrList>
  <empRecrListInfo>
   <empRecrNm>
    개발(Gear설계)
   </empRecrNm>
   <jobCont>
    - 압축기 Rotor 및 Gear 설계
   </jobCont>
   <empWantedCareerNm>
    경력
   </empWantedCareerNm>
   <empWantedEduNm>
    대졸(4)|박사
   </empWantedEduNm>
   <sptCertEtc></sptCertEtc>
   <recrPsncnt>
    0
   </recrPsncnt>
   <empRecrMemoCont></empRecrMemoCont>
   <workRegionNm>
    경기
   </workRegionNm>
  </empRecrListInfo>
  <empRecrListInfo>
   <empRecrNm>
    개발(Engineering Manager)
   </empRecrNm>
   <jobCont>
    - Project 수행 및 고객 기술 대응 - Job Spec 분석 및 제품 설계 관리
   </jobCont>
   <empWantedCareerNm>
    경력
   </empWantedCareerNm>
   <empWantedEduNm>
    대졸(4)|박사
   </empWantedEduNm>
   <sptCertEtc></sptCertEtc>
   <recrPsncnt>
    0
   </recrPsncnt>
   <empRecrMemoCont></empRecrMemoCont>
   <workRegionNm>
    경기
   </workRegionNm>
  </empRecrListInfo>
  <empRecrListInfo>
   <empRecrNm>
    해외영업
   </empRecrNm>
   <jobCont>
    - CIS 지역 영업 - 러시아 사무소/대리점 관리
   </jobCont>
   <empWantedCareerNm>
    경력
   </empWantedCareerNm>
   <empWantedEduNm>
    대졸(4)|박사
   </empWantedEduNm>
   <sptCertEtc></sptCertEtc>
   <recrPsncnt>
    0
   </recrPsncnt>
   <empRecrMemoCont></empRecrMemoCont>
   <workRegionNm>
    경기
   </workRegionNm>
  </empRecrListInfo>
  <empRecrListInfo>
   <empRecrNm>
    PM(Project Manager)
   </empRecrNm>
   <jobCont>
    - CIS 지역 출하 제품 PM
   </jobCont>
   <empWantedCareerNm>
    경력
   </empWantedCareerNm>
   <empWantedEduNm>
    대졸(4)|박사
   </empWantedEduNm>
   <sptCertEtc></sptCertEtc>
   <recrPsncnt>
    0
   </recrPsncnt>
   <empRecrMemoCont></empRecrMemoCont>
   <workRegionNm>
    경남 창원시
   </workRegionNm>
  </empRecrListInfo>
 </empRecrList>
 <empJobsList>
  <empJobsListInfo>
   <jobsCd>
    028
   </jobsCd>
   <jobsCdKorNm>
    기계·로봇·금속·재료 연구 및 공학기술
   </jobsCdKorNm>
  </empJobsListInfo>
  <empJobsListInfo>
   <jobsCd>
    612204
   </jobsCd>
   <jobsCdKorNm>
    해외 영업원(기타 언어권)
   </jobsCdKorNm>
  </empJobsListInfo>
 </empJobsList>
 <empnRecrSummaryCont></empnRecrSummaryCont>
 <recrCommCont>
  - 등록장애인 및 국가보훈대상자는 관계법에 의거 우대합니다.
 </recrCommCont>
 <empSubmitDocCont>
  - 증빙서류는 서류합격자에 한해 면접전형 참석 시 제출 예정입니다.
 </empSubmitDocCont>
 <empRcptMthdCont>
  - 채용사이트 온라인 지원 (지원서는 채용홈페이지를 통해 접수하며, e-mail 및 오프라인을 통한 개별 접수는 받지 않습니다.)
 </empRcptMthdCont>
 <empAcptPsnAnncCont></empAcptPsnAnncCont>
 <inqryCont>
  - hps.hr@hanwha.com - 070-7147-8000
 </inqryCont>
 <empnEtcCont>
  - 입사지원서 기재 내용에 허위가 있거나, 제출서류가 허위로 판명될 경우 채용이 취소될 수 있습니다.
 </empnEtcCont>
</dhsOpenEmpInfoDetailRoot>