<?xml version="1.0" encoding="UTF-8"?>
<dhsOpenEmpInfoDetailRoot>
 <empSeqno>
  37576
 </empSeqno>
 <empWantedTitle>
  무역 2019년 상반기 신입사원 공개채용
 </empWantedTitle>
 <empBusiNm>
  한화
 </empBusiNm>
 <coClcdNm>
  대기업
 </coClcdNm>
 <empWantedStdt>
  20190320
 </empWantedStdt>
 <empWantedEndt>
  20190407
 </empWantedEndt>
 <empWantedHomepg>
  http://www.hanwhacorp.co.kr
 </empWantedHomepg>
 <empWantedHomepgDetail>
  https://www.hanwhain.com/web/apply/notification/view.do?rtSeq=3481
 </empWantedHomepgDetail>
 <empWantedMobileUrl></empWantedMobileUrl>
 <regLogImgNm>
  http://www.work.go.kr/framework/filedownload/getImage.do?filePathName=KuBCC2IodBkj%2Frlv8XuRikqBnvDKA7hH%2B1dGR79gHXKenksUWgE4%2B8jOnrEdKYoM7suWeZYPwv8GKFqD7PXO%2Fg%3D%3D
 </regLogImgNm>
 <empWantedTypeNm>
  정규직
 </empWantedTypeNm>
 <empWatedJobsNm></empWatedJobsNm>
 <empWatedCont></empWatedCont>
 <empSelfintroList>
  <empSelsListInfo>
   <selfintroQstCont></selfintroQstCont>
  </empSelsListInfo>
 </empSelfintroList>
 <empSelsList>
  <empSelsListInfo>
   <selsNm>
    서류전형
   </selsNm>
   <selsSchdCont></selsSchdCont>
   <selsCont></selsCont>
   <selsMemoCont></selsMemoCont>
  </empSelsListInfo>
  <empSelsListInfo>
   <selsNm>
    1차면접(PT/어학/역량)
   </selsNm>
   <selsSchdCont></selsSchdCont>
   <selsCont></selsCont>
   <selsMemoCont></selsMemoCont>
  </empSelsListInfo>
  <empSelsListInfo>
   <selsNm>
    2차면접(임원/심층)
   </selsNm>
   <selsSchdCont></selsSchdCont>
   <selsCont></selsCont>
   <selsMemoCont></selsMemoCont>
  </empSelsListInfo>
  <empSelsListInfo>
   <selsNm>
    채용검진/최종합격/입사
   </selsNm>
   <selsSchdCont></selsSchdCont>
   <selsCont>
    19.6월 예정
   </selsCont>
   <selsMemoCont></selsMemoCont>
  </empSelsListInfo>
 </empSelsList>
 <empRecrList>
  <empRecrListInfo>
   <empRecrNm>
    수출입영업/경영관리(서울)
   </empRecrNm>
   <jobCont>
    - 유화/철강/산업기계 등 각종 제품 수출입 및 내수영업 - 해외 신규사업/프로젝트 개발 및 사업성 분석 - 기획, Risk Management, HR
   </jobCont>
   <empWantedCareerNm>
    신입
   </empWantedCareerNm>
   <empWantedEduNm>
    박사
   </empWantedEduNm>
   <sptCertEtc></sptCertEtc>
   <recrPsncnt>
    00
   </recrPsncnt>
   <empRecrMemoCont></empRecrMemoCont>
   <workRegionNm>
    서울
   </workRegionNm>
  </empRecrListInfo>
  <empRecrListInfo>
   <empRecrNm>
    재경직군(재무)
   </empRecrNm>
   <jobCont>
    - 재경/재무관리
   </jobCont>
   <empWantedCareerNm>
    신입
   </empWantedCareerNm>
   <empWantedEduNm>
    박사
   </empWantedEduNm>
   <sptCertEtc></sptCertEtc>
   <recrPsncnt>
    0
   </recrPsncnt>
   <empRecrMemoCont></empRecrMemoCont>
   <workRegionNm>
    서울
   </workRegionNm>
  </empRecrListInfo>
 </empRecrList>
 <empJobsList>
  <empJobsListInfo>
   <jobsCd>
    017
   </jobsCd>
   <jobsCdKorNm>
    경영지원 사무
   </jobsCdKorNm>
  </empJobsListInfo>
  <empJobsListInfo>
   <jobsCd>
    019
   </jobsCd>
   <jobsCdKorNm>
    무역·운송·자재·구매·생산·품질 사무
   </jobsCdKorNm>
  </empJobsListInfo>
 </empJobsList>
 <empnRecrSummaryCont></empnRecrSummaryCont>
 <recrCommCont>
  [지원자격] - 전공무관 - 정규 4년제 대학이상 학위 소지자(2019년 8월 졸업예정자 포함) - 영어 TOEIC 800점 이상 또는 OPIC IH, TOEIC SPEAKING Lv.7 이상 보유자(2017.08월 이후 성적)(※ 단, 영어권 해외대 학위자는 영어성적 제출 면제) - 중국어 (新 HSK 5급 이상), 일본어, 러시아어, 스페인어, 베트남어, 인도네시아어 등 제2외국어 상급자 우대(※ 단, 제2외국어 상급자의 경우 OPIC IM2이상, TOEIC SPEAKING Lv.6 이상 보유자) - 병역필 또는 면제자 - 해외여행에 결격 사유가 없는 자 ※ 국가보훈대상자 및 장애인은 관련법규에 의거 처우합니다.
 </recrCommCont>
 <empSubmitDocCont>
  - 입사관련 필요 서류 제출은 해당자에게 별도 요청드릴 예정입니다.
 </empSubmitDocCont>
 <empRcptMthdCont>
  - 한화인 홈페이지(www.hanwhain.com)에서 온라인으로만 작성 가능 ※ 지원 마감 이후에는 지원서 접수 및 수정이 되지 않으니 기간 내에 등록하시기 바랍니다.
 </empRcptMthdCont>
 <empAcptPsnAnncCont></empAcptPsnAnncCont>
 <inqryCont>
  기타 자세한 사항은 아래 이메일 주소로 문의 바랍니다. - 무역부문 인사지원팀 채용담당자 : recruit-trade@hanwha.com
 </inqryCont>
 <empnEtcCont>
  - 입사지원서는 지원자가 직접 정확하게 입력해야 하며, 지원서류가 허위로 판명될 시 입사(합격)를 취소합니다.
 </empnEtcCont>
</dhsOpenEmpInfoDetailRoot>