<?xml version="1.0" encoding="UTF-8"?>
<dhsOpenEmpInfoDetailRoot>
 <empSeqno>
  36377
 </empSeqno>
 <empWantedTitle>
  Data Platform 개발
 </empWantedTitle>
 <empBusiNm>
  라인플러스
 </empBusiNm>
 <coClcdNm>
  중견기업
 </coClcdNm>
 <empWantedStdt>
  20190218
 </empWantedStdt>
 <empWantedEndt>
  20190418
 </empWantedEndt>
 <empWantedHomepg>
  http://linepluscorp.com
 </empWantedHomepg>
 <empWantedHomepgDetail>
  https://recruit.linepluscorp.com/lineplus/career/detail/20002600?classId=&amp;entTypeCd=&amp;tag=&amp;page=
 </empWantedHomepgDetail>
 <empWantedMobileUrl></empWantedMobileUrl>
 <regLogImgNm>
  http://www.work.go.kr/framework/filedownload/getImage.do?filePathName=KuBCC2IodBkj%2Frlv8XuRio7tN8%2FfS0w1%2BizSZ9MRlvId5wEzldWhQQFQW5j5C9ob7suWeZYPwv8GKFqD7PXO%2Fg%3D%3D
 </regLogImgNm>
 <empWantedTypeNm>
  정규직
 </empWantedTypeNm>
 <empWatedJobsNm></empWatedJobsNm>
 <empWatedCont></empWatedCont>
 <empSelfintroList>
  <empSelsListInfo>
   <selfintroQstCont></selfintroQstCont>
  </empSelsListInfo>
 </empSelfintroList>
 <empSelsList>
  <empSelsListInfo>
   <selsNm>
    서류전형
   </selsNm>
   <selsSchdCont></selsSchdCont>
   <selsCont></selsCont>
   <selsMemoCont></selsMemoCont>
  </empSelsListInfo>
  <empSelsListInfo>
   <selsNm>
    과제전형
   </selsNm>
   <selsSchdCont></selsSchdCont>
   <selsCont></selsCont>
   <selsMemoCont></selsMemoCont>
  </empSelsListInfo>
  <empSelsListInfo>
   <selsNm>
    면접
   </selsNm>
   <selsSchdCont></selsSchdCont>
   <selsCont></selsCont>
   <selsMemoCont></selsMemoCont>
  </empSelsListInfo>
  <empSelsListInfo>
   <selsNm>
    레퍼런스체크
   </selsNm>
   <selsSchdCont></selsSchdCont>
   <selsCont></selsCont>
   <selsMemoCont></selsMemoCont>
  </empSelsListInfo>
  <empSelsListInfo>
   <selsNm>
    처우협의/최종합격
   </selsNm>
   <selsSchdCont></selsSchdCont>
   <selsCont></selsCont>
   <selsMemoCont></selsMemoCont>
  </empSelsListInfo>
  <empSelsListInfo>
   <selsNm>
    기타
   </selsNm>
   <selsSchdCont></selsSchdCont>
   <selsCont>
    - 전형일정 및 결과는 지원서에 등록하신 이메일로 개별 안내드립니다. - 채용절차 관한 자세한 사항은 채용홈페이지를 참조하시기 바랍니다.
   </selsCont>
   <selsMemoCont></selsMemoCont>
  </empSelsListInfo>
 </empSelsList>
 <empRecrList>
  <empRecrListInfo>
   <empRecrNm>
    Data Platform 개발
   </empRecrNm>
   <jobCont>
    - LINE을 구성하는 플랫폼들과 서비스들을 위한 데이터 처리 및 데이터 분석 시스템 개발 - Kafka와 Elasticsearch, Hadoop을 이용한 분산 데이터 처리 시스템 설계 및 구축 - 실시간 데이터 분석을 위한 대규모 데이터 파이프 라인 구축 - 고 가용 서비스 제공을 위한 시스템 자동화 및 신뢰성 높은 시스템 설계 및 구축
   </jobCont>
   <empWantedCareerNm>
    경력
   </empWantedCareerNm>
   <empWantedEduNm></empWantedEduNm>
   <sptCertEtc>
    - 대규모 데이터를 취급하는 Kafka와 Hadoop등을 이용한 분석 및 디버깅, 최적화 하는 지식 또는 기술 - 분산 데이터 파이프 라인에서 &amp;apos;at-least-once&amp;apos;, &amp;apos;exactly-once&amp;apos;등의 개념을 이해하고, 시스템을 구축하는 기술 - Elasticsearch, Hadoop, Spark등의 데이터 분석 엔진에 대한 이해 - HDFS Federation 구축 및 운영 경험 - Kerberos를 적용한 Secured Hadoop 클러스터 구축 및 운영 경험 - RDB와 관련된 지식 - 24시간 동작하는 시스템을 제공한 경험 - JVM GC와 관련된 트러블 슈팅 및 튜닝 경험 - Maven, Git 이용 경험 - 외국어로 업무 진행이 가능한 자 (영어, 일본어)
   </sptCertEtc>
   <recrPsncnt></recrPsncnt>
   <empRecrMemoCont></empRecrMemoCont>
   <workRegionNm>
    경기 성남시 분당구
   </workRegionNm>
  </empRecrListInfo>
 </empRecrList>
 <empJobsList>
  <empJobsListInfo>
   <jobsCd>
    133201
   </jobsCd>
   <jobsCdKorNm>
    JAVA 프로그래밍 언어 전문가
   </jobsCdKorNm>
  </empJobsListInfo>
 </empJobsList>
 <empnRecrSummaryCont></empnRecrSummaryCont>
 <recrCommCont>
  ※ 국가 유공자 및 장애인 등 취업보호대상자는 관계법령에 따라 우대합니다. [근무국가] - 한국
 </recrCommCont>
 <empSubmitDocCont>
  [보훈 취업지원 대상 및 장애인 서류 제출 안내] 보훈 및 장애인 지원자에 해당되시는 경우, 입사지원시 [포트폴리오/이력서] 첨부 란에 반드시 관련 증명원을 발급하여 첨부 바랍니다. 1.보훈 지원자 : '보훈취업지원대상자 증명서' 발급하여 첨부 2.장애인 지원자 : '장애인증명서 또는 복지카드' 첨부
 </empSubmitDocCont>
 <empRcptMthdCont>
  - ~ 채용시까지 - 채용홈페이지 온라인 입사지원
 </empRcptMthdCont>
 <empAcptPsnAnncCont></empAcptPsnAnncCont>
 <inqryCont>
  기타 채용 관련 문의사항은 채용 공고 페이지 상단 '채용문의' 또는 공지 사항을 참고하여 문의 부탁드립니다.
 </inqryCont>
 <empnEtcCont>
  - 본 공고는 수시 모집으로 채용완료 시 조기 마감될 수 있습니다. - 지원서 내용 중 허위사실이 있는 경우 합격이 취소될 수 있습니다
 </empnEtcCont>
</dhsOpenEmpInfoDetailRoot>