<?xml version="1.0" encoding="UTF-8"?>
<dhsOpenEmpInfoDetailRoot>
 <empSeqno>
  36462
 </empSeqno>
 <empWantedTitle>
  [던전앤파이터] 클라이언트 프로그래머 모집
 </empWantedTitle>
 <empBusiNm>
  네오플
 </empBusiNm>
 <coClcdNm>
  대기업
 </coClcdNm>
 <empWantedStdt>
  20190218
 </empWantedStdt>
 <empWantedEndt>
  20190418
 </empWantedEndt>
 <empWantedHomepg>
  http://www.neople.co.kr
 </empWantedHomepg>
 <empWantedHomepgDetail>
  https://career.nexon.com/user/recruit/notice/noticeView?joinCorp=NO&amp;reNo=20180035
 </empWantedHomepgDetail>
 <empWantedMobileUrl></empWantedMobileUrl>
 <regLogImgNm>
  http://www.work.go.kr/framework/filedownload/getImage.do?filePathName=ZGI9%2BubbEcHpFsdRT26HvJbiuPVRQ9xobDJl6gW0v%2BCmkmGF3C5wdGXFAsYxbUKV
 </regLogImgNm>
 <empWantedTypeNm>
  정규직
 </empWantedTypeNm>
 <empWatedJobsNm></empWatedJobsNm>
 <empWatedCont></empWatedCont>
 <empSelfintroList>
  <empSelsListInfo>
   <selfintroQstCont></selfintroQstCont>
  </empSelsListInfo>
 </empSelfintroList>
 <empSelsList>
  <empSelsListInfo>
   <selsNm>
    서류심사
   </selsNm>
   <selsSchdCont></selsSchdCont>
   <selsCont></selsCont>
   <selsMemoCont></selsMemoCont>
  </empSelsListInfo>
  <empSelsListInfo>
   <selsNm>
    과제심사
   </selsNm>
   <selsSchdCont></selsSchdCont>
   <selsCont></selsCont>
   <selsMemoCont></selsMemoCont>
  </empSelsListInfo>
  <empSelsListInfo>
   <selsNm>
    면접
   </selsNm>
   <selsSchdCont></selsSchdCont>
   <selsCont></selsCont>
   <selsMemoCont></selsMemoCont>
  </empSelsListInfo>
  <empSelsListInfo>
   <selsNm>
    최종합격
   </selsNm>
   <selsSchdCont></selsSchdCont>
   <selsCont></selsCont>
   <selsMemoCont></selsMemoCont>
  </empSelsListInfo>
 </empSelsList>
 <empRecrList>
  <empRecrListInfo>
   <empRecrNm>
    게임 클라이언트 프로그래밍
   </empRecrNm>
   <jobCont>
    - 던전앤파이터 게임컨텐츠 클라이언트 개발 업무
   </jobCont>
   <empWantedCareerNm>
    경력|신입
   </empWantedCareerNm>
   <empWantedEduNm></empWantedEduNm>
   <sptCertEtc>
    - C# 에 대한 언어 이해와 활용 능력이 있으신 분 - P2P 또는 소켓 프로그래밍을 이용한 개발 경험이 있으신 분 - 게임에 관심이 많고, 플랫폼/장르를 가리지 않고 다양한 게임을 접해보는 분 - 던전앤파이터를 잘 알고 플레이 하시는 분
   </sptCertEtc>
   <recrPsncnt></recrPsncnt>
   <empRecrMemoCont></empRecrMemoCont>
   <workRegionNm></workRegionNm>
  </empRecrListInfo>
 </empRecrList>
 <empJobsList>
  <empJobsListInfo>
   <jobsCd>
    133101
   </jobsCd>
   <jobsCdKorNm>
    시스템 소프트웨어 개발자(프로그래머)
   </jobsCdKorNm>
  </empJobsListInfo>
 </empJobsList>
 <empnRecrSummaryCont></empnRecrSummaryCont>
 <recrCommCont>
  - 직군/직렬: 프로그래밍 / 클라이언트 - 국가보훈대상자 및 장애인은 관련법규에 의거하여 우대합니다.
 </recrCommCont>
 <empSubmitDocCont>
  ※ 포트폴리오 첨부 필수 입니다.
 </empSubmitDocCont>
 <empRcptMthdCont>
  ~ 채용시 까지 - 채용홈페이지 입사지원
 </empRcptMthdCont>
 <empAcptPsnAnncCont></empAcptPsnAnncCont>
 <inqryCont>
  - 채용홈페이지 '채용문의' 참조
 </inqryCont>
 <empnEtcCont>
  - 서류 검토 기간은 최대 한달이며, 개별적으로 결과를 알려 드립니다. - 수시채용으로 진행 됨에 따라 채용시 조기마감될 수 있습니다.
 </empnEtcCont>
</dhsOpenEmpInfoDetailRoot>