<?xml version="1.0" encoding="UTF-8"?>
<dhsOpenEmpInfoDetailRoot>
 <empSeqno>
  37667
 </empSeqno>
 <empWantedTitle>
  세계지역연구센터 정규직 연구원급 채용
 </empWantedTitle>
 <empBusiNm>
  대외경제정책연구원
 </empBusiNm>
 <coClcdNm>
  공공기관
 </coClcdNm>
 <empWantedStdt>
  20190325
 </empWantedStdt>
 <empWantedEndt>
  20190408
 </empWantedEndt>
 <empWantedHomepg>
  http://www.kiep.go.kr
 </empWantedHomepg>
 <empWantedHomepgDetail>
  https://kiep.recruiter.co.kr/app/jobnotice/view?systemKindCode=MRS2&amp;jobnoticeSn=7990
 </empWantedHomepgDetail>
 <empWantedMobileUrl></empWantedMobileUrl>
 <regLogImgNm>
  http://www.work.go.kr/framework/filedownload/getImage.do?filePathName=ZGI9%2BubbEcHpFsdRT26HvMF72HRbFa%2B4gqy8hItAZyV%2FD8RUWwFmeGIk1p8nCGcO
 </regLogImgNm>
 <empWantedTypeNm>
  정규직
 </empWantedTypeNm>
 <empWatedJobsNm></empWatedJobsNm>
 <empWatedCont></empWatedCont>
 <attachFileList>
  <fileListInfo>
   <regFileUrl>
    http://www.work.go.kr/framework/filedownload/keisDownload.do?filePathName=ydWIN1A%2BKOBWJtl5zkQ5WwDuw9Hpn%2F5n9vcM7n4HKqrSELItMk8Aw3QaYM00QsXoO70k7BWTo1nao4AIU3ODeV0UMuPpa0FxptFCz8ASn0EXpNt7qxjqUbWzJ7mgTD7l&amp;realFileNm=Mi4ga2llcCDssYTsmqnqs7Xqs6Ao7IS46rOE7KeA7Jet7Jew6rWs7IS87YSwIOyXsOq1rOybkOq4iSlmbiAoMSkucGRm
   </regFileUrl>
   <realFileNm>
    2. kiep 채용공고(세계지역연구센터 연구원급)fn (1).pdf
   </realFileNm>
  </fileListInfo>
 </attachFileList>
 <empSelfintroList>
  <empSelsListInfo>
   <selfintroQstCont></selfintroQstCont>
  </empSelsListInfo>
 </empSelfintroList>
 <empSelsList>
  <empSelsListInfo>
   <selsNm>
    1차: 서류전형
   </selsNm>
   <selsSchdCont></selsSchdCont>
   <selsCont>
    2019.4.19.(금)이전 발표 예정
   </selsCont>
   <selsMemoCont></selsMemoCont>
  </empSelsListInfo>
  <empSelsListInfo>
   <selsNm>
    2차: 필기시험 전형
   </selsNm>
   <selsSchdCont>
    2019.4.22.(월) ~ 4.26.(금) 중 시행 예정
   </selsSchdCont>
   <selsCont></selsCont>
   <selsMemoCont></selsMemoCont>
  </empSelsListInfo>
  <empSelsListInfo>
   <selsNm>
    3차: 면접전형
   </selsNm>
   <selsSchdCont>
    2019.5.17.(수)이전 시행 예정
   </selsSchdCont>
   <selsCont></selsCont>
   <selsMemoCont></selsMemoCont>
  </empSelsListInfo>
  <empSelsListInfo>
   <selsNm>
    ※ 기타
   </selsNm>
   <selsSchdCont></selsSchdCont>
   <selsCont>
    합격자 결과 발표는 홈페이지에 공지, 합격자에 한하여 개별통보 / 상세내용 채용홈페이지 및 첨부파일 참조
   </selsCont>
   <selsMemoCont></selsMemoCont>
  </empSelsListInfo>
 </empSelsList>
 <empRecrList>
  <empRecrListInfo>
   <empRecrNm>
    세계지역 연구센터
   </empRecrNm>
   <jobCont>
    - 중국전문가포럼(csf.kiep.go.kr) 및 신흥지역종합지식포탈(www.emerics.org)콘텐츠 운영 관리 - 세계지역연구센터 일반사업 및 연구관리사업 운영 관리
   </jobCont>
   <empWantedCareerNm></empWantedCareerNm>
   <empWantedEduNm>
    석사|박사
   </empWantedEduNm>
   <sptCertEtc></sptCertEtc>
   <recrPsncnt>
    1
   </recrPsncnt>
   <empRecrMemoCont></empRecrMemoCont>
   <workRegionNm>
    세종
   </workRegionNm>
  </empRecrListInfo>
 </empRecrList>
 <empJobsList>
  <empJobsListInfo>
   <jobsCd>
    02
   </jobsCd>
   <jobsCdKorNm>
    연구 및 공학기술
   </jobsCdKorNm>
  </empJobsListInfo>
 </empJobsList>
 <empnRecrSummaryCont></empnRecrSummaryCont>
 <recrCommCont>
  - 구분 / 직급 : 연구원급 / 연구원이상 - 국가유공자 및 장애인 등은 관계법에 의해 채용 시 우대 - 세종특별자치시 근무 (수도권 및 대전 일부지역 통근버스 운행) ※ 수습기간 3개월 적용 - 수습기간 중 근로조건은 정규직 수준과 동일 - 연구원 규정에 따라 수습 중인 자의 업무능력이 부족하거나 또는 직무 수행 태도의 불량 등으로 계속 근로가 어려울 경우 계약 해지 가능 - 수습기간 만료 후 계속근로 시, 초임일로 소급하여 임용된 것으로 함.
 </recrCommCont>
 <empSubmitDocCont>
  ① (필수)응시원서 및 자기소개서(※ 우리 원 채용홈페이지로 온라인 접수) ② (필수)개인정보수집이용동의서(※ 우리 원 채용홈페이지로 온라인 접수) ③ (선택)논문 및 연구 실적(※ 우리 원 채용홈페이지로 온라인 접수, 논문제출 시 학교명이 드러나지 않도록 처리 후 제출해야 함.) ④ (선택)추천서(※ 추천자가 직접 job@kiep.go.kr로 별도 제출(자유양식)해야 하며 지원자가 대리 제출할 경우 불인정 처리. 서류접수 기간 내 제출본만 인정) ⑤ 경력증명서(※ 경력구분 ‘경력’ 지원자는 필수 제출, 응시원서에 기재한 경력사항 증빙용. 온라인 접수 시, 파일 첨부) ⑥ 건강보험자격득실확인서(※ 경력구분 ‘경력’ 지원자는 필수 제출, 응시원서에 기재한 경력사항 증빙용. 온라인 접수 시, 파일 첨부) * 모든 지원자들은 최초 서류 제출 시(논문 포함) 블라인드 채용 절차에 따라 인적사항(출신지역, 가족관계, 신체조건, 나이, 학교명 등)이 드러나지 않도록 처리 후 제출해야 하며, 향후 최종합격자는 최종 합격발표 직후 상기 제출서류 상기재한 사항과 관련된 모든 증빙서류를 원본으로 제출해야 함. * 제출서류의 허위�
 </empSubmitDocCont>
</dhsOpenEmpInfoDetailRoot>