<?xml version="1.0" encoding="UTF-8"?>
<dhsOpenEmpInfoDetailRoot>
 <empSeqno>
  36566
 </empSeqno>
 <empWantedTitle>
  [IP사업팀] IP사업팀 인재 모집
 </empWantedTitle>
 <empBusiNm>
  넥슨코리아
 </empBusiNm>
 <coClcdNm>
  중견기업
 </coClcdNm>
 <empWantedStdt>
  20190221
 </empWantedStdt>
 <empWantedEndt>
  20190421
 </empWantedEndt>
 <empWantedHomepg>
  http://www.nexon.co.kr
 </empWantedHomepg>
 <empWantedHomepgDetail>
  https://career.nexon.com/user/recruit/notice/noticeView?joinCorp=NX&amp;reNo=20190020
 </empWantedHomepgDetail>
 <empWantedMobileUrl></empWantedMobileUrl>
 <regLogImgNm>
  http://www.work.go.kr/framework/filedownload/getImage.do?filePathName=ZGI9%2BubbEcHpFsdRT26HvCtLkPmEbdw265dhQOvJqzN8CkDzwJCcaV3ydXwPdcwh
 </regLogImgNm>
 <empWantedTypeNm>
  정규직
 </empWantedTypeNm>
 <empWatedJobsNm></empWatedJobsNm>
 <empWatedCont></empWatedCont>
 <empSelfintroList>
  <empSelsListInfo>
   <selfintroQstCont></selfintroQstCont>
  </empSelsListInfo>
 </empSelfintroList>
 <empSelsList>
  <empSelsListInfo>
   <selsNm>
    서류심사
   </selsNm>
   <selsSchdCont></selsSchdCont>
   <selsCont></selsCont>
   <selsMemoCont></selsMemoCont>
  </empSelsListInfo>
  <empSelsListInfo>
   <selsNm>
    과제심사
   </selsNm>
   <selsSchdCont></selsSchdCont>
   <selsCont></selsCont>
   <selsMemoCont></selsMemoCont>
  </empSelsListInfo>
  <empSelsListInfo>
   <selsNm>
    면접
   </selsNm>
   <selsSchdCont></selsSchdCont>
   <selsCont></selsCont>
   <selsMemoCont></selsMemoCont>
  </empSelsListInfo>
  <empSelsListInfo>
   <selsNm>
    최종합격
   </selsNm>
   <selsSchdCont></selsSchdCont>
   <selsCont></selsCont>
   <selsMemoCont></selsMemoCont>
  </empSelsListInfo>
  <empSelsListInfo>
   <selsNm>
    기타
   </selsNm>
   <selsSchdCont></selsSchdCont>
   <selsCont>
    - 서류 접수 이후 4주 이내로 결과를 알려 드립니다. - 서류 심사 통과자에 한해 개별적으로 일정을 알려 드립니다. - 전형세부사항은 채용홈페이지 참조
   </selsCont>
   <selsMemoCont></selsMemoCont>
  </empSelsListInfo>
 </empSelsList>
 <empRecrList>
  <empRecrListInfo>
   <empRecrNm>
    IP사업팀
   </empRecrNm>
   <jobCont>
    - 신규 IP 사업 기획 및 운영을 목적으로 프로젝트 구체화 및 실제 유저 관리까지 프로젝트 전반 업무를 진행 합니다. - IP사업과 온/오프라인 비즈니스에 대한 깊은 이해를 기반으로 한 기획 역량을 요구합니다.
   </jobCont>
   <empWantedCareerNm>
    경력
   </empWantedCareerNm>
   <empWantedEduNm></empWantedEduNm>
   <sptCertEtc>
    [게임 및 서브컬쳐 자체를 즐기는 자] - 다양한 장르의 PC, 모바일 게임을 즐기는 자 - 오프라인 행사, 굿즈, 팬소설, 웹툰, 피규어 등 다양한 분야의 서브컬쳐를 즐기는 자 [IP 관련 샵/플랫폼 유경험자] - 아트박스 등 팬시숍이나 기타 유사 형태 매장 기획 및 운영 유경험자 - 디지털 콘텐츠 관련 플랫폼 운영 유경험자 [외국어(영어) 가능한 자]
   </sptCertEtc>
   <recrPsncnt></recrPsncnt>
   <empRecrMemoCont></empRecrMemoCont>
   <workRegionNm></workRegionNm>
  </empRecrListInfo>
 </empRecrList>
 <empJobsList>
  <empJobsListInfo>
   <jobsCd>
    026100
   </jobsCd>
   <jobsCdKorNm>
    기획·마케팅 사무원
   </jobsCdKorNm>
  </empJobsListInfo>
 </empJobsList>
 <empnRecrSummaryCont></empnRecrSummaryCont>
 <recrCommCont>
  - 직군/직렬/직무 : 게임사업 / 사업개발 / 사업개발 - 근무형태 : 일반직_수습 ※ 국가보훈대상자는 관련법규에 의거, 우대합니다.
 </recrCommCont>
 <empSubmitDocCont></empSubmitDocCont>
 <empRcptMthdCont>
  - 모집기간 : ~ 채용시 - 채용홈페이지 온라인 입사지원
 </empRcptMthdCont>
 <empAcptPsnAnncCont></empAcptPsnAnncCont>
 <inqryCont>
  - 채용 홈페이지 채용문의 참조
 </inqryCont>
 <empnEtcCont>
  - 회사 소개는 http://company.nexon.com를 참조 부탁 드립니다.
 </empnEtcCont>
</dhsOpenEmpInfoDetailRoot>