<?xml version="1.0" encoding="UTF-8"?>
<dhsOpenEmpInfoDetailRoot>
 <empSeqno>
  37666
 </empSeqno>
 <empWantedTitle>
  감자연구소 신입사원 모집
 </empWantedTitle>
 <empBusiNm>
  오리온
 </empBusiNm>
 <coClcdNm>
  중견기업
 </coClcdNm>
 <empWantedStdt>
  20190325
 </empWantedStdt>
 <empWantedEndt>
  20190407
 </empWantedEndt>
 <empWantedHomepg>
  http://www.orionworld.com
 </empWantedHomepg>
 <empWantedHomepgDetail>
  https://orion.recruiter.co.kr/app/jobnotice/view?systemKindCode=MRS2&amp;jobnoticeSn=8106
 </empWantedHomepgDetail>
 <empWantedMobileUrl></empWantedMobileUrl>
 <regLogImgNm>
  http://www.work.go.kr/framework/filedownload/getImage.do?filePathName=ZGI9%2BubbEcHpFsdRT26HvLIz1q8%2BSxOTYR5bJoa4R90pt0MWTntnrYvxQ%2Fpb32qD
 </regLogImgNm>
 <empWantedTypeNm>
  정규직
 </empWantedTypeNm>
 <empWatedJobsNm></empWatedJobsNm>
 <empWatedCont></empWatedCont>
 <empSelfintroList>
  <empSelsListInfo>
   <selfintroQstCont></selfintroQstCont>
  </empSelsListInfo>
 </empSelfintroList>
 <empSelsList>
  <empSelsListInfo>
   <selsNm>
    서류전형
   </selsNm>
   <selsSchdCont></selsSchdCont>
   <selsCont></selsCont>
   <selsMemoCont></selsMemoCont>
  </empSelsListInfo>
  <empSelsListInfo>
   <selsNm>
    면접전형
   </selsNm>
   <selsSchdCont></selsSchdCont>
   <selsCont></selsCont>
   <selsMemoCont></selsMemoCont>
  </empSelsListInfo>
  <empSelsListInfo>
   <selsNm>
    채용검진
   </selsNm>
   <selsSchdCont></selsSchdCont>
   <selsCont></selsCont>
   <selsMemoCont></selsMemoCont>
  </empSelsListInfo>
  <empSelsListInfo>
   <selsNm>
    최종합격
   </selsNm>
   <selsSchdCont></selsSchdCont>
   <selsCont></selsCont>
   <selsMemoCont></selsMemoCont>
  </empSelsListInfo>
  <empSelsListInfo>
   <selsNm>
    기타
   </selsNm>
   <selsSchdCont></selsSchdCont>
   <selsCont>
    ※전형별 지원결과는 홈페이지 및 메일을 통해 안내드립니다. / ※전형별 합격자에 한하여 다음 전형일정을 개별 통보 합니다.
   </selsCont>
   <selsMemoCont></selsMemoCont>
  </empSelsListInfo>
 </empSelsList>
 <empRecrList>
  <empRecrListInfo>
   <empRecrNm>
    종서생산
   </empRecrNm>
   <jobCont>
    - 씨감자 기본종(G0) 생산관리 - 조직배양실 관리 - 종서 입출고 관리 - 신품종 특성조사
   </jobCont>
   <empWantedCareerNm>
    신입
   </empWantedCareerNm>
   <empWantedEduNm>
    대졸(2~3)|박사
   </empWantedEduNm>
   <sptCertEtc></sptCertEtc>
   <recrPsncnt></recrPsncnt>
   <empRecrMemoCont></empRecrMemoCont>
   <workRegionNm>
    강원 평창군
   </workRegionNm>
  </empRecrListInfo>
 </empRecrList>
 <empJobsList>
  <empJobsListInfo>
   <jobsCd>
    121100
   </jobsCd>
   <jobsCdKorNm>
    자연과학 연구원
   </jobsCdKorNm>
  </empJobsListInfo>
 </empJobsList>
 <empnRecrSummaryCont></empnRecrSummaryCont>
 <recrCommCont>
  [근무조건] - 고용형태: 정규직(사원B) - 근무장소: 오리온 감자연구소(강원도 평창군) - 급여수준: 회사 내규에 따름 - 국가보훈대상자 및 장애인은 관련법에 의거 우대합니다.
 </recrCommCont>
 <empSubmitDocCont></empSubmitDocCont>
 <empRcptMthdCont>
  - 채용홈페이지를 통한 온라인 입사지원 &lt;※입사지원서 최종 제출 후, 수정이 불가하오니 신중하게 검토하신 후 제출해 주시기 바랍니다.&gt;
 </empRcptMthdCont>
 <empAcptPsnAnncCont></empAcptPsnAnncCont>
 <inqryCont>
  - 기타 문의사항은 FAQ항목을 확인하시고, 찾으시는 항목이 없을 경우 '질문하기' 게시판에 문의사항을 남겨주시기 바랍니다.
 </inqryCont>
 <empnEtcCont>
  - 해외 여행에 결격사유가 없어야 하며, 지원서 내용이 사실과 다르거나 채용 결격 사유에 해당될 경우 선발이 취소됩니다. - 채용 결격 사유(※체용홈페이지 참조) - 일정은 상황에 따라 변경될 수 있습니다.
 </empnEtcCont>
</dhsOpenEmpInfoDetailRoot>