<?xml version="1.0" encoding="UTF-8"?>
<dhsOpenEmpInfoDetailRoot>
 <empSeqno>
  37640
 </empSeqno>
 <empWantedTitle>
  연봉계약직 경력 개발자 공개채용
 </empWantedTitle>
 <empBusiNm>
  케이비에스미디어
 </empBusiNm>
 <coClcdNm>
  중견기업
 </coClcdNm>
 <empWantedStdt>
  20190319
 </empWantedStdt>
 <empWantedEndt>
  20190402
 </empWantedEndt>
 <empWantedHomepg>
  http://www.kbsmedia.co.kr
 </empWantedHomepg>
 <empWantedHomepgDetail>
  https://kbsmedia.saramin.co.kr/_service/zlight/apply_site/apply/recruit_list.asp#
 </empWantedHomepgDetail>
 <empWantedMobileUrl></empWantedMobileUrl>
 <regLogImgNm>
  http://www.work.go.kr/framework/filedownload/getImage.do?filePathName=ZGI9%2BubbEcHpFsdRT26HvGnW3y23XvDMUKU6eetB8q6G2wfiUbIF0lPvJl8Essou
 </regLogImgNm>
 <empWantedTypeNm>
  기타
 </empWantedTypeNm>
 <empWatedJobsNm></empWatedJobsNm>
 <empWatedCont></empWatedCont>
 <empSelfintroList>
  <empSelsListInfo>
   <selfintroQstCont></selfintroQstCont>
  </empSelsListInfo>
 </empSelfintroList>
 <empSelsList>
  <empSelsListInfo>
   <selsNm>
    원서 접수
   </selsNm>
   <selsSchdCont></selsSchdCont>
   <selsCont></selsCont>
   <selsMemoCont></selsMemoCont>
  </empSelsListInfo>
  <empSelsListInfo>
   <selsNm>
    서류 전형
   </selsNm>
   <selsSchdCont></selsSchdCont>
   <selsCont></selsCont>
   <selsMemoCont></selsMemoCont>
  </empSelsListInfo>
  <empSelsListInfo>
   <selsNm>
    온라인 인성검사
   </selsNm>
   <selsSchdCont></selsSchdCont>
   <selsCont>
    면접자에 한하여 실시 예정
   </selsCont>
   <selsMemoCont></selsMemoCont>
  </empSelsListInfo>
  <empSelsListInfo>
   <selsNm>
    통합 면접
   </selsNm>
   <selsSchdCont></selsSchdCont>
   <selsCont></selsCont>
   <selsMemoCont></selsMemoCont>
  </empSelsListInfo>
  <empSelsListInfo>
   <selsNm>
    채용신체검사
   </selsNm>
   <selsSchdCont></selsSchdCont>
   <selsCont></selsCont>
   <selsMemoCont></selsMemoCont>
  </empSelsListInfo>
  <empSelsListInfo>
   <selsNm>
    최종합격
   </selsNm>
   <selsSchdCont></selsSchdCont>
   <selsCont></selsCont>
   <selsMemoCont></selsMemoCont>
  </empSelsListInfo>
 </empSelsList>
 <empRecrList>
  <empRecrListInfo>
   <empRecrNm>
    웹 개발
   </empRecrNm>
   <jobCont>
    - KBS World TV 홈페이지 웹개발
   </jobCont>
   <empWantedCareerNm>
    경력
   </empWantedCareerNm>
   <empWantedEduNm>
    학력무관
   </empWantedEduNm>
   <sptCertEtc></sptCertEtc>
   <recrPsncnt>
    0
   </recrPsncnt>
   <empRecrMemoCont></empRecrMemoCont>
   <workRegionNm></workRegionNm>
  </empRecrListInfo>
 </empRecrList>
 <empJobsList>
  <empJobsListInfo>
   <jobsCd>
    133300
   </jobsCd>
   <jobsCdKorNm>
    웹 개발자
   </jobsCdKorNm>
  </empJobsListInfo>
 </empJobsList>
 <empnRecrSummaryCont></empnRecrSummaryCont>
 <recrCommCont>
  - 고용형태: 연봉계약직 - 직군: 개발 [공통응시자격] - 연령: 제한 없음 - 국적 : 제한 없음(단, 외국인의 경우 체류 · 취업에 제한이 없는 비자 취득자에 한함) - 학력 : 제한 없음 - 병역 : 남자의 경우 병역필 또는 면제자 (접수 마감일 기준) - 해외여행에 결격사유가 없는 자
 </recrCommCont>
 <empSubmitDocCont></empSubmitDocCont>
 <empRcptMthdCont>
  - 온라인접수(http://kbsmedia.co.kr)
 </empRcptMthdCont>
 <empAcptPsnAnncCont></empAcptPsnAnncCont>
 <inqryCont>
  - 의문사항은 'FAQ' ,안내전화, E-mail로 문의 - 안내전화: 02-6939-8022 (공고기간 내 09:00~18:00 운영(휴일 제외)) - E-mail : recruit@kbsmedia.co.kr
 </inqryCont>
 <empnEtcCont>
  - 회사 사정과 지원자의 능력 및 적격 여부에 따라 채용인원을 축소할 수 있습니다. - 사규 상 결격사유에 따른 부적합 판단 시 채용을 취소합니다. - 지원서의 내용 중 오류, 허위 사항이 있을 경우 무자격 처리 또는 불이익을 받을 수 있습니다.
 </empnEtcCont>
</dhsOpenEmpInfoDetailRoot>