<?xml version="1.0" encoding="UTF-8"?>
<dhsOpenEmpInfoDetailRoot>
 <empSeqno>
  36404
 </empSeqno>
 <empWantedTitle>
  2019년 건설부문 경력사원 모집
 </empWantedTitle>
 <empBusiNm>
  현대오토에버
 </empBusiNm>
 <coClcdNm>
  대기업
 </coClcdNm>
 <empWantedStdt>
  20190219
 </empWantedStdt>
 <empWantedEndt>
  20190419
 </empWantedEndt>
 <empWantedHomepg>
  http://www.hyundai-autoever.com
 </empWantedHomepg>
 <empWantedHomepgDetail>
  http://recruit.hyundai-autoever.com/index.jsp
 </empWantedHomepgDetail>
 <empWantedMobileUrl></empWantedMobileUrl>
 <regLogImgNm>
  http://www.work.go.kr/framework/filedownload/getImage.do?filePathName=KuBCC2IodBkj%2Frlv8XuRiv8Yi2YJ1rUO9OBUCQvss%2F0gn3QjUEBQEGyMHrD521Kd7suWeZYPwv8GKFqD7PXO%2Fg%3D%3D
 </regLogImgNm>
 <empWantedTypeNm>
  기타
 </empWantedTypeNm>
 <empWatedJobsNm></empWatedJobsNm>
 <empWatedCont></empWatedCont>
 <empSelfintroList>
  <empSelsListInfo>
   <selfintroQstCont></selfintroQstCont>
  </empSelsListInfo>
 </empSelfintroList>
 <empSelsList>
  <empSelsListInfo>
   <selsNm>
    서류전형
   </selsNm>
   <selsSchdCont></selsSchdCont>
   <selsCont></selsCont>
   <selsMemoCont></selsMemoCont>
  </empSelsListInfo>
  <empSelsListInfo>
   <selsNm>
    역량(실무)면접, 인성면접
   </selsNm>
   <selsSchdCont></selsSchdCont>
   <selsCont>
    면접일시는 서류전형 합격자에 한하여 개별통보 예정입니다.
   </selsCont>
   <selsMemoCont></selsMemoCont>
  </empSelsListInfo>
  <empSelsListInfo>
   <selsNm>
    신체검사 후 최종합격
   </selsNm>
   <selsSchdCont></selsSchdCont>
   <selsCont></selsCont>
   <selsMemoCont></selsMemoCont>
  </empSelsListInfo>
 </empSelsList>
 <empRecrList>
  <empRecrListInfo>
   <empRecrNm>
    안전관리
   </empRecrNm>
   <jobCont>
    - 산업안전기사 or 건설안전기사 자격증 보유 必 - 건설현장 위해 및 위험 방지 계획 수립/운영 - 요구경력 : 5년이상
   </jobCont>
   <empWantedCareerNm>
    경력
   </empWantedCareerNm>
   <empWantedEduNm></empWantedEduNm>
   <sptCertEtc></sptCertEtc>
   <recrPsncnt></recrPsncnt>
   <empRecrMemoCont></empRecrMemoCont>
   <workRegionNm>
    충남 당진시
   </workRegionNm>
  </empRecrListInfo>
 </empRecrList>
 <empJobsList>
  <empJobsListInfo>
   <jobsCd>
    140206
   </jobsCd>
   <jobsCdKorNm>
    건축안전·환경·품질·에너지관리 기술자
   </jobsCdKorNm>
  </empJobsListInfo>
 </empJobsList>
 <empnRecrSummaryCont></empnRecrSummaryCont>
 <recrCommCont>
  [고용형태] - 계약직 [프로젝트 종료기간] - &amp;apos;21년 말 [부문] - 철강 [공통자격요건] - 해외여행 및 근무에 결격사유가 없는 자 - 병역필 또는 면제자 - 영어회화 가능자 우대 ※ 국가보훈대상자 및 장애인은 관계법령에 의거 우대합니다.
 </recrCommCont>
 <empSubmitDocCont></empSubmitDocCont>
 <empRcptMthdCont>
  - ~ 채용 시까지 - 채용 홈페이지를 통해 온라인 접수
 </empRcptMthdCont>
 <empAcptPsnAnncCont></empAcptPsnAnncCont>
 <inqryCont>
  - 채용 홈페이지 &gt; GUIDE &gt; FAQ 참조
 </inqryCont>
 <empnEtcCont>
  - 제출된 서류는 지원이력 위해 3년간 보관 후 삭제되며, 요청시 반환받을 수 있습니다. - 입사지원서 내용이 허위로 판명될 시에는 입사가 취소될 수 있습니다.​
 </empnEtcCont>
</dhsOpenEmpInfoDetailRoot>