<?xml version="1.0" encoding="UTF-8"?>
<dhsOpenEmpInfoDetailRoot>
 <empSeqno>
  37587
 </empSeqno>
 <empWantedTitle>
  차PD (신입,경력 / 경인지역)
 </empWantedTitle>
 <empBusiNm>
  에스케이엔카닷컴
 </empBusiNm>
 <coClcdNm>
  대기업
 </coClcdNm>
 <empWantedStdt>
  20190320
 </empWantedStdt>
 <empWantedEndt>
  20190407
 </empWantedEndt>
 <empWantedHomepg>
  http://www.encar.com
 </empWantedHomepg>
 <empWantedHomepgDetail>
  https://encar.recruiter.co.kr/app/jobnotice/view?systemKindCode=MRS2&amp;jobnoticeSn=8001
 </empWantedHomepgDetail>
 <empWantedMobileUrl></empWantedMobileUrl>
 <regLogImgNm>
  http://www.work.go.kr/framework/filedownload/getImage.do?filePathName=KuBCC2IodBkj%2Frlv8XuRiluB3WEJf6b5BQH%2FSZXKxaT%2By%2BzmSBVYHERszs2ctn6V7suWeZYPwv8GKFqD7PXO%2Fg%3D%3D
 </regLogImgNm>
 <empWantedTypeNm>
  정규직
 </empWantedTypeNm>
 <empWatedJobsNm></empWatedJobsNm>
 <empWatedCont></empWatedCont>
 <empSelfintroList>
  <empSelsListInfo>
   <selfintroQstCont></selfintroQstCont>
  </empSelsListInfo>
 </empSelfintroList>
 <empSelsList>
  <empSelsListInfo>
   <selsNm>
    서류접수 및 검토
   </selsNm>
   <selsSchdCont>
    ~ 4/7(일)
   </selsSchdCont>
   <selsCont></selsCont>
   <selsMemoCont></selsMemoCont>
  </empSelsListInfo>
  <empSelsListInfo>
   <selsNm>
    1차 면접
   </selsNm>
   <selsSchdCont>
    4월 중순
   </selsSchdCont>
   <selsCont></selsCont>
   <selsMemoCont></selsMemoCont>
  </empSelsListInfo>
  <empSelsListInfo>
   <selsNm>
    2차 면접
   </selsNm>
   <selsSchdCont>
    4월말 ~ 5월초
   </selsSchdCont>
   <selsCont></selsCont>
   <selsMemoCont></selsMemoCont>
  </empSelsListInfo>
  <empSelsListInfo>
   <selsNm>
    처우 협의
   </selsNm>
   <selsSchdCont>
    ~ 5월 중순
   </selsSchdCont>
   <selsCont></selsCont>
   <selsMemoCont></selsMemoCont>
  </empSelsListInfo>
  <empSelsListInfo>
   <selsNm>
    채용검진 및 입사
   </selsNm>
   <selsSchdCont>
    개별협의
   </selsSchdCont>
   <selsCont></selsCont>
   <selsMemoCont></selsMemoCont>
  </empSelsListInfo>
 </empSelsList>
 <empRecrList>
  <empRecrListInfo>
   <empRecrNm>
    차PD
   </empRecrNm>
   <jobCont>
    - 당사 온라인 차량 판매 광고 상품을 제작합니다.(개별 차량의 셀링 포인트를 찾고, 돋보일 수 있는 광고로 녹여냅니다) - 광고 제작 과정에서 이해관계자(제휴성능장, 촬영스탭, 광고등록스탭)간 협업이 원활하게 이루어질 수 있도록 관리합니다. - 각 광고를 분석하여 더욱 효과적일 수 있도록 개선합니다.
   </jobCont>
   <empWantedCareerNm>
    경력|신입
   </empWantedCareerNm>
   <empWantedEduNm></empWantedEduNm>
   <sptCertEtc></sptCertEtc>
   <recrPsncnt></recrPsncnt>
   <empRecrMemoCont></empRecrMemoCont>
   <workRegionNm></workRegionNm>
  </empRecrListInfo>
 </empRecrList>
 <empJobsList>
  <empJobsListInfo>
   <jobsCd>
    024101
   </jobsCd>
   <jobsCdKorNm>
    광고·홍보 전문가
   </jobsCdKorNm>
  </empJobsListInfo>
  <empJobsListInfo>
   <jobsCd>
    416100
   </jobsCd>
   <jobsCdKorNm>
    감독 및 기술감독
   </jobsCdKorNm>
  </empJobsListInfo>
 </empJobsList>
 <empnRecrSummaryCont></empnRecrSummaryCont>
 <recrCommCont>
  [Journey Map] - 차PD는 엔카닷컴 서비스의 모태인 &amp;apos;진단&amp;apos; 서비스를 담당합니다. 차량을 직접 진단할 때도 있지만 현재는 분업해서 사진 촬영담당자, 제휴성능장, 광고등록사원 등 다양한 사람들과 함께 일하고 있습니다. 다양한 사람들이 근무하고 있는 광고지원센터를 관활하다보니 당사 웹/앱 사이트에 올라와있는 광고는 차PD가 연출, 감독한 작품이라고 볼수 있겠습니다. 입사후 3개월 간은 엔카닷컴의 광고상품과 광고지원센터가 운영되는 모습, 시장에 대해 이해하실 수 있도록 교육이 진행됩니다. 다양한 차종과 광고에 대한 전문성이 쌓이며 자동차 시장에 대한 인사이트를 얻으실 수 있고, 궁극적으로는 엔카를 넘어 중고차 시장의 베테랑 차PD로 성장하실 수 있도록 지원합니다.
 </recrCommCont>
 <empSubmitDocCont></empSubmitDocCont>
 <empRcptMthdCont>
  - 채용 홈페이지 입사지원
 </empRcptMthdCont>
 <empAcptPsnAnncCont></empAcptPsnAnncCont>
 <inqryCont>
  - 채용홈페이지 참조
 </inqryCont>
 <empnEtcCont>
  - 엔카닷컴에 대한 좀 더 많은 이야기를 듣고 싶으시다면? (https://blog.naver.com/wantedlab/221492692575)
 </empnEtcCont>
</dhsOpenEmpInfoDetailRoot>