<?xml version="1.0" encoding="UTF-8"?>
<dhsOpenEmpInfoDetailRoot>
 <empSeqno>
  37460
 </empSeqno>
 <empWantedTitle>
  인사부 급여 관리 담당 모집
 </empWantedTitle>
 <empBusiNm>
  문화방송
 </empBusiNm>
 <coClcdNm>
  중견기업
 </coClcdNm>
 <empWantedStdt>
  20190318
 </empWantedStdt>
 <empWantedEndt>
  20190402
 </empWantedEndt>
 <empWantedHomepg>
  http://www.imbc.com
 </empWantedHomepg>
 <empWantedHomepgDetail>
  https://recruit.imbc.com/company/recruit/notice/view.aspx?Uid=558&amp;no=332&amp;keyword=
 </empWantedHomepgDetail>
 <empWantedMobileUrl></empWantedMobileUrl>
 <regLogImgNm>
  http://www.work.go.kr/framework/filedownload/getImage.do?filePathName=ZGI9%2BubbEcHpFsdRT26HvJbiuPVRQ9xobDJl6gW0v%2BD7W09mEwDW6np%2F8t0m3mKC
 </regLogImgNm>
 <empWantedTypeNm>
  기간제|기타
 </empWantedTypeNm>
 <empWatedJobsNm></empWatedJobsNm>
 <empWatedCont></empWatedCont>
 <attachFileList>
  <fileListInfo>
   <regFileUrl>
    http://www.work.go.kr/framework/filedownload/keisDownload.do?filePathName=ydWIN1A%2BKOBWJtl5zkQ5W5BUmIohf3I%2FbQHEXDA2XgbXIux%2B5Vo%2BqgN0NjYmY%2BrTp%2Bj28efevqIEZPvzHWCGS8FyaM%2By2UrxzCcGeLhv0U0%2FqnZOt3I6bBQ2XLMmcqSJ&amp;realFileNm=MjAxOTAzMTgxNjA2XzIwMTlf7J6F7IKs7KeA7JuQ7ISc7JaR7IudLmh3cA==
   </regFileUrl>
   <realFileNm>
    201903181606_2019_입사지원서양식.hwp
   </realFileNm>
  </fileListInfo>
 </attachFileList>
 <empSelfintroList>
  <empSelsListInfo>
   <selfintroQstCont></selfintroQstCont>
  </empSelsListInfo>
 </empSelfintroList>
 <empSelsList>
  <empSelsListInfo>
   <selsNm>
    서류전형
   </selsNm>
   <selsSchdCont></selsSchdCont>
   <selsCont>
    ※서류전형 합격자 발표 : 2019년 4월 3일(수) 예정
   </selsCont>
   <selsMemoCont></selsMemoCont>
  </empSelsListInfo>
  <empSelsListInfo>
   <selsNm>
    면접전형
   </selsNm>
   <selsSchdCont>
    2019년 4월 5일(금) 예정
   </selsSchdCont>
   <selsCont></selsCont>
   <selsMemoCont></selsMemoCont>
  </empSelsListInfo>
 </empSelsList>
 <empRecrList>
  <empRecrListInfo>
   <empRecrNm>
    급여 관리(공제 및 지급)
   </empRecrNm>
   <jobCont>
    o 급여 관리(공제 및 지급) - 급/상여 공제 및 지급(4대 보험 신고 제외) - 근로소득원천세 신고 - 퇴직금 지급(퇴직소득세 계산 및 퇴직연금 지급 관련 업무) - 연말정산 - 채권압류 대응 - 기타 관련 업무
   </jobCont>
   <empWantedCareerNm>
    경력
   </empWantedCareerNm>
   <empWantedEduNm></empWantedEduNm>
   <sptCertEtc>
    o 해당 분야 경력자 - 기업체 급여 관리(지급 및 공제) 담당 경력자 - 급여 아웃소싱 담당 경력자 o 액셀 활용 우수자
   </sptCertEtc>
   <recrPsncnt></recrPsncnt>
   <empRecrMemoCont></empRecrMemoCont>
   <workRegionNm></workRegionNm>
  </empRecrListInfo>
 </empRecrList>
 <empJobsList>
  <empJobsListInfo>
   <jobsCd>
    026201
   </jobsCd>
   <jobsCdKorNm>
    인사 사무원
   </jobsCdKorNm>
  </empJobsListInfo>
 </empJobsList>
 <empnRecrSummaryCont></empnRecrSummaryCont>
 <recrCommCont>
  - 고용형태: 계약직 1년 (육아휴직자 대체 채용) - 연봉: 경력 및 사내기준에 따라 책정 / 입사지원서에 희망연봉 반드시 기재 - 최종합격자 입사예정일은 19년 4월 초(예정)입니다.(일부조정가능) - 취업보호대상자 및 장애인은 관계법령 등에 따라 우대합니다.
 </recrCommCont>
 <empSubmitDocCont>
  ○ 기타 구비서류 - 서류 전형 합격자에 한하여 별도 안내 예정
 </empSubmitDocCont>
 <empRcptMthdCont>
  - 접수 이메일 주소 : recruit@mbc.co.kr (※입사지원서 양식을 다운로드 받아 작성) (※첨부 양식의 「지원서 작성방법」 페이지 삭제 후, 입사지원서를 이메일로 접수) □ 입사지원서는 당사 양식의 입사지원서로 이메일 접수만 가능 □ 메일 제목 및 첨부 파일명은 반드시 ‘본인성명_지원분야’로 작성
 </empRcptMthdCont>
 <empAcptPsnAnncCont></empAcptPsnAnncCont>
 <inqryCont>
  ○ 문의사항 : recruit@mbc.co.kr
 </inqryCont>
 <empnEtcCont>
  ○ 사규 상 결격사유에 해당되는 경우에는 합격을 취소할 수 있습니다. ○ 신체검사에서 불합격하거나 사규 상 결격사유에 해당되는 경우에는 각 전형단계에서의 합격을 취소할 수 있습니다. ○ 입사지원서에 허위사실을 기재하거나 허위 증빙자료를 제출한 경우에는 합격을 취소하며, 향후 5년간 본사 입사 응시자격을 제한합니다.
 </empnEtcCont>
</dhsOpenEmpInfoDetailRoot>