<?xml version="1.0" encoding="UTF-8"?>
<dhsOpenEmpInfoDetailRoot>
 <empSeqno>
  37233
 </empSeqno>
 <empWantedTitle>
  해외사업(중화권) PM
 </empWantedTitle>
 <empBusiNm>
  아프리카티비
 </empBusiNm>
 <coClcdNm>
  중견기업
 </coClcdNm>
 <empWantedStdt>
  20190313
 </empWantedStdt>
 <empWantedEndt>
  20190513
 </empWantedEndt>
 <empWantedHomepg>
  http://corp.afreecatv.com
 </empWantedHomepg>
 <empWantedHomepgDetail>
  https://recruit.afreecatv.com/#452
 </empWantedHomepgDetail>
 <empWantedMobileUrl></empWantedMobileUrl>
 <regLogImgNm>
  http://www.work.go.kr/framework/filedownload/getImage.do?filePathName=KuBCC2IodBkj%2Frlv8XuRirTW8VVbdvxZp%2BioNmBLyYt4HYUmPqULHHGyTMLZs2gp7suWeZYPwv8GKFqD7PXO%2Fg%3D%3D
 </regLogImgNm>
 <empWantedTypeNm>
  정규직
 </empWantedTypeNm>
 <empWatedJobsNm></empWatedJobsNm>
 <empWatedCont></empWatedCont>
 <empSelfintroList>
  <empSelsListInfo>
   <selfintroQstCont></selfintroQstCont>
  </empSelsListInfo>
 </empSelfintroList>
 <empSelsList>
  <empSelsListInfo>
   <selsNm>
    입사지원
   </selsNm>
   <selsSchdCont></selsSchdCont>
   <selsCont></selsCont>
   <selsMemoCont></selsMemoCont>
  </empSelsListInfo>
  <empSelsListInfo>
   <selsNm>
    서류심사
   </selsNm>
   <selsSchdCont></selsSchdCont>
   <selsCont></selsCont>
   <selsMemoCont></selsMemoCont>
  </empSelsListInfo>
  <empSelsListInfo>
   <selsNm>
    1차 인터뷰
   </selsNm>
   <selsSchdCont></selsSchdCont>
   <selsCont></selsCont>
   <selsMemoCont></selsMemoCont>
  </empSelsListInfo>
  <empSelsListInfo>
   <selsNm>
    2차 인터뷰
   </selsNm>
   <selsSchdCont></selsSchdCont>
   <selsCont></selsCont>
   <selsMemoCont></selsMemoCont>
  </empSelsListInfo>
  <empSelsListInfo>
   <selsNm>
    최종합격
   </selsNm>
   <selsSchdCont></selsSchdCont>
   <selsCont></selsCont>
   <selsMemoCont></selsMemoCont>
  </empSelsListInfo>
  <empSelsListInfo>
   <selsNm>
    ※기타
   </selsNm>
   <selsSchdCont></selsSchdCont>
   <selsCont>
    서류 전형 결과는 입사지원서 접수 마감일로부터 1주일 이후 홈페이지 지원결과 조회에서 확인 하실 수 있으며, 합격자에게는 유선 및 이메일을 통하며 개별적으로 안내드립니다.
   </selsCont>
   <selsMemoCont></selsMemoCont>
  </empSelsListInfo>
 </empSelsList>
 <empRecrList>
  <empRecrListInfo>
   <empRecrNm>
    해외사업(중화권) PM
   </empRecrNm>
   <jobCont>
    - 아프리카티비 중화권 서비스 운영 및 사업 전개 - 중화권 방송, 시청자 유입 정책 수립 - 지표 분석, 현지화, 시장 개척 - 스폰서, 제휴, 기획 및 계약 - 대내외 및 해외 법인 커뮤니케이션
   </jobCont>
   <empWantedCareerNm>
    경력
   </empWantedCareerNm>
   <empWantedEduNm></empWantedEduNm>
   <sptCertEtc>
    - 동시통역 가능 - 라이브 스트리밍 경력 - 게임 또는 문화 콘텐츠 프로젝트 런칭 - 중국, 대만, 홍콩 IT 시장과 문화에 대해 이해도 높으신 분
   </sptCertEtc>
   <recrPsncnt></recrPsncnt>
   <empRecrMemoCont></empRecrMemoCont>
   <workRegionNm></workRegionNm>
  </empRecrListInfo>
 </empRecrList>
 <empJobsList>
  <empJobsListInfo>
   <jobsCd>
    01
   </jobsCd>
   <jobsCdKorNm>
    경영·사무·금융·보험
   </jobsCdKorNm>
  </empJobsListInfo>
 </empJobsList>
 <empnRecrSummaryCont></empnRecrSummaryCont>
 <recrCommCont></recrCommCont>
 <empSubmitDocCont></empSubmitDocCont>
 <empRcptMthdCont>
  - 채용 홈페이지 온라인 지원 ※ 채용완료시까지 ※ 입사지원은 당사 홈페이지를 통해서만 접수받으며, 이메일 및 우편/방문접수는 받지 않습니다.
 </empRcptMthdCont>
 <empAcptPsnAnncCont></empAcptPsnAnncCont>
 <inqryCont>
  - 기타 문의사항은 recruit@afreecatv.com 으로 하시기 바랍니다.
 </inqryCont>
 <empnEtcCont>
  - 최종 제출하신 지원서는 수정하실 수 없으니, 임시저장 기능을 활용하시기 바랍니다.
 </empnEtcCont>
</dhsOpenEmpInfoDetailRoot>