<?xml version="1.0" encoding="UTF-8"?>
<dhsOpenEmpInfoDetailRoot>
 <empSeqno>
  36733
 </empSeqno>
 <empWantedTitle>
  [경력] 검은사막 글로벌 서비스 운영 담당자 모집
 </empWantedTitle>
 <empBusiNm>
  펄어비스
 </empBusiNm>
 <coClcdNm>
  중견기업
 </coClcdNm>
 <empWantedStdt>
  20190221
 </empWantedStdt>
 <empWantedEndt>
  20190420
 </empWantedEndt>
 <empWantedHomepg>
  https://www.pearlabyss.com
 </empWantedHomepg>
 <empWantedHomepgDetail>
  https://recruit.pearlabyss.com/
 </empWantedHomepgDetail>
 <empWantedMobileUrl></empWantedMobileUrl>
 <regLogImgNm>
  http://www.work.go.kr/framework/filedownload/getImage.do?filePathName=tqyczLUvysXSEcOVhPgDCkmY370c6ShSg2s%2BI6dMny6Kg%2BGQe5BbzxGJJM7zD26CTwSUWuVQ%2FkyRj1lnzvs%2FnlN%2BNplQKTraQ36dfDwZiAI%3D
 </regLogImgNm>
 <empWantedTypeNm>
  정규직|기간제|기타
 </empWantedTypeNm>
 <empWatedJobsNm></empWatedJobsNm>
 <empWatedCont></empWatedCont>
 <empSelfintroList>
  <empSelsListInfo>
   <selfintroQstCont></selfintroQstCont>
  </empSelsListInfo>
 </empSelfintroList>
 <empSelsList>
  <empSelsListInfo>
   <selsNm>
    서류전형
   </selsNm>
   <selsSchdCont></selsSchdCont>
   <selsCont></selsCont>
   <selsMemoCont></selsMemoCont>
  </empSelsListInfo>
  <empSelsListInfo>
   <selsNm>
    대면면접
   </selsNm>
   <selsSchdCont></selsSchdCont>
   <selsCont></selsCont>
   <selsMemoCont></selsMemoCont>
  </empSelsListInfo>
  <empSelsListInfo>
   <selsNm>
    합격자발표
   </selsNm>
   <selsSchdCont></selsSchdCont>
   <selsCont></selsCont>
   <selsMemoCont></selsMemoCont>
  </empSelsListInfo>
 </empSelsList>
 <empRecrList>
  <empRecrListInfo>
   <empRecrNm>
    검은사막 글로벌 서비스 운영
   </empRecrNm>
   <jobCont>
    - 라이브 서비스 상황에서 발생하는 각종 이슈 전파 및 실시간 대응 - 담당 프로덕트의 고객 니즈 분석 및 동향 리포트 - 게임 로그 조회 및 분석 - 이벤트 기획 및 진행 - 서비스 위험 관리 및 사전 대응
   </jobCont>
   <empWantedCareerNm>
    경력
   </empWantedCareerNm>
   <empWantedEduNm></empWantedEduNm>
   <sptCertEtc>
    - 검은사막 플레이 경험 우대 - 온라인 게임 운영/사업 경험 보유자 우대 - 영어, 중국어(간체/변체), 태국어, 터키어, 러시아어 가능자 우대
   </sptCertEtc>
   <recrPsncnt></recrPsncnt>
   <empRecrMemoCont></empRecrMemoCont>
   <workRegionNm></workRegionNm>
  </empRecrListInfo>
 </empRecrList>
 <empJobsList>
  <empJobsListInfo>
   <jobsCd>
    134301
   </jobsCd>
   <jobsCdKorNm>
    정보시스템 운영자
   </jobsCdKorNm>
  </empJobsListInfo>
 </empJobsList>
 <empnRecrSummaryCont></empnRecrSummaryCont>
 <recrCommCont>
  - 고용형태: 정규직, 계약직(계약기간 협의) - 국가보훈대상자 및 장애인은 관련법규에 의거 처우합니다.
 </recrCommCont>
 <empSubmitDocCont></empSubmitDocCont>
 <empRcptMthdCont>
  ~ 채용시 마감 - 채용홈페이지 입사지원
 </empRcptMthdCont>
 <empAcptPsnAnncCont></empAcptPsnAnncCont>
 <inqryCont>
  - 상기 채용건에 관련된 전화 문의는 받지 않습니다. 이메일 문의(hr@pearlabyss.com) 또는 채용 Q&amp;A
 </inqryCont>
 <empnEtcCont>
  - 상기 일정은 당사 상황에 따라 일부 변동될 수 있습니다. - 입사지원서 내용 및 제출서류가 허위로 판명될 경우 합격 및 채용이 취소 될 수 있습니다.
 </empnEtcCont>
</dhsOpenEmpInfoDetailRoot>