<?xml version="1.0" encoding="UTF-8"?>
<dhsOpenEmpInfoDetailRoot>
 <empSeqno>
  37590
 </empSeqno>
 <empWantedTitle>
  게임기획 인턴 채용
 </empWantedTitle>
 <empBusiNm>
  엔에이치엔엔터테인먼트
 </empBusiNm>
 <coClcdNm>
  중견기업
 </coClcdNm>
 <empWantedStdt>
  20190322
 </empWantedStdt>
 <empWantedEndt>
  20190522
 </empWantedEndt>
 <empWantedHomepg>
  http://www.nhnent.com
 </empWantedHomepg>
 <empWantedHomepgDetail>
  https://recruit.nhnent.com/ent/recruitings/20001158
 </empWantedHomepgDetail>
 <empWantedMobileUrl></empWantedMobileUrl>
 <regLogImgNm>
  http://www.work.go.kr/framework/filedownload/getImage.do?filePathName=KuBCC2IodBkj%2Frlv8XuRisrJqQij789SYiMWgAZC%2FBUpJqeHmr%2Bv3gMrjeE%2BaB1x7suWeZYPwv8GKFqD7PXO%2Fg%3D%3D
 </regLogImgNm>
 <empWantedTypeNm>
  기간제|기타
 </empWantedTypeNm>
 <empWatedJobsNm></empWatedJobsNm>
 <empWatedCont></empWatedCont>
 <empSelfintroList>
  <empSelsListInfo>
   <selfintroQstCont></selfintroQstCont>
  </empSelsListInfo>
 </empSelfintroList>
 <empSelsList>
  <empSelsListInfo>
   <selsNm>
    서류전형
   </selsNm>
   <selsSchdCont></selsSchdCont>
   <selsCont>
    전형일정은 서류 합격자에 한하여 개별 연락 드립니다.
   </selsCont>
   <selsMemoCont></selsMemoCont>
  </empSelsListInfo>
  <empSelsListInfo>
   <selsNm>
    1차 면접
   </selsNm>
   <selsSchdCont></selsSchdCont>
   <selsCont></selsCont>
   <selsMemoCont></selsMemoCont>
  </empSelsListInfo>
  <empSelsListInfo>
   <selsNm>
    최종합격
   </selsNm>
   <selsSchdCont></selsSchdCont>
   <selsCont></selsCont>
   <selsMemoCont></selsMemoCont>
  </empSelsListInfo>
 </empSelsList>
 <empRecrList>
  <empRecrListInfo>
   <empRecrNm>
    게임 기획
   </empRecrNm>
   <jobCont>
    - 게임 밸런스 테스트 - 신규 글로벌 퍼즐 게임 맵 제작
   </jobCont>
   <empWantedCareerNm>
    인턴
   </empWantedCareerNm>
   <empWantedEduNm>
    대졸(4)
   </empWantedEduNm>
   <sptCertEtc></sptCertEtc>
   <recrPsncnt></recrPsncnt>
   <empRecrMemoCont></empRecrMemoCont>
   <workRegionNm>
    경기 성남시 분당구
   </workRegionNm>
  </empRecrListInfo>
 </empRecrList>
 <empJobsList>
  <empJobsListInfo>
   <jobsCd>
    133206
   </jobsCd>
   <jobsCdKorNm>
    게임 프로그래머
   </jobsCdKorNm>
  </empJobsListInfo>
 </empJobsList>
 <empnRecrSummaryCont></empnRecrSummaryCont>
 <recrCommCont>
  - 지원자격 : 병역필 혹은 면제로 해외여행에 결격 사유가 없는 자 - 국가보훈해당자 및 장애인은 관련 법률에 의거 우대합니다.(증빙서류 제출자에 한함)
 </recrCommCont>
 <empSubmitDocCont></empSubmitDocCont>
 <empRcptMthdCont>
  - 채용홈페이지 온라인 지원서 작성 ※ ~ 채용시까지
 </empRcptMthdCont>
 <empAcptPsnAnncCont></empAcptPsnAnncCont>
 <inqryCont>
  - 채용홈페이지 채용문의 참조
 </inqryCont>
 <empnEtcCont>
  - 본 채용은 상시 채용으로 면접이 수시로 진행되며, 先지원자에게 기회가 먼저 부여되므로 빠른 지원 바랍니다. - 제출서류에 허위기재 또는 기재착오, 구비서류 미제출 등으로 인한 불이익은 응시자 본인의 책임으로 합니다. - 제출서류나 각종 증명서의 기재내용이 허위일 경우, 응시를 무효로 하며 합격을 취소합니다. - 당사 소개 및 기타 자세한 사항은 홈페이지(http://www.nhnent.com)를 참조하시기 바랍니다.
 </empnEtcCont>
</dhsOpenEmpInfoDetailRoot>