<?xml version="1.0" encoding="UTF-8"?>
<dhsOpenEmpInfoDetailRoot>
 <empSeqno>
  37479
 </empSeqno>
 <empWantedTitle>
  Wells신채널영업팀 신입사원 수시채용 (일반사무)
 </empWantedTitle>
 <empBusiNm>
  교원
 </empBusiNm>
 <coClcdNm>
  중견기업
 </coClcdNm>
 <empWantedStdt>
  20190319
 </empWantedStdt>
 <empWantedEndt>
  20190407
 </empWantedEndt>
 <empWantedHomepg>
  http://www.kyowon.co.kr
 </empWantedHomepg>
 <empWantedHomepgDetail>
  https://kyowon.recruiter.co.kr/app/jobnotice/view?systemKindCode=MRS2&amp;jobnoticeSn=7923
 </empWantedHomepgDetail>
 <empWantedMobileUrl></empWantedMobileUrl>
 <regLogImgNm>
  http://www.work.go.kr/framework/filedownload/getImage.do?filePathName=ZGI9%2BubbEcHpFsdRT26HvByTZKDWTqYsjBQHoDR9%2FBrTO9DFwUzRmXrJh7fN4uFb
 </regLogImgNm>
 <empWantedTypeNm>
  정규직
 </empWantedTypeNm>
 <empWatedJobsNm></empWatedJobsNm>
 <empWatedCont></empWatedCont>
 <empSelfintroList>
  <empSelsListInfo>
   <selfintroQstCont></selfintroQstCont>
  </empSelsListInfo>
 </empSelfintroList>
 <empSelsList>
  <empSelsListInfo>
   <selsNm>
    지원서지원
   </selsNm>
   <selsSchdCont></selsSchdCont>
   <selsCont></selsCont>
   <selsMemoCont></selsMemoCont>
  </empSelsListInfo>
  <empSelsListInfo>
   <selsNm>
    서류전형
   </selsNm>
   <selsSchdCont></selsSchdCont>
   <selsCont>
    결과 발표: 4월 10일(수) 19:00 예정 (채용 사이트 내 조회 및 전형 별 합격자에 대한 개별 통보)
   </selsCont>
   <selsMemoCont></selsMemoCont>
  </empSelsListInfo>
  <empSelsListInfo>
   <selsNm>
    인적성검사
   </selsNm>
   <selsSchdCont></selsSchdCont>
   <selsCont></selsCont>
   <selsMemoCont></selsMemoCont>
  </empSelsListInfo>
  <empSelsListInfo>
   <selsNm>
    면접전형(1/2차)(실무/CEO)
   </selsNm>
   <selsSchdCont></selsSchdCont>
   <selsCont></selsCont>
   <selsMemoCont></selsMemoCont>
  </empSelsListInfo>
  <empSelsListInfo>
   <selsNm>
    채용심체검사
   </selsNm>
   <selsSchdCont></selsSchdCont>
   <selsCont></selsCont>
   <selsMemoCont></selsMemoCont>
  </empSelsListInfo>
  <empSelsListInfo>
   <selsNm>
    최종합격
   </selsNm>
   <selsSchdCont></selsSchdCont>
   <selsCont></selsCont>
   <selsMemoCont></selsMemoCont>
  </empSelsListInfo>
 </empSelsList>
 <empRecrList>
  <empRecrListInfo>
   <empRecrNm>
    일반사무
   </empRecrNm>
   <jobCont>
    •주요 거래처 업무 지원 •정산, 계약 전산 접수(이관) •송장 발행 및 운영 제도 안내 •전화 문의 응대​
   </jobCont>
   <empWantedCareerNm>
    신입
   </empWantedCareerNm>
   <empWantedEduNm>
    고졸|박사
   </empWantedEduNm>
   <sptCertEtc></sptCertEtc>
   <recrPsncnt>
    0
   </recrPsncnt>
   <empRecrMemoCont></empRecrMemoCont>
   <workRegionNm>
    서울 중구
   </workRegionNm>
  </empRecrListInfo>
 </empRecrList>
 <empJobsList>
  <empJobsListInfo>
   <jobsCd>
    01
   </jobsCd>
   <jobsCdKorNm>
    경영·사무·금융·보험
   </jobsCdKorNm>
  </empJobsListInfo>
 </empJobsList>
 <empnRecrSummaryCont></empnRecrSummaryCont>
 <recrCommCont>
  [자격요건] •고등학교 졸업 이상 학력 소지자 •해외여행에 결격 사유가 없는 자, 병역필 또는 면제자 [복리후생] - 경조금/경조휴가/물품지원, 자사상품 직원할인, 자녀 학자금 지원, 우수사원 및 장기근속 포상, 건강검진 및 의료비 할인 지원, 교육지원, 휴양시설 이용, 선택적 복지제도(상세 내용 채용홈페이지 참조)
 </recrCommCont>
 <empSubmitDocCont>
  - 최종학력 및 성적 증명서 - 공인 어학 성적표 및 각종 자격증 사본 - 경력증명서
 </empSubmitDocCont>
 <empRcptMthdCont>
  - 채용 홈페이지 접속 후 온라인 입사지원서 작성(kyowon.recruiter.co.kr)
 </empRcptMthdCont>
 <empAcptPsnAnncCont></empAcptPsnAnncCont>
 <inqryCont>
  - 문의처: 02-397-0256 - 기타 문의 사항은 채용 홈페이지 내 '채용 Q&amp;A' 로 문의해 주시길 바랍니다.
 </inqryCont>
 <empnEtcCont>
  - 진행 중인 공고와 중복지원은 불가합니다. - 마감일은 지원자의 급증으로 인해 접수가 원활하지 못할 수도 있으니, 여유롭게 접수하시기 바랍니다. - 국가보훈대상자는 관계 법령에 의거하여 우대합니다. - 입사지원서 상 허위 사실이 적발될 경우 입사가 취소될 수 있습니다.
 </empnEtcCont>
</dhsOpenEmpInfoDetailRoot>