<?xml version="1.0" encoding="UTF-8"?>
<dhsOpenEmpInfoDetailRoot>
 <empSeqno>
  35948
 </empSeqno>
 <empWantedTitle>
  범용선반기술자(밀링)모집
 </empWantedTitle>
 <empBusiNm>
  청우유체
 </empBusiNm>
 <coClcdNm></coClcdNm>
 <empWantedStdt>
  20190208
 </empWantedStdt>
 <empWantedEndt>
  20190408
 </empWantedEndt>
 <empWantedHomepg>
  http://www.cwpump.com
 </empWantedHomepg>
 <empWantedHomepgDetail></empWantedHomepgDetail>
 <empWantedMobileUrl></empWantedMobileUrl>
 <regLogImgNm>
  http://www.work.go.kr/framework/filedownload/getImage.do?filePathName=tqyczLUvysXSEcOVhPgDCobxsils1ikr5N2Zj7rZdR3eugjnAbTdeA%2B1Lu2z8NuukmiQr%2BFOr%2FqDwjMYVtzekxA1dZ%2Bk60gB%2B%2F7XID%2BNk2g%3D
 </regLogImgNm>
 <empWantedTypeNm>
  정규직전환형
 </empWantedTypeNm>
 <empWatedJobsNm></empWatedJobsNm>
 <empWatedCont></empWatedCont>
 <empSelfintroList>
  <empSelsListInfo>
   <selfintroQstCont></selfintroQstCont>
  </empSelsListInfo>
 </empSelfintroList>
 <empSelsList>
  <empSelsListInfo>
   <selsNm>
    이력서 접수
   </selsNm>
   <selsSchdCont></selsSchdCont>
   <selsCont></selsCont>
   <selsMemoCont></selsMemoCont>
  </empSelsListInfo>
  <empSelsListInfo>
   <selsNm>
    면접
   </selsNm>
   <selsSchdCont></selsSchdCont>
   <selsCont></selsCont>
   <selsMemoCont></selsMemoCont>
  </empSelsListInfo>
 </empSelsList>
 <empRecrList>
  <empRecrListInfo>
   <empRecrNm>
    범용 밀링기조작원
   </empRecrNm>
   <jobCont>
    - 범용 선반 기술자 (단,범용밀링조작가능자)
   </jobCont>
   <empWantedCareerNm>
    경력
   </empWantedCareerNm>
   <empWantedEduNm>
    학력무관
   </empWantedEduNm>
   <sptCertEtc></sptCertEtc>
   <recrPsncnt>
    1
   </recrPsncnt>
   <empRecrMemoCont></empRecrMemoCont>
   <workRegionNm></workRegionNm>
  </empRecrListInfo>
 </empRecrList>
 <empJobsList>
  <empJobsListInfo>
   <jobsCd>
    813204
   </jobsCd>
   <jobsCdKorNm>
    범용 밀링기조작원
   </jobsCdKorNm>
  </empJobsListInfo>
 </empJobsList>
 <empnRecrSummaryCont></empnRecrSummaryCont>
 <recrCommCont>
  - 연봉 25,000,000원 이상 ~ 30,000,000 원 이하 (면접 후 결정 가능) ※ 주중)오전 8시30분-오후7시30분 / (토) 격주근무 (근무시 8시30분~5시) (하루 2시간 시간외 수당 지급) - 4대보험 / 퇴직연금 / 그 외 사항 면접 후 조정 가능 - 근무지 : 당사 공장
 </recrCommCont>
 <empSubmitDocCont></empSubmitDocCont>
 <empRcptMthdCont>
  - e-mail (hydropp@hanmail.net)
 </empRcptMthdCont>
 <empAcptPsnAnncCont></empAcptPsnAnncCont>
 <inqryCont>
  - 채용담당자 전병수 : 02-2619-0864 / 010-5313-7568
 </inqryCont>
 <empnEtcCont></empnEtcCont>
</dhsOpenEmpInfoDetailRoot>