<?xml version="1.0" encoding="UTF-8"?>
<dhsOpenEmpInfoDetailRoot>
 <empSeqno>
  37675
 </empSeqno>
 <empWantedTitle>
  2019년 시스템 전문가 경력채용 (4월)
 </empWantedTitle>
 <empBusiNm>
  이랜드시스템스
 </empBusiNm>
 <coClcdNm>
  중견기업
 </coClcdNm>
 <empWantedStdt>
  20190326
 </empWantedStdt>
 <empWantedEndt>
  20190407
 </empWantedEndt>
 <empWantedHomepg>
  http://www.elandsystems.com
 </empWantedHomepg>
 <empWantedHomepgDetail>
  https://www.elandscout.com/recruit/Recruit.asp#
 </empWantedHomepgDetail>
 <empWantedMobileUrl></empWantedMobileUrl>
 <regLogImgNm>
  http://www.work.go.kr/framework/filedownload/getImage.do?filePathName=KuBCC2IodBkj%2Frlv8XuRiu2v1bkrv8xQwB%2F0SFeJKrqdEwFenbT3gIFNIaDl0LQO7suWeZYPwv8GKFqD7PXO%2Fg%3D%3D
 </regLogImgNm>
 <empWantedTypeNm>
  정규직전환형|기간제|기타
 </empWantedTypeNm>
 <empWatedJobsNm></empWatedJobsNm>
 <empWatedCont></empWatedCont>
 <empSelfintroList>
  <empSelsListInfo>
   <selfintroQstCont></selfintroQstCont>
  </empSelsListInfo>
 </empSelfintroList>
 <empSelsList>
  <empSelsListInfo>
   <selsNm>
    서류전형
   </selsNm>
   <selsSchdCont></selsSchdCont>
   <selsCont>
    ※합격자 발표: 2019년 4월 10일(수) 예정
   </selsCont>
   <selsMemoCont></selsMemoCont>
  </empSelsListInfo>
  <empSelsListInfo>
   <selsNm>
    직무적성검사
   </selsNm>
   <selsSchdCont>
    2019년 4월 13일(토) 오후
   </selsSchdCont>
   <selsCont>
    약 4시간 소요
   </selsCont>
   <selsMemoCont></selsMemoCont>
  </empSelsListInfo>
  <empSelsListInfo>
   <selsNm>
    면접전형
   </selsNm>
   <selsSchdCont></selsSchdCont>
   <selsCont>
    https://www.elandscout.com 을 통해 확인 가능
   </selsCont>
   <selsMemoCont></selsMemoCont>
  </empSelsListInfo>
  <empSelsListInfo>
   <selsNm>
    채용건강검진
   </selsNm>
   <selsSchdCont></selsSchdCont>
   <selsCont></selsCont>
   <selsMemoCont></selsMemoCont>
  </empSelsListInfo>
  <empSelsListInfo>
   <selsNm>
    최종합격
   </selsNm>
   <selsSchdCont></selsSchdCont>
   <selsCont></selsCont>
   <selsMemoCont></selsMemoCont>
  </empSelsListInfo>
 </empSelsList>
 <empRecrList>
  <empRecrListInfo>
   <empRecrNm>
    빅데이터 플랫폼 外
   </empRecrNm>
   <jobCont>
    [SE(Software Engineer)] - 빅데이터 플랫폼 / E-commerce / POS 시스템 / 어플리케이션 개발 / 모바일 개발 / SAP(FI, CO, TR, SD, MM, PP, LE, WM) [IE(Infrastructure Engineer)] - Application Architect(SAP ABAP, BC) / Cloud Solutions Architect / Database
   </jobCont>
   <empWantedCareerNm>
    경력
   </empWantedCareerNm>
   <empWantedEduNm></empWantedEduNm>
   <sptCertEtc>
    ※ 모집분야별 자세한 내용은 공고문 확인 바랍니다.
   </sptCertEtc>
   <recrPsncnt></recrPsncnt>
   <empRecrMemoCont></empRecrMemoCont>
   <workRegionNm></workRegionNm>
  </empRecrListInfo>
 </empRecrList>
 <empJobsList>
  <empJobsListInfo>
   <jobsCd>
    02
   </jobsCd>
   <jobsCdKorNm>
    연구 및 공학기술
   </jobsCdKorNm>
  </empJobsListInfo>
  <empJobsListInfo>
   <jobsCd>
    024
   </jobsCd>
   <jobsCdKorNm>
    소프트웨어
   </jobsCdKorNm>
  </empJobsListInfo>
  <empJobsListInfo>
   <jobsCd>
    025
   </jobsCd>
   <jobsCdKorNm>
    데이터·네트워크 및 시스템 운영
   </jobsCdKorNm>
  </empJobsListInfo>
 </empJobsList>
 <empnRecrSummaryCont></empnRecrSummaryCont>
 <recrCommCont>
  - 각 모집부문별 3년 이상의 경력을 갖추신 분 - 1년 계약직 근무 후, 정규직 전환 심사
 </recrCommCont>
 <empSubmitDocCont></empSubmitDocCont>
 <empRcptMthdCont>
  ※ 2019.03.26~2019.04.08 - 채용홈페이지 입사지원
 </empRcptMthdCont>
 <empAcptPsnAnncCont></empAcptPsnAnncCont>
 <inqryCont>
  - 체용팀: recruit@elandsystems.com
 </inqryCont>
 <empnEtcCont>
  - 해외여행에 결격사유가 없으신 분 - 남자의 경우 병역을 마쳤거나 면제되신 분 - 국가 보훈 대상자 및 장애인은 관계법에 의거 우대 - 기독교인이거나 기독교에 대해 열린 마음을 가진 분
 </empnEtcCont>
</dhsOpenEmpInfoDetailRoot>