<?xml version="1.0" encoding="UTF-8"?>
<dhsOpenEmpInfoDetailRoot>
 <empSeqno>
  36789
 </empSeqno>
 <empWantedTitle>
  2019년도 수시채용 공고(신성장사업실,화력정비팀,안전관리실)
 </empWantedTitle>
 <empBusiNm>
  금화피에스시
 </empBusiNm>
 <coClcdNm>
  중견기업
 </coClcdNm>
 <empWantedStdt>
  20190226
 </empWantedStdt>
 <empWantedEndt>
  20190426
 </empWantedEndt>
 <empWantedHomepg>
  http://www.geumhwa.co.kr
 </empWantedHomepg>
 <empWantedHomepgDetail>
  http://www.geumhwa.co.kr/
 </empWantedHomepgDetail>
 <empWantedMobileUrl></empWantedMobileUrl>
 <regLogImgNm>
  http://www.work.go.kr/framework/filedownload/getImage.do?filePathName=KuBCC2IodBkj%2Frlv8XuRimTSjRFLnub3wFSGd1zFeQy27vWHXxRyOregsogtmj5f7suWeZYPwv8GKFqD7PXO%2Fg%3D%3D
 </regLogImgNm>
 <empWantedTypeNm>
  정규직|기타
 </empWantedTypeNm>
 <empWatedJobsNm></empWatedJobsNm>
 <empWatedCont></empWatedCont>
 <empSelfintroList>
  <empSelsListInfo>
   <selfintroQstCont></selfintroQstCont>
  </empSelsListInfo>
 </empSelfintroList>
 <empSelsList>
  <empSelsListInfo>
   <selsNm>
    서류전형
   </selsNm>
   <selsSchdCont></selsSchdCont>
   <selsCont></selsCont>
   <selsMemoCont></selsMemoCont>
  </empSelsListInfo>
  <empSelsListInfo>
   <selsNm>
    면접전형
   </selsNm>
   <selsSchdCont></selsSchdCont>
   <selsCont></selsCont>
   <selsMemoCont></selsMemoCont>
  </empSelsListInfo>
  <empSelsListInfo>
   <selsNm>
    최종 서류전형
   </selsNm>
   <selsSchdCont></selsSchdCont>
   <selsCont></selsCont>
   <selsMemoCont></selsMemoCont>
  </empSelsListInfo>
  <empSelsListInfo>
   <selsNm>
    최종합격
   </selsNm>
   <selsSchdCont></selsSchdCont>
   <selsCont></selsCont>
   <selsMemoCont></selsMemoCont>
  </empSelsListInfo>
  <empSelsListInfo>
   <selsNm>
    ※기타
   </selsNm>
   <selsSchdCont></selsSchdCont>
   <selsCont>
    원서 마감 후 서류전형 합격자에 한하여 개별연락 드립니다.
   </selsCont>
   <selsMemoCont></selsMemoCont>
  </empSelsListInfo>
 </empSelsList>
 <empRecrList>
  <empRecrListInfo>
   <empRecrNm>
    [관리직] 신사업 추진관련 사업성 분석
   </empRecrNm>
   <jobCont>
    - 구분 : 신성장 사업실 / 신입&amp;경력
   </jobCont>
   <empWantedCareerNm>
    경력|신입
   </empWantedCareerNm>
   <empWantedEduNm></empWantedEduNm>
   <sptCertEtc></sptCertEtc>
   <recrPsncnt>
    00
   </recrPsncnt>
   <empRecrMemoCont></empRecrMemoCont>
   <workRegionNm>
    서울 강남구
   </workRegionNm>
  </empRecrListInfo>
  <empRecrListInfo>
   <empRecrNm>
    [정비직] 용접
   </empRecrNm>
   <jobCont>
    - 구분 : 경상정비 / 신입&amp;경력(계약직) - 근무지 : 화력발전소 (경인지역)(충남지역)(강원지역)
   </jobCont>
   <empWantedCareerNm>
    경력|신입
   </empWantedCareerNm>
   <empWantedEduNm>
    고졸|대졸(2~3)|박사
   </empWantedEduNm>
   <sptCertEtc></sptCertEtc>
   <recrPsncnt>
    00
   </recrPsncnt>
   <empRecrMemoCont></empRecrMemoCont>
   <workRegionNm></workRegionNm>
  </empRecrListInfo>
  <empRecrListInfo>
   <empRecrNm>
    [기술직] 기계전기
   </empRecrNm>
   <jobCont>
    - 구분 : 경상정비 / 신입&amp;경력(계약직) - 근무지 : 화력발전소 (경인지역)(충남지역)(강원지역)
   </jobCont>
   <empWantedCareerNm>
    경력|신입
   </empWantedCareerNm>
   <empWantedEduNm>
    고졸|대졸(2~3)|박사
   </empWantedEduNm>
   <sptCertEtc></sptCertEtc>
   <recrPsncnt>
    00
   </recrPsncnt>
   <empRecrMemoCont></empRecrMemoCont>
   <workRegionNm></workRegionNm>
  </empRecrListInfo>
  <empRecrListInfo>
   <empRecrNm>
    [관리직] 안전
   </empRecrNm>
   <jobCont>
    - 구분 : 경상정비 / 신입&amp;경력(계약직) - 근무지 : 화력발전소 (경인지역)(충남지역)(강원지역)
   </jobCont>
   <empWantedCareerNm>
    경력|신입
   </empWantedCareerNm>
   <empWantedEduNm>
    고졸|대졸(2~3)|박사
   </empWantedEduNm>
   <sptCertEtc></sptCertEtc>
   <recrPsncnt>
    00
   </recrPsncnt>
   <empRecrMemoCont></empRecrMemoCont>
   <workRegionNm></workRegionNm>
  </empRecrListInfo>
  <empRecrListInfo>
   <empRecrNm>
    [기술직] 운전
   </empRecrNm>
   <jobCont>
    - 구분 : 운전(탈황·회처리) / 신입&amp;경력(계약직) - 근무지 : 영흥화력 발전소
   </jobCont>
   <empWantedCareerNm>
    경력|신입
   </empWantedCareerNm>
   <empWantedEduNm>
    대졸(2~3)|박사
   </empWantedEduNm>
   <sptCertEtc></sptCertEtc>
   <recrPsncnt>
    00
   </recrPsncnt>
   <empRecrMemoCont></empRecrMemoCont>
   <workRegionNm></workRegionNm>
  </empRecrListInfo>
  <empRecrListInfo>
   <empRecrNm>
    [관리직] 품질
   </empRecrNm>
   <jobCont>
    - 구분 : 경상정비 / 신입&amp;경력(계약직) - 근무지 : 화력발전소 (경인지역)(충남지역)(강원지역)
   </jobCont>
   <empWantedCareerNm>
    경력|신입
   </empWantedCareerNm>
   <empWantedEduNm>
    고졸|대졸(2~3)|박사
   </empWantedEduNm>
   <sptCertEtc></sptCertEtc>
   <recrPsncnt>
    00
   </recrPsncnt>
   <empRecrMemoCont></empRecrMemoCont>
   <workRegionNm></workRegionNm>
  </empRecrListInfo>
 </empRecrList>
 <empJobsList>
  <empJobsListInfo>
   <jobsCd>
    019
   </jobsCd>
   <jobsCdKorNm>
    무역·운송·자재·구매·생산·품질 사무
   </jobsCdKorNm>
  </empJobsListInfo>
  <empJobsListInfo>
   <jobsCd>
    09
   </jobsCd>
   <jobsCdKorNm>
    설치·정비·생산-기계·금속·재료
   </jobsCdKorNm>
  </empJobsListInfo>
 </empJobsList>
 <empnRecrSummaryCont></empnRecrSummaryCont>
 <recrCommCont>
  [공통응시자격] - 병역필 또는 군 면제자로서 해외근무에 결격사유가 없는 자. - 회사규정에 따른 채용 결격사유가 없는 자. - 관련자격증 소지자 우대 - 장애인, 보훈대상자 우대 - 육,해,공군 하사관 우대 [복리후생] - 4대보험&amp;#x
 </recrCommCont>
</dhsOpenEmpInfoDetailRoot>