<?xml version="1.0" encoding="UTF-8"?>
<dhsOpenEmpInfoDetailRoot>
 <empSeqno>
  37454
 </empSeqno>
 <empWantedTitle>
  [경력] 소프트웨어 개발 프로젝트 매니저 채용
 </empWantedTitle>
 <empBusiNm>
  현대엠엔소프트
 </empBusiNm>
 <coClcdNm>
  대기업
 </coClcdNm>
 <empWantedStdt>
  20190318
 </empWantedStdt>
 <empWantedEndt>
  20190408
 </empWantedEndt>
 <empWantedHomepg>
  http://www.hyundai-mnsoft.com
 </empWantedHomepg>
 <empWantedHomepgDetail>
  https://hyundai-mnsoft.recruiter.co.kr/app/jobnotice/view?systemKindCode=MRS2&amp;jobnoticeSn=7858
 </empWantedHomepgDetail>
 <empWantedMobileUrl></empWantedMobileUrl>
 <regLogImgNm>
  http://www.work.go.kr/framework/filedownload/getImage.do?filePathName=ZGI9%2BubbEcHpFsdRT26HvCrGCumSELdCoGIOMF0HKGB5JBAJCzfi3vOOlso5S8Cd
 </regLogImgNm>
 <empWantedTypeNm>
  정규직
 </empWantedTypeNm>
 <empWatedJobsNm></empWatedJobsNm>
 <empWatedCont></empWatedCont>
 <empSelfintroList>
  <empSelsListInfo>
   <selfintroQstCont></selfintroQstCont>
  </empSelsListInfo>
 </empSelfintroList>
 <empSelsList>
  <empSelsListInfo>
   <selsNm>
    서류전형
   </selsNm>
   <selsSchdCont></selsSchdCont>
   <selsCont></selsCont>
   <selsMemoCont></selsMemoCont>
  </empSelsListInfo>
  <empSelsListInfo>
   <selsNm>
    HMAT
   </selsNm>
   <selsSchdCont></selsSchdCont>
   <selsCont></selsCont>
   <selsMemoCont></selsMemoCont>
  </empSelsListInfo>
  <empSelsListInfo>
   <selsNm>
    실무 면접
   </selsNm>
   <selsSchdCont></selsSchdCont>
   <selsCont></selsCont>
   <selsMemoCont></selsMemoCont>
  </empSelsListInfo>
  <empSelsListInfo>
   <selsNm>
    최종 면접
   </selsNm>
   <selsSchdCont></selsSchdCont>
   <selsCont></selsCont>
   <selsMemoCont></selsMemoCont>
  </empSelsListInfo>
  <empSelsListInfo>
   <selsNm>
    채용 검진
   </selsNm>
   <selsSchdCont></selsSchdCont>
   <selsCont></selsCont>
   <selsMemoCont></selsMemoCont>
  </empSelsListInfo>
  <empSelsListInfo>
   <selsNm>
    처우 협의
   </selsNm>
   <selsSchdCont></selsSchdCont>
   <selsCont></selsCont>
   <selsMemoCont></selsMemoCont>
  </empSelsListInfo>
 </empSelsList>
 <empRecrList>
  <empRecrListInfo>
   <empRecrNm>
    소프트웨어 개발 프로젝트 매니저
   </empRecrNm>
   <jobCont>
    - 소프트웨어 개발 일정 및 주요 이슈사항 관리 - 고객사 및 협력사와 업무 협의
   </jobCont>
   <empWantedCareerNm>
    경력
   </empWantedCareerNm>
   <empWantedEduNm>
    대졸(4)|박사
   </empWantedEduNm>
   <sptCertEtc>
    - 해외 프로젝트 경험 및 영어 커뮤니케이션 역량 보유 - 기획, 개발, 디자인, 품질 등 다양한 분야의 전문가들과 무리없이 소통 가능하신 분
   </sptCertEtc>
   <recrPsncnt></recrPsncnt>
   <empRecrMemoCont></empRecrMemoCont>
   <workRegionNm>
    서울 용산구
   </workRegionNm>
  </empRecrListInfo>
 </empRecrList>
 <empJobsList>
  <empJobsListInfo>
   <jobsCd>
    024
   </jobsCd>
   <jobsCdKorNm>
    소프트웨어
   </jobsCdKorNm>
  </empJobsListInfo>
 </empJobsList>
 <empnRecrSummaryCont></empnRecrSummaryCont>
 <recrCommCont>
  - 장애 및 보훈 대상자는 우대합니다. [지원자격] - 경력 : 관련 직무 5~11년 종사자(학사이상) - 해외 여행에 결격사유가 없는 분(병역필 또는 군 면제) - 운전면허 보유
 </recrCommCont>
 <empSubmitDocCont></empSubmitDocCont>
 <empRcptMthdCont>
  - 채용홈페이지 입사지원 ※ 기간 내에도 적합 인재 채용 시 본 공고는 마감됩니다. 빠른 지원 바랍니다.
 </empRcptMthdCont>
 <empAcptPsnAnncCont></empAcptPsnAnncCont>
 <inqryCont>
  - 문의사항: recruit@hyundai-mnsoft.com
 </inqryCont>
 <empnEtcCont></empnEtcCont>
</dhsOpenEmpInfoDetailRoot>