<?xml version="1.0" encoding="UTF-8"?>
<dhsOpenEmpInfoDetailRoot>
 <empSeqno>
  37618
 </empSeqno>
 <empWantedTitle>
  [Expert]T map Contents(Map, 교통정보, 경로데이터) 및 사용자 로그 데이터 분석, ML 예측 모델 개발
 </empWantedTitle>
 <empBusiNm>
  에스케이텔레콤
 </empBusiNm>
 <coClcdNm>
  대기업
 </coClcdNm>
 <empWantedStdt>
  20190313
 </empWantedStdt>
 <empWantedEndt>
  20190412
 </empWantedEndt>
 <empWantedHomepg>
  http://www.sktelecom.com
 </empWantedHomepg>
 <empWantedHomepgDetail>
  https://tas-sktelecom.taleo.net/careersection/ex/moresearch.ftl?lang=ko&amp;portal
 </empWantedHomepgDetail>
 <empWantedMobileUrl></empWantedMobileUrl>
 <regLogImgNm>
  http://www.work.go.kr/framework/filedownload/getImage.do?filePathName=KuBCC2IodBkj%2Frlv8XuRiqWFTeUnC7Ku62jSw89T55S8vfkZRM3S%2FA9%2FFLaarZ0gVCYZge%2B3Ai%2BWL36%2FdbFmVg%3D%3D
 </regLogImgNm>
 <empWantedTypeNm>
  정규직
 </empWantedTypeNm>
 <empWatedJobsNm></empWatedJobsNm>
 <empWatedCont></empWatedCont>
 <empSelfintroList>
  <empSelsListInfo>
   <selfintroQstCont></selfintroQstCont>
  </empSelsListInfo>
 </empSelfintroList>
 <empSelsList>
  <empSelsListInfo>
   <selsNm>
    서류전형
   </selsNm>
   <selsSchdCont></selsSchdCont>
   <selsCont></selsCont>
   <selsMemoCont></selsMemoCont>
  </empSelsListInfo>
  <empSelsListInfo>
   <selsNm>
    직무면접
   </selsNm>
   <selsSchdCont></selsSchdCont>
   <selsCont></selsCont>
   <selsMemoCont></selsMemoCont>
  </empSelsListInfo>
  <empSelsListInfo>
   <selsNm>
    임원면접
   </selsNm>
   <selsSchdCont></selsSchdCont>
   <selsCont></selsCont>
   <selsMemoCont></selsMemoCont>
  </empSelsListInfo>
  <empSelsListInfo>
   <selsNm>
    SKCT
   </selsNm>
   <selsSchdCont></selsSchdCont>
   <selsCont></selsCont>
   <selsMemoCont></selsMemoCont>
  </empSelsListInfo>
  <empSelsListInfo>
   <selsNm>
    건강검진
   </selsNm>
   <selsSchdCont></selsSchdCont>
   <selsCont></selsCont>
   <selsMemoCont></selsMemoCont>
  </empSelsListInfo>
 </empSelsList>
 <empRecrList>
  <empRecrListInfo>
   <empRecrNm>
    T map Contents(Map, 교통정보, 경로데이터) 및 사용자 로그 데이터 분석, ML 예측 모델 개발
   </empRecrNm>
   <jobCont>
    •서비스 관련 의사결정 데이터 모델링 - 사용자 데이터 활용 고객 만족도 향상을 위한 의사결정 분석 •사용자 서비스 현황 분석 - 각종 통계 자료 및 데이터를 활용한 서비스 장/단점 분석 - 고객 VoC 관련 데이터 분석 •Machine Learning 기반 데이터 모델링 - 고객 Segmentation : Unsupervised Learning - 연관성 분석 : 수집 데이터 간 상호 연계성 - 예측 모델 : 미래 교통정보 및 경로 예측(CNN, RNN 등 기법 활용) - 교통량 분산 알고리즘 개발(Trip Distribution) •기타 Map, 교통정보, 경로정보 등 Meta Data 분석
   </jobCont>
   <empWantedCareerNm>
    경력
   </empWantedCareerNm>
   <empWantedEduNm>
    대졸(4)|박사
   </empWantedEduNm>
   <sptCertEtc>
    •총 보유경력: 만 3년 이상 •학력/전공: 학사 이상 전공 •기술/경험 •관련 학과 전공자 우대 (GIS, 지리정보, 교통공학, 통계, 산업공학 등) •SQL 필수, R, Python, Java 등 데이터 분석 관련 개발 언어 숙련자 우대 Data Mining, Machine Learning 모델링 경험 우대 •기타: 3년 이상의 운전 경력 보유자
   </sptCertEtc>
   <recrPsncnt></recrPsncnt>
   <empRecrMemoCont></empRecrMemoCont>
   <workRegionNm></workRegionNm>
  </empRecrListInfo>
 </empRecrList>
 <empJobsList>
  <empJobsListInfo>
   <jobsCd>
    024
   </jobsCd>
   <jobsCdKorNm>
    소프트웨어
   </jobsCdKorNm>
  </empJobsListInfo>
  <empJobsListInfo>
   <jobsCd>
    134100
   </jobsCd>
   <jobsCdKorNm>
    데이터 전문가
   </jobsCdKorNm>
  </empJobsListInfo>
 </empJobsList>
 <empnRecrSummaryCont></empnRecrSummaryCont>
 <recrCommCont>
  - 주 근무지 : 본사_파인에비뉴 - 직무 : Data Science - 조직 : Mobility기술Unit - 직급유형 : 실무직(Expert)
 </recrCommCont>
 <empSubmitDocCont></empSubmitDocCont>
 <empRcptMthdCont>
  - 채용 홈페이지를 통해 접수
 </empRcptMthdCont>
 <empAcptPsnAnncCont></empAcptPsnAnncCont>
 <inqryCont>
  - 채용 홈페이지를 통해 문의
 </inqryCont>
 <empnEtcCont></empnEtcCont>
</dhsOpenEmpInfoDetailRoot>