<?xml version="1.0" encoding="UTF-8"?>
<dhsOpenEmpInfoDetailRoot>
 <empSeqno>
  36996
 </empSeqno>
 <empWantedTitle>
  NAVER 총무지원(GA Service) 담당자를 찾습니다
 </empWantedTitle>
 <empBusiNm>
  네이버아이앤에스
 </empBusiNm>
 <coClcdNm>
  중견기업
 </coClcdNm>
 <empWantedStdt>
  20190218
 </empWantedStdt>
 <empWantedEndt>
  20190418
 </empWantedEndt>
 <empWantedHomepg>
  http://www.naverins.com
 </empWantedHomepg>
 <empWantedHomepgDetail>
  https://recruit.naverins.com/ins/recruitIng
 </empWantedHomepgDetail>
 <empWantedMobileUrl></empWantedMobileUrl>
 <regLogImgNm>
  http://www.work.go.kr/framework/filedownload/getImage.do?filePathName=KuBCC2IodBkj%2Frlv8XuRiqzAk7ZDTd3CE%2Fmur0S0jkM07sk9Wm0gBqtb%2BRBqN0uH7suWeZYPwv8GKFqD7PXO%2Fg%3D%3D
 </regLogImgNm>
 <empWantedTypeNm>
  정규직
 </empWantedTypeNm>
 <empWatedJobsNm></empWatedJobsNm>
 <empWatedCont></empWatedCont>
 <empSelfintroList>
  <empSelsListInfo>
   <selfintroQstCont></selfintroQstCont>
  </empSelsListInfo>
 </empSelfintroList>
 <empSelsList>
  <empSelsListInfo>
   <selsNm>
    서류전형
   </selsNm>
   <selsSchdCont></selsSchdCont>
   <selsCont></selsCont>
   <selsMemoCont></selsMemoCont>
  </empSelsListInfo>
  <empSelsListInfo>
   <selsNm>
    1차면접
   </selsNm>
   <selsSchdCont></selsSchdCont>
   <selsCont></selsCont>
   <selsMemoCont></selsMemoCont>
  </empSelsListInfo>
  <empSelsListInfo>
   <selsNm>
    2차면접
   </selsNm>
   <selsSchdCont></selsSchdCont>
   <selsCont></selsCont>
   <selsMemoCont></selsMemoCont>
  </empSelsListInfo>
  <empSelsListInfo>
   <selsNm>
    최종발표
   </selsNm>
   <selsSchdCont></selsSchdCont>
   <selsCont></selsCont>
   <selsMemoCont></selsMemoCont>
  </empSelsListInfo>
  <empSelsListInfo>
   <selsNm>
    ※기타
   </selsNm>
   <selsSchdCont></selsSchdCont>
   <selsCont>
    채용전형 일정은 공지사항 또는 합격자 대상 e-mail을 통해 공지합니다. 합격여부는 공채의 경우 결과확인란, 수시채용의 경우 개별 e-mail을 통해 안내드립니다.
   </selsCont>
   <selsMemoCont></selsMemoCont>
  </empSelsListInfo>
 </empSelsList>
 <empRecrList>
  <empRecrListInfo>
   <empRecrNm>
    총무지원(GA Service) 담당자
   </empRecrNm>
   <jobCont>
    - 업무기기, 일반비품, 소프트웨어, 전자자료, 차량 등 회사의 유무형 자산관리 - 네이버 및 계열사에 대한 자산관리, 총무 제도 기획, 프로세스 및 시스템 개선 - 직원 서비스 관련 협력업체 KPI 수립 및 모니터링 관리
   </jobCont>
   <empWantedCareerNm>
    경력무관
   </empWantedCareerNm>
   <empWantedEduNm></empWantedEduNm>
   <sptCertEtc></sptCertEtc>
   <recrPsncnt></recrPsncnt>
   <empRecrMemoCont></empRecrMemoCont>
   <workRegionNm></workRegionNm>
  </empRecrListInfo>
 </empRecrList>
 <empJobsList>
  <empJobsListInfo>
   <jobsCd>
    026301
   </jobsCd>
   <jobsCdKorNm>
    총무 및 일반 사무원
   </jobsCdKorNm>
  </empJobsListInfo>
 </empJobsList>
 <empnRecrSummaryCont></empnRecrSummaryCont>
 <recrCommCont>
  [우리는 이런일을 합니다] - 네이버는 최고의 IT 서비스를 만들어 가기 위해, 다양한 유/무형 자산을 활용하고 있습니다. 우리 부서는 이러한 자산들이 적재 적소에 배치되고, 효율적으로 활용 될 수 있도록 끊임없이 고민하여 자산관리 운영 프로세스를 를 발전시켜 나가고 있습니다. 기존의 방식에 안주하지 않으며, 함께 새로운 시도를 하실 수 있는 분을 찾습니다. [고용형태] - 정규직(수습3개월) [직군] - 경영지원(Staff)
 </recrCommCont>
 <empSubmitDocCont></empSubmitDocCont>
 <empRcptMthdCont>
  - 채용공고페이지 내 '신규지원' 클릭 ※ ~ 채용시까지
 </empRcptMthdCont>
 <empAcptPsnAnncCont></empAcptPsnAnncCont>
 <inqryCont>
  - 입사지원 관련 궁금하신 점은 채용문의란을 이용하여 주시기 바랍니다.
 </inqryCont>
 <empnEtcCont>
  - NAVER I&amp;S의 복리후생 제도는 NAVER와 동일합니다. [지원서 작성 요령] - 입사지원서는 최종 제출 전까지 자유롭게 등록 및 수정하실 수 있습니다. - 비밀번호를 잊어버린 경우, 채용문의란을 통해 연락 주시면 e-mail로 안내 드립니다.
 </empnEtcCont>
</dhsOpenEmpInfoDetailRoot>