<?xml version="1.0" encoding="UTF-8"?>
<dhsOpenEmpInfoDetailRoot>
 <empSeqno>
  37000
 </empSeqno>
 <empWantedTitle>
  Software Engineer (Blockchain Platform/Protocol)​
 </empWantedTitle>
 <empBusiNm>
  라인플러스
 </empBusiNm>
 <coClcdNm>
  중견기업
 </coClcdNm>
 <empWantedStdt>
  20190306
 </empWantedStdt>
 <empWantedEndt>
  20190506
 </empWantedEndt>
 <empWantedHomepg>
  http://linepluscorp.com
 </empWantedHomepg>
 <empWantedHomepgDetail>
  https://recruit.linepluscorp.com/lineplus/career/detail/20002627?classId=&amp;entTypeCd=&amp;tag=&amp;page=
 </empWantedHomepgDetail>
 <empWantedMobileUrl></empWantedMobileUrl>
 <regLogImgNm>
  http://www.work.go.kr/framework/filedownload/getImage.do?filePathName=KuBCC2IodBkj%2Frlv8XuRio7tN8%2FfS0w1%2BizSZ9MRlvId5wEzldWhQQFQW5j5C9ob7suWeZYPwv8GKFqD7PXO%2Fg%3D%3D
 </regLogImgNm>
 <empWantedTypeNm>
  정규직
 </empWantedTypeNm>
 <empWatedJobsNm></empWatedJobsNm>
 <empWatedCont></empWatedCont>
 <empSelfintroList>
  <empSelsListInfo>
   <selfintroQstCont></selfintroQstCont>
  </empSelsListInfo>
 </empSelfintroList>
 <empSelsList>
  <empSelsListInfo>
   <selsNm>
    서류전형
   </selsNm>
   <selsSchdCont></selsSchdCont>
   <selsCont></selsCont>
   <selsMemoCont></selsMemoCont>
  </empSelsListInfo>
  <empSelsListInfo>
   <selsNm>
    과제전형
   </selsNm>
   <selsSchdCont></selsSchdCont>
   <selsCont></selsCont>
   <selsMemoCont></selsMemoCont>
  </empSelsListInfo>
  <empSelsListInfo>
   <selsNm>
    면접
   </selsNm>
   <selsSchdCont></selsSchdCont>
   <selsCont></selsCont>
   <selsMemoCont></selsMemoCont>
  </empSelsListInfo>
  <empSelsListInfo>
   <selsNm>
    레퍼런스 체크
   </selsNm>
   <selsSchdCont></selsSchdCont>
   <selsCont></selsCont>
   <selsMemoCont></selsMemoCont>
  </empSelsListInfo>
  <empSelsListInfo>
   <selsNm>
    처우협의/최종합격
   </selsNm>
   <selsSchdCont></selsSchdCont>
   <selsCont></selsCont>
   <selsMemoCont></selsMemoCont>
  </empSelsListInfo>
 </empSelsList>
 <empRecrList>
  <empRecrListInfo>
   <empRecrNm>
    Software Engineer (Blockchain Platform/Protocol)​
   </empRecrNm>
   <jobCont>
    - LINK Network 개발/고도화 및 그 응용 서비스의 연구/개발 - 차세대 블록체인 플랫폼 연구/설계/개발/운용 - dApp을 위한 블록체인 프로토콜 표준 연구/설계/구현/운용 - 블록체인 성능 향상을 위한 컨센서스 알고리즘 연구/개발/운용 - 블록체인의 사용성을 위한 스케일링 알고리즘 설계/개발/운용 - 블록체인 플랫폼을 위한 on chain governance 개발
   </jobCont>
   <empWantedCareerNm></empWantedCareerNm>
   <empWantedEduNm></empWantedEduNm>
   <sptCertEtc>
    - Ethereum, ICON, EOS 등 블록체인 open source core 기술에 대한 설계 검토 분석 경험을 가지신 분 - 컨센서스 알고리즘, 블록체인 프로토콜, 스마트 컨트랙트 운영 환경에 대한 풍부한 기반 지식을 가지신 분 - 글로벌 서비스/플랫폼 운영 및 개발 경험을 가지신 분 - Open Source committer로 활동 경험을 가지신 분 - 일본어로 업무 진행이 가능한 자
   </sptCertEtc>
   <recrPsncnt></recrPsncnt>
   <empRecrMemoCont></empRecrMemoCont>
   <workRegionNm>
    경기 성남시 분당구
   </workRegionNm>
  </empRecrListInfo>
 </empRecrList>
 <empJobsList>
  <empJobsListInfo>
   <jobsCd>
    024
   </jobsCd>
   <jobsCdKorNm>
    소프트웨어
   </jobsCdKorNm>
  </empJobsListInfo>
 </empJobsList>
 <empnRecrSummaryCont></empnRecrSummaryCont>
 <recrCommCont>
  [근무국가] - 한국 ※ 국가 유공자 및 장애인 등 취업보호대상자는 관계법령에 따라 우대합니다.
 </recrCommCont>
 <empSubmitDocCont>
  [보훈 취업지원 대상 및 장애인 서류 제출 안내] - 보훈 및 장애인 지원자에 해당되시는 경우, 입사지원시 [포트폴리오/이력서] 첨부 란에 반드시 관련 증명원을 발급하여 첨부 바랍니다. 1.보훈 지원자 : '보훈취업지원대상자 증명서' 발급하여 첨부 2.장애인 지원자 : '장애인증명서 또는 복지카드' 첨부
 </empSubmitDocCont>
 <empRcptMthdCont>
  - ~ 채용시까지 - 채용 홈페이지 온라인 입사지원
 </empRcptMthdCont>
 <empAcptPsnAnncCont></empAcptPsnAnncCont>
 <inqryCont>
  - 기타 채용 관련 문의사항은 채용 공고 페이지 상단 '채용문의' 또는 공지 사항을 참고하여 문의 부탁드립니다.
 </inqryCont>
 <empnEtcCont>
  - 본 공고는 수시 모집으로 채용완료 시 조기 마감될 수 있습니다. - 전형일정 및 결과는 지원서에 등록하신 이메일로 개별 안내드립니다. - 지원서 내용 중 허위사실이 있는 경우 합격이 취소될 수 있습니다.
 </empnEtcCont>
</dhsOpenEmpInfoDetailRoot>