<?xml version="1.0" encoding="UTF-8"?>
<dhsOpenEmpInfoDetailRoot>
 <empSeqno>
  37592
 </empSeqno>
 <empWantedTitle>
  상품개발팀 신입사원 채용
 </empWantedTitle>
 <empBusiNm>
  푸르덴셜생명보험
 </empBusiNm>
 <coClcdNm>
  대기업
 </coClcdNm>
 <empWantedStdt>
  20190319
 </empWantedStdt>
 <empWantedEndt>
  20190403
 </empWantedEndt>
 <empWantedHomepg>
  http://www.prudential.co.kr
 </empWantedHomepg>
 <empWantedHomepgDetail>
  https://prudential.recruiter.co.kr/app/jobnotice/view?systemKindCode=MRS1&amp;jobnoticeSn=20519
 </empWantedHomepgDetail>
 <empWantedMobileUrl></empWantedMobileUrl>
 <regLogImgNm>
  http://www.work.go.kr/framework/filedownload/getImage.do?filePathName=ZGI9%2BubbEcHpFsdRT26HvJKGVotKokVTIULJJmoMdLL5R1EUV55VuoVK51pMeVLK
 </regLogImgNm>
 <empWantedTypeNm>
  정규직
 </empWantedTypeNm>
 <empWatedJobsNm></empWatedJobsNm>
 <empWatedCont></empWatedCont>
 <empSelfintroList>
  <empSelsListInfo>
   <selfintroQstCont></selfintroQstCont>
  </empSelsListInfo>
 </empSelfintroList>
 <empSelsList>
  <empSelsListInfo>
   <selsNm>
    서류전형
   </selsNm>
   <selsSchdCont>
    발표일 : 2019-04-08 (월) 예정
   </selsSchdCont>
   <selsCont></selsCont>
   <selsMemoCont></selsMemoCont>
  </empSelsListInfo>
  <empSelsListInfo>
   <selsNm>
    1차면접
   </selsNm>
   <selsSchdCont>
    2019-04-11 (목) 예정
   </selsSchdCont>
   <selsCont></selsCont>
   <selsMemoCont></selsMemoCont>
  </empSelsListInfo>
  <empSelsListInfo>
   <selsNm>
    인적성 검사
   </selsNm>
   <selsSchdCont>
    2019-04-18 (목) 예정
   </selsSchdCont>
   <selsCont></selsCont>
   <selsMemoCont></selsMemoCont>
  </empSelsListInfo>
  <empSelsListInfo>
   <selsNm>
    최종면접(임원면접)
   </selsNm>
   <selsSchdCont>
    추후 개별 연락
   </selsSchdCont>
   <selsCont></selsCont>
   <selsMemoCont></selsMemoCont>
  </empSelsListInfo>
  <empSelsListInfo>
   <selsNm>
    합격자발표/ 입사예정일
   </selsNm>
   <selsSchdCont>
    합격자발표: 추후개별연락
   </selsSchdCont>
   <selsCont>
    입사예정일 : 2019-05-07 (화) 예정
   </selsCont>
   <selsMemoCont></selsMemoCont>
  </empSelsListInfo>
  <empSelsListInfo>
   <selsNm>
    기타
   </selsNm>
   <selsSchdCont></selsSchdCont>
   <selsCont>
    발표안내 : 개별 이메일 및 SMS 안내 / ※ 상기 일정은 진행에 따라 변동될 수 있으며, 단계별 선발일정은 전단계를 통과한 분에 한하여 진행
   </selsCont>
   <selsMemoCont></selsMemoCont>
  </empSelsListInfo>
 </empSelsList>
 <empRecrList>
  <empRecrListInfo>
   <empRecrNm>
    상품개발팀
   </empRecrNm>
   <jobCont>
    ● Product Development - Perform tasks that are the basis of product development ● Support Sales - To ensure complete sales, provide sales materials and commuicate with distributions ● In accordance with regulation - Perform tasks related with product regulation
   </jobCont>
   <empWantedCareerNm>
    신입
   </empWantedCareerNm>
   <empWantedEduNm>
    대졸(4)
   </empWantedEduNm>
   <sptCertEtc></sptCertEtc>
   <recrPsncnt>
    0
   </recrPsncnt>
   <empRecrMemoCont></empRecrMemoCont>
   <workRegionNm>
    서울 강남구
   </workRegionNm>
  </empRecrListInfo>
 </empRecrList>
 <empJobsList>
  <empJobsListInfo>
   <jobsCd>
    031300
   </jobsCd>
   <jobsCdKorNm>
    보험·금융상품 개발자
   </jobsCdKorNm>
  </empJobsListInfo>
 </empJobsList>
 <empnRecrSummaryCont></empnRecrSummaryCont>
 <recrCommCont>
  1. 병역필 또는 면제자 2. 해외여행에 결격사유가 없는 자 3. 국가등록 장애인 및 국가보훈 대상자는 관련법 및 내부규정에 의거하여 우대 4. 직무관련 자격증 소지자 우대 * 근무지 : 서울시 강남구 강남대로 298, 푸르덴셜타워
 </recrCommCont>
 <empSubmitDocCont>
  - 입사지원서(채용홈페이지 https://prudential.recruiter.co.kr 접속 후 작성)
 </empSubmitDocCont>
 <empRcptMthdCont>
  - 채용 홈페이지 내 온라인 입사지원
 </empRcptMthdCont>
 <empAcptPsnAnncCont></empAcptPsnAnncCont>
 <inqryCont>
  - 문의처 : 02-2144-2300
 </inqryCont>
 <empnEtcCont>
  - 『채용절차의 공정화에 관한 법률』 및 동 시행령과 시행규칙을 준수합니다. - 채용과 관련하여 당사에 제출한 서류가 있을 경우 불합격 또는 합격 통지를 받은 날로부터 14일 이내에 채용담당자 e-mail(tn031dh@prudential.co.kr)로 서류의 반환을 신청하시면 신청일로부터 14일 이내에 채용원서 내의 주소지로 등기 발송하여 드립니다.(단, 별도로 수령방법을 원하시는 경우에는 e-mail에 별도로 기입하여 주시길 바랍니다.) - 반환청구가 없는 경우 제출된 서류는 당해 통보일로부터 14일 이내에 파기됩니다. - 모든 전형단계의 결과는 합격 여부에 관계 없이 모든 지원자에게 e-mail을 통해서 알려드리오니, 정확한 e-mail 주소를 기입하여 주시기 바랍니다.
 </empnEtcCont>
</dhsOpenEmpInfoDetailRoot>