<?xml version="1.0" encoding="UTF-8"?>
<dhsOpenEmpInfoDetailRoot>
 <empSeqno>
  37664
 </empSeqno>
 <empWantedTitle>
  영업지원 직무 계약직 신입사원 모집(서울)
 </empWantedTitle>
 <empBusiNm>
  씨제이프레시웨이
 </empBusiNm>
 <coClcdNm>
  대기업
 </coClcdNm>
 <empWantedStdt>
  20190322
 </empWantedStdt>
 <empWantedEndt>
  20190407
 </empWantedEndt>
 <empWantedHomepg>
  http://www.cjfreshway.com
 </empWantedHomepg>
 <empWantedHomepgDetail>
  http://recruit.cj.net/
 </empWantedHomepgDetail>
 <empWantedMobileUrl></empWantedMobileUrl>
 <regLogImgNm>
  http://www.work.go.kr/framework/filedownload/getImage.do?filePathName=ZGI9%2BubbEcHpFsdRT26HvPPZGr15HO6aptcGucKt1t7Fdh%2FkWFzGrgBhW%2FVdkf5a
 </regLogImgNm>
 <empWantedTypeNm>
  기간제|기타
 </empWantedTypeNm>
 <empWatedJobsNm></empWatedJobsNm>
 <empWatedCont></empWatedCont>
 <empSelfintroList>
  <empSelsListInfo>
   <selfintroQstCont></selfintroQstCont>
  </empSelsListInfo>
 </empSelfintroList>
 <empSelsList>
  <empSelsListInfo>
   <selsNm>
    서류전형
   </selsNm>
   <selsSchdCont></selsSchdCont>
   <selsCont>
    서류전형 합격자에 한하여, 공고 마감이후 1달 내에 걸쳐 1/2차 면접 진행 예정 (합/불과 관계없이, 결과발표에 대한 문자발송 예정)
   </selsCont>
   <selsMemoCont></selsMemoCont>
  </empSelsListInfo>
  <empSelsListInfo>
   <selsNm>
    실기/1차면접(실무진) 및 CJAT
   </selsNm>
   <selsSchdCont></selsSchdCont>
   <selsCont></selsCont>
   <selsMemoCont></selsMemoCont>
  </empSelsListInfo>
  <empSelsListInfo>
   <selsNm>
    2차면접
   </selsNm>
   <selsSchdCont></selsSchdCont>
   <selsCont></selsCont>
   <selsMemoCont></selsMemoCont>
  </empSelsListInfo>
  <empSelsListInfo>
   <selsNm>
    처우협의
   </selsNm>
   <selsSchdCont></selsSchdCont>
   <selsCont></selsCont>
   <selsMemoCont></selsMemoCont>
  </empSelsListInfo>
  <empSelsListInfo>
   <selsNm>
    건강검진
   </selsNm>
   <selsSchdCont></selsSchdCont>
   <selsCont></selsCont>
   <selsMemoCont></selsMemoCont>
  </empSelsListInfo>
  <empSelsListInfo>
   <selsNm>
    기타
   </selsNm>
   <selsSchdCont></selsSchdCont>
   <selsCont>
    추후 자세한 일정은 합격자에 한해 개별공지 드릴 예정입니다.
   </selsCont>
   <selsMemoCont></selsMemoCont>
  </empSelsListInfo>
 </empSelsList>
 <empRecrList>
  <empRecrListInfo>
   <empRecrNm>
    영업지원
   </empRecrNm>
   <jobCont>
    1. 무인 마켓 점포 관리 및 마감 - 일별매출등록, 재고관리, 상품발주, 진열 - 점포/상품별 판매분석, 원가/Loss율관리 - 판매부진상품 프로모션 진행 - 유통기한 초과상품 폐기 - 매월 점포별 전산 마감/임대수수료 정산 - 고객사 점포별 마감 보고서 작성 2. 신규 점포 세팅 및 신규 상품 등록 - 코드 생성 및 POS 발주, 상품 연결 및 가격세팅 - 초도 상품 발주 및 진열 - 신상품 서칭 및 등록요청 / 상품In-Out 3. 고객사 관리 : 클레임 및 매장 장애 대응
   </jobCont>
   <empWantedCareerNm>
    신입
   </empWantedCareerNm>
   <empWantedEduNm>
    고졸|박사
   </empWantedEduNm>
   <sptCertEtc></sptCertEtc>
   <recrPsncnt>
    0
   </recrPsncnt>
   <empRecrMemoCont></empRecrMemoCont>
   <workRegionNm>
    서울
   </workRegionNm>
  </empRecrListInfo>
 </empRecrList>
 <empJobsList>
  <empJobsListInfo>
   <jobsCd>
    026103
   </jobsCd>
   <jobsCdKorNm>
    영업 기획·관리·지원 사무원
   </jobsCdKorNm>
  </empJobsListInfo>
 </empJobsList>
 <empnRecrSummaryCont></empnRecrSummaryCont>
 <recrCommCont>
  ■ 고용형태 - 계약직 : 입사일로부터 1년 (상기 명시된 기간으로 계약직 운영되며, 계약기간 만료 시 근무 종료됩니다) ※ 해당 전형은 마감된 신입그룹공채(학사 이상 지원가능) 전형과는 별도로 운영되는 전형임을 참고드립니다 ※ 사업에 대한 소개 및 직무 관련 안내는 CJ프레시웨이 공식홈페이지(http://www.cjfreshway.com)에서 자세한 설명과 동영상을 통해 확인 가능합니다
 </recrCommCont>
 <empSubmitDocCont></empSubmitDocCont>
 <empRcptMthdCont>
  - http://recruit.cj.net 으로 접수
 </empRcptMthdCont>
 <empAcptPsnAnncCont></empAcptPsnAnncCont>
 <inqryCont>
  - 이메일주소 sangyoon.kim@cj.net - 전화 02-2149-6935 - 홈페이지 http://www.cjfreshway.com
 </inqryCont>
 <empnEtcCont>
  ■ 입사시 혜택 : 4대보험 및 CJ그룹 복리후생 제공 - CJ멤버스카드(CJ브랜드 40% 상시할인) - 카페테리아 포인트(연간 100만원 해당) - CJ ENM 배급 영화관람권, tving 이용권 제공 - 경조사지원(경조물품, 경조휴가, 경조금) - 건강검진 및 의료비 지원
 </empnEtcCont>
</dhsOpenEmpInfoDetailRoot>