<?xml version="1.0" encoding="UTF-8"?>
<dhsOpenEmpInfoDetailRoot>
 <empSeqno>
  36732
 </empSeqno>
 <empWantedTitle>
  [인텔리전스랩스] 분석실 - 데이터분석가 모집
 </empWantedTitle>
 <empBusiNm>
  넥슨코리아
 </empBusiNm>
 <coClcdNm>
  중견기업
 </coClcdNm>
 <empWantedStdt>
  20190226
 </empWantedStdt>
 <empWantedEndt>
  20190426
 </empWantedEndt>
 <empWantedHomepg>
  http://www.nexon.co.kr
 </empWantedHomepg>
 <empWantedHomepgDetail>
  https://career.nexon.com/user/recruit/notice/noticeView?joinCorp=NX&amp;reNo=20190034
 </empWantedHomepgDetail>
 <empWantedMobileUrl></empWantedMobileUrl>
 <regLogImgNm>
  http://www.work.go.kr/framework/filedownload/getImage.do?filePathName=ZGI9%2BubbEcHpFsdRT26HvCtLkPmEbdw265dhQOvJqzN8CkDzwJCcaV3ydXwPdcwh
 </regLogImgNm>
 <empWantedTypeNm>
  정규직
 </empWantedTypeNm>
 <empWatedJobsNm></empWatedJobsNm>
 <empWatedCont></empWatedCont>
 <empSelfintroList>
  <empSelsListInfo>
   <selfintroQstCont></selfintroQstCont>
  </empSelsListInfo>
 </empSelfintroList>
 <empSelsList>
  <empSelsListInfo>
   <selsNm>
    서류심사
   </selsNm>
   <selsSchdCont></selsSchdCont>
   <selsCont>
    서류 심사 통과자에 한해 개별적으로 일정을 알려 드립니다. / 서류 접수 이후 4주 이내로 결과를 알려 드립니다.
   </selsCont>
   <selsMemoCont></selsMemoCont>
  </empSelsListInfo>
  <empSelsListInfo>
   <selsNm>
    과제심사
   </selsNm>
   <selsSchdCont></selsSchdCont>
   <selsCont></selsCont>
   <selsMemoCont></selsMemoCont>
  </empSelsListInfo>
  <empSelsListInfo>
   <selsNm>
    면접
   </selsNm>
   <selsSchdCont></selsSchdCont>
   <selsCont></selsCont>
   <selsMemoCont></selsMemoCont>
  </empSelsListInfo>
  <empSelsListInfo>
   <selsNm>
    최종합격
   </selsNm>
   <selsSchdCont></selsSchdCont>
   <selsCont></selsCont>
   <selsMemoCont></selsMemoCont>
  </empSelsListInfo>
 </empSelsList>
 <empRecrList>
  <empRecrListInfo>
   <empRecrNm>
    [인텔리전스랩스] 분석실 - 데이터분석가
   </empRecrNm>
   <jobCont>
    - 게임 데이터를 기반으로 한 다양한 주제의 분석 업무 수행 : 넥슨에서 서비스하는 PC, Mobile 게임의 데이터를 이용한 분석 설계, 데이터 추출/가공, 결과 도출 : 게임 사업, 개발 조직, 데이터 인프라 조직 등 유관부서와의 커뮤니케이션 및 컨설팅 : 분석에서 발견한 인사이트 시각화 / 리포팅 - 유의미한 분석 결과를 자동화하여 인텔리전스랩스의 분석시스템에 적용
   </jobCont>
   <empWantedCareerNm>
    경력|신입
   </empWantedCareerNm>
   <empWantedEduNm></empWantedEduNm>
   <sptCertEtc>
    - 경력의 경우, (게임 업계 혹은 다른 업계의) 데이터 분석 실무 경험 - 수학, 통계학, 데이터마이닝, 머신러닝 등 분석 관련 학위 보유자 - 게임 및 게임 시장, 트렌드 에 대한 지식 보유자
   </sptCertEtc>
   <recrPsncnt></recrPsncnt>
   <empRecrMemoCont></empRecrMemoCont>
   <workRegionNm></workRegionNm>
  </empRecrListInfo>
 </empRecrList>
 <empJobsList>
  <empJobsListInfo>
   <jobsCd>
    134102
   </jobsCd>
   <jobsCdKorNm>
    데이터 분석가(빅데이터 분석가)
   </jobsCdKorNm>
  </empJobsListInfo>
 </empJobsList>
 <empnRecrSummaryCont></empnRecrSummaryCont>
 <recrCommCont>
  [조직 소개] - 인텔리전스랩스는 ‘빅데이터’, ‘머신러닝·딥러닝’, ‘인공지능(AI)’ 등의 기술을 통해 게임 개발 노하우를 축적하고 게임 플레이 환경을 개선하는 것을 목표로 하는 조직으로서 17년 5월 신설되어 전사적인 지원을 받고 있습니다. - 인텔리전스랩스 내 분석실에서는 넥슨의 다양한 게임 데이터로 정량 분석과 정성 분석을 수행하며, 유의미한 분석 결과를 내부 분석 시스템에 적용하는 역할을 하고 있습니다. ※ 인텔리전스랩스(분석본부) 소개 관련 기사: http://www.bloter.net/archives/290389 http://www.thisisgame.com/webzine/news/nboard/11/?n=78121 [포지션 소개] - 1994년 설립된 넥슨은 다양한 게임을 라이브한 경험과 방대한 데이터를 가지고 있습니다. 게임이라는 가상 세계에서 발생하는 방대하고 상세한 데이터를 기반으로 다양한 분석을 시도하고 인사이트를 발굴해 더 재미있는 게임을 만들기 위한 도전을 시도할 분석가를 찾습니다. 넥슨 게임의 방대한 데이터와 데이터 인프라는 분석가가 다양한 분석기법을 시도해볼 수 있는 최적의 환경이며 기술적인 도전이나 분석 경험을 쌓아가는데 있어 큰 도움이 될 것입니다. [기타] - 직군/직렬/직무 : 분석가(Analyst) / 분석가(Analyst)/ 데이터 분석가 - 근무형태 : 일반직_수습
 </recrCommCont>
 <empSubmitDocCont></empSubmitDocCont>
 <empRcptMthdCont>
  - 채용 홈페이지를 통해 접수 ※ 모집기간 : ~ 채용시
 </empRcptMthdCont>
 <empAcptPsnAnncCont></empAcptPsnAnncCont>
 <inqryCont>
  - 채용 홈페이지 채용문의 참조
 </inqryCont>
 <empnEtcCont>
  - 국가보훈대상자는 관련법규에 의거, 우대합니다. - 회사 소개는 http://company.nexon.com를 참조 부탁 드립니다.
 </empnEtcCont>
</dhsOpenEmpInfoDetailRoot>