<?xml version="1.0" encoding="UTF-8"?>
<dhsOpenEmpInfoDetailRoot>
 <empSeqno>
  36793
 </empSeqno>
 <empWantedTitle>
  항공발권 경력사원 수시채용
 </empWantedTitle>
 <empBusiNm>
  현대드림투어
 </empBusiNm>
 <coClcdNm>
  대기업
 </coClcdNm>
 <empWantedStdt>
  20190225
 </empWantedStdt>
 <empWantedEndt>
  20190425
 </empWantedEndt>
 <empWantedHomepg>
  http://www.hyundaidreamtour.com
 </empWantedHomepg>
 <empWantedHomepgDetail>
  https://recruit.ehyundai.com/recruit-info/announcement/view.nhd?pageNo=1&amp;hireGb=01&amp;hireId=2019090&amp;coCd=&amp;applYn=&amp;searchStr=
 </empWantedHomepgDetail>
 <empWantedMobileUrl></empWantedMobileUrl>
 <regLogImgNm>
  http://www.work.go.kr/framework/filedownload/getImage.do?filePathName=KuBCC2IodBkj%2Frlv8XuRineadOEM%2FB%2FqU%2FwrhAdfjg4c6ujCNDRnfZKh8h6MAO3L7suWeZYPwv8GKFqD7PXO%2Fg%3D%3D
 </regLogImgNm>
 <empWantedTypeNm>
  정규직
 </empWantedTypeNm>
 <empWatedJobsNm></empWatedJobsNm>
 <empWatedCont></empWatedCont>
 <empSelfintroList>
  <empSelsListInfo>
   <selfintroQstCont></selfintroQstCont>
  </empSelsListInfo>
 </empSelfintroList>
 <empSelsList>
  <empSelsListInfo>
   <selsNm>
    서류전형
   </selsNm>
   <selsSchdCont></selsSchdCont>
   <selsCont></selsCont>
   <selsMemoCont></selsMemoCont>
  </empSelsListInfo>
  <empSelsListInfo>
   <selsNm>
    실무진면접
   </selsNm>
   <selsSchdCont></selsSchdCont>
   <selsCont></selsCont>
   <selsMemoCont></selsMemoCont>
  </empSelsListInfo>
  <empSelsListInfo>
   <selsNm>
    임원면접
   </selsNm>
   <selsSchdCont></selsSchdCont>
   <selsCont></selsCont>
   <selsMemoCont></selsMemoCont>
  </empSelsListInfo>
  <empSelsListInfo>
   <selsNm>
    신체검사
   </selsNm>
   <selsSchdCont></selsSchdCont>
   <selsCont></selsCont>
   <selsMemoCont></selsMemoCont>
  </empSelsListInfo>
  <empSelsListInfo>
   <selsNm>
    교육 및 입사
   </selsNm>
   <selsSchdCont></selsSchdCont>
   <selsCont></selsCont>
   <selsMemoCont></selsMemoCont>
  </empSelsListInfo>
 </empSelsList>
 <empRecrList>
  <empRecrListInfo>
   <empRecrNm>
    항공발권
   </empRecrNm>
   <jobCont>
    - 고객사 출장관리/상용발권
   </jobCont>
   <empWantedCareerNm>
    경력
   </empWantedCareerNm>
   <empWantedEduNm>
    대졸(2~3)|박사
   </empWantedEduNm>
   <sptCertEtc>
    - 해외여행 결격사유 없는 자 - 직무관련 자격증 소지자 우대 - 직무관련 학과 졸업자 우대 - 국가보훈 대상자 및 장애인 우대 - 영어 의사소통 원활한 자 (토익 700 이상)
   </sptCertEtc>
   <recrPsncnt>
    0
   </recrPsncnt>
   <empRecrMemoCont></empRecrMemoCont>
   <workRegionNm>
    서울
   </workRegionNm>
  </empRecrListInfo>
 </empRecrList>
 <empJobsList>
  <empJobsListInfo>
   <jobsCd>
    029205
   </jobsCd>
   <jobsCdKorNm>
    고객 상담원(스포츠·예식·항공·여행·숙박·오락)
   </jobsCdKorNm>
  </empJobsListInfo>
 </empJobsList>
 <empnRecrSummaryCont></empnRecrSummaryCont>
 <recrCommCont>
  - 보훈대상자, 장애인의 경우 관련 법에 의거하여 우대합니다.
 </recrCommCont>
 <empSubmitDocCont>
  ※ 최종합격자限 1. 최종학교 졸업(예정)증명서 2. 최종학교 성적증명서 3. 주민등록등본 4. 외국어성적표 및 자격증 사본(소지자에 한함) 5. 국가보훈대상 증명확인서(취업지원대상자 증명서) : 해당자에 한함 ※ 입사지원서 등 제출한 서류 내용이 사실과 다른 경우 입사가 최소되므로 유의 바랍니다.
 </empSubmitDocCont>
 <empRcptMthdCont>
  ~ 채용시 까지 - 채용 홈페이지 접속 &gt; 온라인 접수
 </empRcptMthdCont>
 <empAcptPsnAnncCont></empAcptPsnAnncCont>
 <inqryCont>
  - 담당자1 : 장재휘 / 02-3014-2413/ humanresource@hmall.com
 </inqryCont>
 <empnEtcCont>
  - 지원서 작성 시 문의사항은 채용 홈페이지의 채용문의(Q&amp;A) 페이지를 이용하여 주시기 바랍니다. - 전형이 진행되는 동안 당사 임직원 및 외부 유력인사에 의한 채용청탁이 있을 경우 해당 지원자는 무조건 탈락되오니 참고 바랍니다.
 </empnEtcCont>
</dhsOpenEmpInfoDetailRoot>