<?xml version="1.0" encoding="UTF-8"?>
<dhsOpenEmpInfoDetailRoot>
 <empSeqno>
  37593
 </empSeqno>
 <empWantedTitle>
  [본사] 이러닝사업본부 마케팅실 서비스기획팀 경력직 채용
 </empWantedTitle>
 <empBusiNm>
  이투스교육
 </empBusiNm>
 <coClcdNm>
  중견기업
 </coClcdNm>
 <empWantedStdt>
  20190315
 </empWantedStdt>
 <empWantedEndt>
  20190402
 </empWantedEndt>
 <empWantedHomepg>
  http://www.etoos.com
 </empWantedHomepg>
 <empWantedHomepgDetail>
  https://recruit.etoos.com/recruit/listRecruitApply.do
 </empWantedHomepgDetail>
 <empWantedMobileUrl></empWantedMobileUrl>
 <regLogImgNm>
  http://www.work.go.kr/framework/filedownload/getImage.do?filePathName=tqyczLUvysXSEcOVhPgDCt8muLsnmCxZT1tNS9fWjxpT6aZYS6vBG58ETUR5BLGVIlZ%2F0Zg66Cl55Y%2BvG8BxzeMD2XV1YNekvjQY4FyHrmw%3D
 </regLogImgNm>
 <empWantedTypeNm>
  정규직
 </empWantedTypeNm>
 <empWatedJobsNm></empWatedJobsNm>
 <empWatedCont></empWatedCont>
 <empSelfintroList>
  <empSelsListInfo>
   <selfintroQstCont></selfintroQstCont>
  </empSelsListInfo>
 </empSelfintroList>
 <empSelsList>
  <empSelsListInfo>
   <selsNm>
    서류접수
   </selsNm>
   <selsSchdCont></selsSchdCont>
   <selsCont></selsCont>
   <selsMemoCont></selsMemoCont>
  </empSelsListInfo>
  <empSelsListInfo>
   <selsNm>
    서류전형
   </selsNm>
   <selsSchdCont></selsSchdCont>
   <selsCont></selsCont>
   <selsMemoCont></selsMemoCont>
  </empSelsListInfo>
  <empSelsListInfo>
   <selsNm>
    면접전형(실무/임원)
   </selsNm>
   <selsSchdCont></selsSchdCont>
   <selsCont>
    면접예정일 - 서류접수 마감 후 2주일 이내에 1차 면접 진행 예정 (면접시간은 10:00 ~ 18:00 이내에 배정되오니 일정반영 바랍니다)
   </selsCont>
   <selsMemoCont></selsMemoCont>
  </empSelsListInfo>
  <empSelsListInfo>
   <selsNm>
    최종합격
   </selsNm>
   <selsSchdCont></selsSchdCont>
   <selsCont></selsCont>
   <selsMemoCont></selsMemoCont>
  </empSelsListInfo>
 </empSelsList>
 <empRecrList>
  <empRecrListInfo>
   <empRecrNm>
    [온라인컨텐츠사업본부] 서비스기획팀
   </empRecrNm>
   <jobCont>
    * 유료 강좌 판매상품 기획 1. 유료 강좌 판매상품 기획 2. 데이터 분석, 전환 마케팅 3. 판촉 프로모션 기획 및 운영
   </jobCont>
   <empWantedCareerNm>
    경력
   </empWantedCareerNm>
   <empWantedEduNm>
    대졸(4)|박사
   </empWantedEduNm>
   <sptCertEtc>
    - 이커머스 경험자 - 엑셀, PPT 활용능력 중급 이상
   </sptCertEtc>
   <recrPsncnt></recrPsncnt>
   <empRecrMemoCont></empRecrMemoCont>
   <workRegionNm></workRegionNm>
  </empRecrListInfo>
 </empRecrList>
 <empJobsList>
  <empJobsListInfo>
   <jobsCd>
    026102
   </jobsCd>
   <jobsCdKorNm>
    마케팅·광고·홍보·상품기획 사무원
   </jobsCdKorNm>
  </empJobsListInfo>
 </empJobsList>
 <empnRecrSummaryCont></empnRecrSummaryCont>
 <recrCommCont>
  - 정규직 입사 후 수습기간 3개월 적용 - 장애인 고용 촉진 및 직업재활법, 국가유공자 등 예우 및 지원에 관한 법률을 준수하며, 장애인과 보훈대상자 채용 우대를 이행하고 있습니다.
 </recrCommCont>
 <empSubmitDocCont></empSubmitDocCont>
 <empRcptMthdCont>
  - 채용페이지 온라인 입사지원
 </empRcptMthdCont>
 <empAcptPsnAnncCont></empAcptPsnAnncCont>
 <inqryCont>
  - 채용홈페이지 참조
 </inqryCont>
 <empnEtcCont>
  - 고용정책기본법을 준수하며, 모집ㆍ채용 시 합리적인 이유 없이 학력을 이유로 차별하지 않습니다.
 </empnEtcCont>
</dhsOpenEmpInfoDetailRoot>