<?xml version="1.0" encoding="UTF-8"?>
<dhsOpenEmpInfoDetailRoot>
 <empSeqno>
  37644
 </empSeqno>
 <empWantedTitle>
  정규직 직원모집 공고 (내과)
 </empWantedTitle>
 <empBusiNm>
  한국원자력의학원
 </empBusiNm>
 <coClcdNm>
  공기업
 </coClcdNm>
 <empWantedStdt>
  20190322
 </empWantedStdt>
 <empWantedEndt>
  20190406
 </empWantedEndt>
 <empWantedHomepg>
  http://www.kirams.re.kr
 </empWantedHomepg>
 <empWantedHomepgDetail>
  https://www.kirams.re.kr/kcch/recruitNoticeList.do
 </empWantedHomepgDetail>
 <empWantedMobileUrl></empWantedMobileUrl>
 <regLogImgNm>
  http://www.work.go.kr/framework/filedownload/getImage.do?filePathName=ZGI9%2BubbEcHpFsdRT26HvCtLkPmEbdw265dhQOvJqzPTjfOFHnkSRxhvU0f%2FkXpD
 </regLogImgNm>
 <empWantedTypeNm>
  정규직
 </empWantedTypeNm>
 <empWatedJobsNm></empWatedJobsNm>
 <empWatedCont></empWatedCont>
 <attachFileList>
  <fileListInfo>
   <regFileUrl>
    http://www.work.go.kr/framework/filedownload/keisDownload.do?filePathName=ydWIN1A%2BKOBWJtl5zkQ5WwDuw9Hpn%2F5n9vcM7n4HKqojZ2UtVtqIzJtqCj1Szv32TmTL%2FjqvEaZyGWltahB5%2FaIk39q%2FGrOn%2FSvFBJcXrPc%2FqnZOt3I6bBQ2XLMmcqSJ&amp;realFileNm=7J6F7IKs7KeA7JuQ7IScKOygleq3nOyngSkuaHdw
   </regFileUrl>
   <realFileNm>
    입사지원서(정규직).hwp
   </realFileNm>
  </fileListInfo>
 </attachFileList>
 <empSelfintroList>
  <empSelsListInfo>
   <selfintroQstCont></selfintroQstCont>
  </empSelsListInfo>
 </empSelfintroList>
 <empSelsList>
  <empSelsListInfo>
   <selsNm>
    서류심사
   </selsNm>
   <selsSchdCont></selsSchdCont>
   <selsCont></selsCont>
   <selsMemoCont></selsMemoCont>
  </empSelsListInfo>
  <empSelsListInfo>
   <selsNm>
    필기시험
   </selsNm>
   <selsSchdCont></selsSchdCont>
   <selsCont></selsCont>
   <selsMemoCont></selsMemoCont>
  </empSelsListInfo>
  <empSelsListInfo>
   <selsNm>
    면접전형
   </selsNm>
   <selsSchdCont></selsSchdCont>
   <selsCont></selsCont>
   <selsMemoCont></selsMemoCont>
  </empSelsListInfo>
  <empSelsListInfo>
   <selsNm>
    신체검사
   </selsNm>
   <selsSchdCont></selsSchdCont>
   <selsCont></selsCont>
   <selsMemoCont></selsMemoCont>
  </empSelsListInfo>
  <empSelsListInfo>
   <selsNm>
    최종합격
   </selsNm>
   <selsSchdCont></selsSchdCont>
   <selsCont></selsCont>
   <selsMemoCont></selsMemoCont>
  </empSelsListInfo>
  <empSelsListInfo>
   <selsNm>
    기타
   </selsNm>
   <selsSchdCont></selsSchdCont>
   <selsCont>
    전형단계별 누적점수 고득점자 순으로 합격자 선발.(※자세한 사항은 채용홈페이지 참조)
   </selsCont>
   <selsMemoCont></selsMemoCont>
  </empSelsListInfo>
 </empSelsList>
 <empRecrList>
  <empRecrListInfo>
   <empRecrNm>
    [내과] 의료기사직(5급)
   </empRecrNm>
   <jobCont>
    ○ 심장내과 검사실 및 폐기능검사실 업무 - 심전도,심장초음파,활동중심전도,활동중혈압 - 동맥경화 및 폐기능 검사
   </jobCont>
   <empWantedCareerNm></empWantedCareerNm>
   <empWantedEduNm></empWantedEduNm>
   <sptCertEtc></sptCertEtc>
   <recrPsncnt>
    1
   </recrPsncnt>
   <empRecrMemoCont></empRecrMemoCont>
   <workRegionNm></workRegionNm>
  </empRecrListInfo>
 </empRecrList>
 <empJobsList>
  <empJobsListInfo>
   <jobsCd>
    301200
   </jobsCd>
   <jobsCdKorNm>
    일반 의사
   </jobsCdKorNm>
  </empJobsListInfo>
 </empJobsList>
 <empnRecrSummaryCont></empnRecrSummaryCont>
 <recrCommCont></recrCommCont>
 <empSubmitDocCont>
  ○ 입사지원서, 자기소개서, 개인정보 수집 및 이용에 관한 동의서 각 1부 - 양식 다운로드 후 작성, 서명 날인하여 1개의 파일(PDF)로 스캔하여 E-mail접수 - 서명 날인이 안되어 있을 경우, 접수불가 ※ 지원서 및 구비서류는 스캔 후 파일제목과 메일제목을 “채용부서_응시자성명”으로 동일하게 만들어서 접수 ○ 공인영어성적 증명서 사본 1부 &lt;해당자에 한함&gt; / 사진 및 생년월일 블라인드처리 ○ 면허증 및 자격증 사본 1부 &lt;해당자에 한함&gt; / 사진 및 생년월일 블라인드처리 ※ 블라인드 미 처리시 접수 불가 ○ 응시원서 작성시 부서 및 직종 정확하게 표기 ※ 블라인드 채용과 관련하여 편견이 개입되어 차별을 야기할 수 있는 인적사항 (사진, 출신지, 나이, 가족관계) 내용이 포함되어 있는 경우 부적격 처리함.) ※최종합격자가 제출하는 서류 〇 제출기간 및 제출서류 : 추후 공지
 </empSubmitDocCont>
 <empRcptMthdCont>
  - e-mail 접수(job@kirams.re.kr)
 </empRcptMthdCont>
 <empAcptPsnAnncCont></empAcptPsnAnncCont>
 <inqryCont>
  ○ 문의처 : 총무인사팀 (02)970-2904
 </inqryCont>
 <empnEtcCont>
  ○ 이 공고에 명시되지 않은 사항은 한국원자력의학원 인사 관련 규정에 의하며, 응시원서 등에 허위기재 또는 기재착오, 구비서류 미제출시 불합격으로 처리 등 불이익은 응시자 본인의 책임으로 합니다. ○ 제출된 서류가 허위나 위조로 판명날 시에는 합격을 취소함 ○ 면허증 미발급자에 대하여, 합격확인서로 지원은 인정되나, 합격후 면허증 발급 결격사유 발생시 합격을 취소함 ○ 선발자의 합격 포기 또는 취소 시 예비합격자(차순위자)를 선발할 수 있음 ○ 신규직원 채용과정에서 해당분야에 적격자가 없을 경우 선발하지 않을 수 있음 ○ 제출된 서류는「채용절차의 공�
 </empnEtcCont>
</dhsOpenEmpInfoDetailRoot>