<?xml version="1.0" encoding="UTF-8"?>
<dhsOpenEmpInfoDetailRoot>
 <empSeqno>
  37595
 </empSeqno>
 <empWantedTitle>
  2019년 경력사원 3월 정기공채
 </empWantedTitle>
 <empBusiNm>
  코오롱
 </empBusiNm>
 <coClcdNm>
  대기업
 </coClcdNm>
 <empWantedStdt>
  20190316
 </empWantedStdt>
 <empWantedEndt>
  20190403
 </empWantedEndt>
 <empWantedHomepg>
  https://www.kolon.com
 </empWantedHomepg>
 <empWantedHomepgDetail>
  https://dream.kolon.com/RECRUIT_KOLON/hr/rec/recruit/jobopen/controller/candidate/JobOpen310WebController/init.hr
 </empWantedHomepgDetail>
 <empWantedMobileUrl></empWantedMobileUrl>
 <regLogImgNm>
  http://www.work.go.kr/framework/filedownload/getImage.do?filePathName=KuBCC2IodBkj%2Frlv8XuRihSNUHb7H3Jb5gf3mKUDsNFQEvCQUCrwa3uOEcLsGchw7suWeZYPwv8GKFqD7PXO%2Fg%3D%3D
 </regLogImgNm>
 <empWantedTypeNm>
  정규직
 </empWantedTypeNm>
 <empWatedJobsNm></empWatedJobsNm>
 <empWatedCont></empWatedCont>
 <empSelfintroList>
  <empSelsListInfo>
   <selfintroQstCont></selfintroQstCont>
  </empSelsListInfo>
 </empSelfintroList>
 <empSelsList>
  <empSelsListInfo>
   <selsNm>
    서류전형
   </selsNm>
   <selsSchdCont></selsSchdCont>
   <selsCont></selsCont>
   <selsMemoCont></selsMemoCont>
  </empSelsListInfo>
  <empSelsListInfo>
   <selsNm>
    1차면접
   </selsNm>
   <selsSchdCont></selsSchdCont>
   <selsCont></selsCont>
   <selsMemoCont></selsMemoCont>
  </empSelsListInfo>
  <empSelsListInfo>
   <selsNm>
    2차면접
   </selsNm>
   <selsSchdCont></selsSchdCont>
   <selsCont></selsCont>
   <selsMemoCont></selsMemoCont>
  </empSelsListInfo>
  <empSelsListInfo>
   <selsNm>
    건강검진
   </selsNm>
   <selsSchdCont></selsSchdCont>
   <selsCont></selsCont>
   <selsMemoCont></selsMemoCont>
  </empSelsListInfo>
  <empSelsListInfo>
   <selsNm>
    최종합격
   </selsNm>
   <selsSchdCont></selsSchdCont>
   <selsCont></selsCont>
   <selsMemoCont></selsMemoCont>
  </empSelsListInfo>
  <empSelsListInfo>
   <selsNm>
    기타
   </selsNm>
   <selsSchdCont></selsSchdCont>
   <selsCont>
    합격자발표일 : 4월중/ 발표방법 : 이메일을 통해 발표
   </selsCont>
   <selsMemoCont></selsMemoCont>
  </empSelsListInfo>
 </empSelsList>
 <empRecrList>
  <empRecrListInfo>
   <empRecrNm>
    부동산 개발 프로젝트 기획/운영
   </empRecrNm>
   <jobCont>
    - 개발 기획 및 사업성 분석 / 프로젝트 메니지먼트 총괄 / PJT Valuation 진행
   </jobCont>
   <empWantedCareerNm>
    경력
   </empWantedCareerNm>
   <empWantedEduNm>
    대졸(4)|박사
   </empWantedEduNm>
   <sptCertEtc>
    - 관시공사, 금융사, 테넌트 네트워크 우수자 - 공간기반 플랫폼비즈니스 유경험자 - 비즈니스 커뮤니케이션 능력 - 프로젝트 관리 커뮤니케이션 능력 - Cross Function 협업/관리 - Multitasking - 부동산학과, 건축학과 우대
   </sptCertEtc>
   <recrPsncnt>
    0
   </recrPsncnt>
   <empRecrMemoCont></empRecrMemoCont>
   <workRegionNm>
    경기 과천시
   </workRegionNm>
  </empRecrListInfo>
 </empRecrList>
 <empJobsList>
  <empJobsListInfo>
   <jobsCd>
    026102
   </jobsCd>
   <jobsCdKorNm>
    마케팅·광고·홍보·상품기획 사무원
   </jobsCdKorNm>
  </empJobsListInfo>
  <empJobsListInfo>
   <jobsCd>
    611000
   </jobsCd>
   <jobsCdKorNm>
    부동산 컨설턴트 및 중개인
   </jobsCdKorNm>
  </empJobsListInfo>
 </empJobsList>
 <empnRecrSummaryCont></empnRecrSummaryCont>
 <recrCommCont>
  ※ 국가보훈대상자는 관계법령에 의거하여 우대합니다. [자격요건] 1. 4년제 정규대학 졸업자 및 석사이상 2. 군필 또는 면제자로 해외여행에 결격사유가 없는자 (*보훈대상자 등 취업보호대상자 관계법령에 의거 우대)
 </recrCommCont>
 <empSubmitDocCont>
  - 취업보호 대상 증명원 ,어학성적표,경력증명서,자격증 사본,최종학교 졸업증명서,학부 졸업증명서, 학부 성적증명서 ※ 각종 증빙서류는 서류전형 합격자에 한해 1차면접시 제출하여 주시기 바랍니다. *어학성적표/자격증사본 및 취업보호 대상 증명원은 해당시 제출
 </empSubmitDocCont>
 <empRcptMthdCont>
  - 그룹채용홈페이지(http://dream.kolon.com)
 </empRcptMthdCont>
 <empAcptPsnAnncCont></empAcptPsnAnncCont>
 <inqryCont>
  - 채용공고 內 [1:1 문의하기] 이용
 </inqryCont>
 <empnEtcCont>
  - 증빙서류 및 입사지원서 기재내용이 허위임이 판명될 때는 합격 및 입사를 취소할 수 있습니다.
 </empnEtcCont>
</dhsOpenEmpInfoDetailRoot>