<?xml version="1.0" encoding="UTF-8"?>
<dhsOpenEmpInfoDetailRoot>
 <empSeqno>
  36026
 </empSeqno>
 <empWantedTitle>
  Data Engineer (신규충원)
 </empWantedTitle>
 <empBusiNm>
  엔에이치엔고도
 </empBusiNm>
 <coClcdNm>
  중견기업
 </coClcdNm>
 <empWantedStdt>
  20190211
 </empWantedStdt>
 <empWantedEndt>
  20190411
 </empWantedEndt>
 <empWantedHomepg>
  http://www.godo.co.kr
 </empWantedHomepg>
 <empWantedHomepgDetail>
  http://recruit.nhnent.com/ent/recruitings/20001127
 </empWantedHomepgDetail>
 <empWantedMobileUrl></empWantedMobileUrl>
 <regLogImgNm>
  http://www.work.go.kr/framework/filedownload/getImage.do?filePathName=KuBCC2IodBkj%2Frlv8XuRikFxnOJ5h2a9WAvXjPSpnN4q3xqTn5jsqMWpnNAb%2BF7L7suWeZYPwv8GKFqD7PXO%2Fg%3D%3D
 </regLogImgNm>
 <empWantedTypeNm>
  정규직
 </empWantedTypeNm>
 <empWatedJobsNm></empWatedJobsNm>
 <empWatedCont></empWatedCont>
 <empSelfintroList>
  <empSelsListInfo>
   <selfintroQstCont></selfintroQstCont>
  </empSelsListInfo>
 </empSelfintroList>
 <empSelsList>
  <empSelsListInfo>
   <selsNm>
    서류전형
   </selsNm>
   <selsSchdCont></selsSchdCont>
   <selsCont></selsCont>
   <selsMemoCont></selsMemoCont>
  </empSelsListInfo>
  <empSelsListInfo>
   <selsNm>
    1차 면접
   </selsNm>
   <selsSchdCont></selsSchdCont>
   <selsCont></selsCont>
   <selsMemoCont></selsMemoCont>
  </empSelsListInfo>
  <empSelsListInfo>
   <selsNm>
    2차 면접
   </selsNm>
   <selsSchdCont></selsSchdCont>
   <selsCont></selsCont>
   <selsMemoCont></selsMemoCont>
  </empSelsListInfo>
  <empSelsListInfo>
   <selsNm>
    최종합격
   </selsNm>
   <selsSchdCont></selsSchdCont>
   <selsCont></selsCont>
   <selsMemoCont></selsMemoCont>
  </empSelsListInfo>
  <empSelsListInfo>
   <selsNm>
    기타
   </selsNm>
   <selsSchdCont></selsSchdCont>
   <selsCont>
    전형일정은 서류 합격자에 한하여 개별 연락드립니다.
   </selsCont>
   <selsMemoCont></selsMemoCont>
  </empSelsListInfo>
 </empSelsList>
 <empRecrList>
  <empRecrListInfo>
   <empRecrNm>
    Data Engineer
   </empRecrNm>
   <jobCont>
    - Big Data Architecture 설계 및 구축 - 정형/비정형 Data 분석 및 Insight 개발 - 다양하고 복잡한 Data Architecture의 문제 해결
   </jobCont>
   <empWantedCareerNm>
    경력
   </empWantedCareerNm>
   <empWantedEduNm></empWantedEduNm>
   <sptCertEtc>
    - Spark, ELK, R, MapReduce 사용 경험이 있는 분 - DB Monitoring 구축 및 운영 경험이 있는 분 - 반복된 작업이나 수작업을 자동화로 시도하시는 분 - 컴퓨터 공학 및 전산 관련학 전공자 우대
   </sptCertEtc>
   <recrPsncnt></recrPsncnt>
   <empRecrMemoCont></empRecrMemoCont>
   <workRegionNm>
    서울 구로구
   </workRegionNm>
  </empRecrListInfo>
 </empRecrList>
 <empJobsList>
  <empJobsListInfo>
   <jobsCd>
    134102
   </jobsCd>
   <jobsCdKorNm>
    데이터 분석가(빅데이터 분석가)
   </jobsCdKorNm>
  </empJobsListInfo>
 </empJobsList>
 <empnRecrSummaryCont></empnRecrSummaryCont>
 <recrCommCont>
  - 지원자격 : 병역필 혹은 면제로 해외여행에 결격 사유가 없는 분 - 국가보훈해당자 및 장애인은 관련 법률에 의거 우대합니다.(증빙서류 제출자에 한함) - 근무지는 NHN고도(서울 구로구 디지털로26길 72 NHN한국사이버결제 2-3층)입니다.
 </recrCommCont>
 <empSubmitDocCont></empSubmitDocCont>
 <empRcptMthdCont>
  - 채용홈페이지 온라인 입사지원 ※ 접수기간: ~ 채용시 마감
 </empRcptMthdCont>
 <empAcptPsnAnncCont></empAcptPsnAnncCont>
 <inqryCont>
  - 채용홈페이지 채용문의 참조
 </inqryCont>
 <empnEtcCont>
  - 본 채용은 상시 채용으로 면접이 수시로 진행되며, 先지원자에게 기회가 먼저 부여되므로 빠른 지원 바랍니다. - 제출서류에 허위기재 또는 기재착오, 구비서류 미제출 등으로 인한 불이익은 응시자 본인의 책임으로 합니다. - 당사소개 및 기타 자세한 사항은 홈페이지(http://www.godo.co.kr/company/main.gd)를 참조하시기 바랍니다.
 </empnEtcCont>
</dhsOpenEmpInfoDetailRoot>