<?xml version="1.0" encoding="UTF-8"?>
<dhsOpenEmpInfoDetailRoot>
 <empSeqno>
  37648
 </empSeqno>
 <empWantedTitle>
  2019년 청년인턴(체험형) 상반기 채용
 </empWantedTitle>
 <empBusiNm>
  국제방송교류재단
 </empBusiNm>
 <coClcdNm>
  공기업
 </coClcdNm>
 <empWantedStdt>
  20190320
 </empWantedStdt>
 <empWantedEndt>
  20190403
 </empWantedEndt>
 <empWantedHomepg>
  http://www.arirang.com
 </empWantedHomepg>
 <empWantedHomepgDetail>
  https://arirang.recruiter.co.kr/app/jobnotice/view?systemKindCode=MRS2&amp;jobnoticeSn=7981
 </empWantedHomepgDetail>
 <empWantedMobileUrl></empWantedMobileUrl>
 <regLogImgNm>
  http://www.work.go.kr/framework/filedownload/getImage.do?filePathName=KuBCC2IodBkj%2Frlv8XuRio7tN8%2FfS0w1%2BizSZ9MRlvLetG%2BWxiclnlUUbiUxQaq37suWeZYPwv8GKFqD7PXO%2Fg%3D%3D
 </regLogImgNm>
 <empWantedTypeNm>
  기간제|기타
 </empWantedTypeNm>
 <empWatedJobsNm></empWatedJobsNm>
 <empWatedCont></empWatedCont>
 <attachFileList>
  <fileListInfo>
   <regFileUrl>
    http://www.work.go.kr/framework/filedownload/keisDownload.do?filePathName=ydWIN1A%2BKOBWJtl5zkQ5WwDuw9Hpn%2F5n9vcM7n4HKqrjj6mU0Vh7dhNklY9d2zuNyf7CM3HvY1QWEDDunNifkWcjsD%2FfX7A%2BGFr97jl0NZS6FvNdRITlyEe7%2BTpu9lUT&amp;realFileNm=RGVza3RvcC56aXA=
   </regFileUrl>
   <realFileNm>
    Desktop.zip
   </realFileNm>
  </fileListInfo>
 </attachFileList>
 <empSelfintroList>
  <empSelsListInfo>
   <selfintroQstCont></selfintroQstCont>
  </empSelsListInfo>
 </empSelfintroList>
 <empSelsList>
  <empSelsListInfo>
   <selsNm>
    서류심사
   </selsNm>
   <selsSchdCont>
    19.04.05(금)
   </selsSchdCont>
   <selsCont>
    합격자 발표: 2019.04.08(월) 18:00
   </selsCont>
   <selsMemoCont></selsMemoCont>
  </empSelsListInfo>
  <empSelsListInfo>
   <selsNm>
    직무기반 인성검사
   </selsNm>
   <selsSchdCont>
    19.04.09(화)
   </selsSchdCont>
   <selsCont></selsCont>
   <selsMemoCont></selsMemoCont>
  </empSelsListInfo>
  <empSelsListInfo>
   <selsNm>
    종합면접
   </selsNm>
   <selsSchdCont>
    19.04.11(목)
   </selsSchdCont>
   <selsCont>
    5개 부문 공통
   </selsCont>
   <selsMemoCont></selsMemoCont>
  </empSelsListInfo>
  <empSelsListInfo>
   <selsNm>
    최종합격자 발표
   </selsNm>
   <selsSchdCont>
    19.04.12(금)
   </selsSchdCont>
   <selsCont></selsCont>
   <selsMemoCont></selsMemoCont>
  </empSelsListInfo>
  <empSelsListInfo>
   <selsNm>
    근무시작일
   </selsNm>
   <selsSchdCont>
    19.4.15(월)
   </selsSchdCont>
   <selsCont></selsCont>
   <selsMemoCont></selsMemoCont>
  </empSelsListInfo>
  <empSelsListInfo>
   <selsNm>
    기타
   </selsNm>
   <selsSchdCont></selsSchdCont>
   <selsCont>
    ※ 상기 일정은 회사 사정에 의해 변경될 수 있습니다.
   </selsCont>
   <selsMemoCont></selsMemoCont>
  </empSelsListInfo>
 </empSelsList>
 <empRecrList>
  <empRecrListInfo>
   <empRecrNm>
    뉴스.시사프로그램 제작 및 보도행정
   </empRecrNm>
   <jobCont>
    - 시사보도센터
   </jobCont>
   <empWantedCareerNm>
    인턴
   </empWantedCareerNm>
   <empWantedEduNm></empWantedEduNm>
   <sptCertEtc></sptCertEtc>
   <recrPsncnt>
    1
   </recrPsncnt>
   <empRecrMemoCont></empRecrMemoCont>
   <workRegionNm></workRegionNm>
  </empRecrListInfo>
  <empRecrListInfo>
   <empRecrNm>
    기술연구소 뉴미디어 지원
   </empRecrNm>
   <jobCont>
    - 기술센터
   </jobCont>
   <empWantedCareerNm>
    인턴
   </empWantedCareerNm>
   <empWantedEduNm></empWantedEduNm>
   <sptCertEtc></sptCertEtc>
   <recrPsncnt>
    1
   </recrPsncnt>
   <empRecrMemoCont></empRecrMemoCont>
   <workRegionNm></workRegionNm>
  </empRecrListInfo>
  <empRecrListInfo>
   <empRecrNm>
    자산관리 및 재물조사 업무 지원
   </empRecrNm>
   <jobCont>
    - 경영지원센터
   </jobCont>
   <empWantedCareerNm>
    인턴
   </empWantedCareerNm>
   <empWantedEduNm></empWantedEduNm>
   <sptCertEtc></sptCertEtc>
   <recrPsncnt>
    1
   </recrPsncnt>
   <empRecrMemoCont></empRecrMemoCont>
   <workRegionNm></workRegionNm>
  </empRecrListInfo>
  <empRecrListInfo>
   <empRecrNm>
    OAP제작 지원
   </empRecrNm>
   <jobCont>
    - 편성센터
   </jobCont>
   <empWantedCareerNm>
    인턴
   </empWantedCareerNm>
   <empWantedEduNm></empWantedEduNm>
   <sptCertEtc></sptCertEtc>
   <recrPsncnt>
    1
   </recrPsncnt>
   <empRecrMemoCont></empRecrMemoCont>
   <workRegionNm></workRegionNm>
  </empRecrListInfo>
  <empRecrListInfo>
   <empRecrNm>
    광고마케팅 행정업무 지원
   </empRecrNm>
   <jobCont>
    - 미디어사업센터
   </jobCont>
   <empWantedCareerNm>
    인턴
   </empWantedCareerNm>
   <empWantedEduNm></empWantedEduNm>
   <sptCertEtc></sptCertEtc>
   <recrPsncnt>
    1
   </recrPsncnt>
   <empRecrMemoCont></empRecrMemoCont>
   <workRegionNm></workRegionNm>
  </empRecrListInfo>
 </empRecrList>
 <empJobsList>
  <empJobsListInfo>
   <jobsCd>
    026102
   </jobsCd>
   <jobsCdKorNm>
    마케팅·광고·홍보·상품기획 사무원
   </jobsCdKorNm>
  </empJobsListInfo>
  <empJobsListInfo>
   <jobsCd>
    136000
   </jobsCd>
   <jobsCdKorNm>
    통신·방송송출 장비 기사
   </jobsCdKorNm>
  </empJobsListInfo>
  <empJobsListInfo>
   <jobsCd>
    415500
   </jobsCd>
   <jobsCdKorNm>
    미디어 콘텐츠 디자이너
   </jobsCdKorNm>
  </empJobsListInfo>
 </empJobsList>
 <empnRecrSummaryCont></empnRecrSummaryCont>
 <recrCommCont>
  [근무조건] -직종: 체험형 청년인턴(근로기간 만료 후 고용관계 소멸) - 근무기간: 2019년 4월 15일~2019년 9월 14일(5개월) - 보수: 월 180만원 - 복리후생: 4대 보험 가입 및 연차유급휴가 부여 [공통자격요건] - 응시연령: 만 34세 이하 청년 - 학력 제한 없음(재학생 및 휴학생 지원 가능, 단 주 5일(주 40H) 근무 가능자) - 관련 분야 자격증 우대 - 해외여행에 결격사유가 없는 자 ※가점우대사항&amp;#x
 </recrCommCont>
</dhsOpenEmpInfoDetailRoot>