<?xml version="1.0" encoding="UTF-8"?>
<dhsOpenEmpInfoDetailRoot>
 <empSeqno>
  36568
 </empSeqno>
 <empWantedTitle>
  [수시채용] 영상팀 애니메이터 인재 모집
 </empWantedTitle>
 <empBusiNm>
  넥슨지티
 </empBusiNm>
 <coClcdNm>
  중견기업
 </coClcdNm>
 <empWantedStdt>
  20190221
 </empWantedStdt>
 <empWantedEndt>
  20190421
 </empWantedEndt>
 <empWantedHomepg>
  http://www.nexon-gt.com
 </empWantedHomepg>
 <empWantedHomepgDetail>
  https://career.nexon.com/user/recruit/notice/noticeView?joinCorp=GH&amp;reNo=20190004
 </empWantedHomepgDetail>
 <empWantedMobileUrl></empWantedMobileUrl>
 <regLogImgNm>
  http://www.work.go.kr/framework/filedownload/getImage.do?filePathName=KuBCC2IodBkj%2Frlv8XuRimGpnj8tATA6zFYqerBwnlu9S0Uffwc9URYGo7HG8mBG7suWeZYPwv8GKFqD7PXO%2Fg%3D%3D
 </regLogImgNm>
 <empWantedTypeNm>
  정규직
 </empWantedTypeNm>
 <empWatedJobsNm></empWatedJobsNm>
 <empWatedCont></empWatedCont>
 <empSelfintroList>
  <empSelsListInfo>
   <selfintroQstCont></selfintroQstCont>
  </empSelsListInfo>
 </empSelfintroList>
 <empSelsList>
  <empSelsListInfo>
   <selsNm>
    서류심사
   </selsNm>
   <selsSchdCont></selsSchdCont>
   <selsCont></selsCont>
   <selsMemoCont></selsMemoCont>
  </empSelsListInfo>
  <empSelsListInfo>
   <selsNm>
    과제심사
   </selsNm>
   <selsSchdCont></selsSchdCont>
   <selsCont></selsCont>
   <selsMemoCont></selsMemoCont>
  </empSelsListInfo>
  <empSelsListInfo>
   <selsNm>
    면접
   </selsNm>
   <selsSchdCont></selsSchdCont>
   <selsCont></selsCont>
   <selsMemoCont></selsMemoCont>
  </empSelsListInfo>
  <empSelsListInfo>
   <selsNm>
    최종합격
   </selsNm>
   <selsSchdCont></selsSchdCont>
   <selsCont></selsCont>
   <selsMemoCont></selsMemoCont>
  </empSelsListInfo>
  <empSelsListInfo>
   <selsNm>
    기타
   </selsNm>
   <selsSchdCont></selsSchdCont>
   <selsCont>
    - 향후 일정은 전형별 합격자에 한하여 별도 안내 드립니다. - 서류접수 후 4주 이내로 결과를 알려 드립니다. - 전형세부사항은 채용홈페이지 참조
   </selsCont>
   <selsMemoCont></selsMemoCont>
  </empSelsListInfo>
 </empSelsList>
 <empRecrList>
  <empRecrListInfo>
   <empRecrNm>
    영상팀 애니메이터
   </empRecrNm>
   <jobCont>
    [스튜디오 소개] 당사는 국민 FPS게임 서든어택을 개발하고 서비스하고 있는 FPS 전문 개발 스튜디오로, FPS 장르를 넘어 슈팅/액션 베이스 PvP/PvE 개발 명가가 되기 위해 노력하고 있습니다. 당사가 새롭게 준비하고 있는 프로젝트와 함께하실 인재를 찾습니다. [프로젝트 소개] * Project DOT - 장르: TPS / PvPE - 프로젝트 소개: 다양한 캐릭터들이 협력/경쟁 하는 세계관을 바탕으로, 밀도 높은 환경에서 보다 발전된 형태의 PvP와 PvE 콘텐츠를 제공하는 것을 목표로 합니다. * Project DevGru - 장르: TPS / PvP - 프로젝트 소개: 내전 환경 속에서 살아 가는 다양한 캐릭터들이 등장하는 세계관 하에, 오픈월드를 기반으로 한 다양한 액션과 성장의 경험을 제공하고자 하는 게임입니다. [주요업무] - 홍보영상 ,인게임 시네마틱 영상에 필요한 모든 종류의 모션 제작 - 3DS MAX 애니메이션 - 모션 캡쳐 키 에디팅
   </jobCont>
   <empWantedCareerNm>
    경력
   </empWantedCareerNm>
   <empWantedEduNm></empWantedEduNm>
   <sptCertEtc>
    - 언리얼 개발 경험이 있으신 분 - 인게임 시네마틱 제작 경험이 있으신 분 - 관련 개발 도구에 대한 이해도가 높고, 학습 의지가 높으신 분 - 영상제작 경력자 우대
   </sptCertEtc>
   <recrPsncnt></recrPsncnt>
   <empRecrMemoCont></empRecrMemoCont>
   <workRegionNm></workRegionNm>
  </empRecrListInfo>
 </empRecrList>
 <empJobsList>
  <empJobsListInfo>
   <jobsCd>
    415502
   </jobsCd>
   <jobsCdKorNm>
    게임 디자이너
   </jobsCdKorNm>
  </empJobsListInfo>
 </empJobsList>
 <empnRecrSummaryCont></empnRecrSummaryCont>
 <recrCommCont>
  - 직군/직렬/직무 : 게임아트 / 3D 게임아트 / 애니메이터 - 근무형태 : 일반직_수습 * 국가보훈대상자는 관련법규에 의거, 우대합니다.
 </recrCommCont>
 <empSubmitDocCont></empSubmitDocCont>
 <empRcptMthdCont>
  - ~ 채용시까지 - 채용홈페이지 온라인 입사지원
 </empRcptMthdCont>
 <empAcptPsnAnncCont></empAcptPsnAnncCont>
 <inqryCont>
  기타 채용에 관한 문의사항은 채용홈페이지 상단 "채용문의" 메뉴를 이용 바랍니다.
 </inqryCont>
 <empnEtcCont>
  - 회사 소개는 http://nexon-gt.com/을 참조 부탁 드립니다.
 </empnEtcCont>
</dhsOpenEmpInfoDetailRoot>