<?xml version="1.0" encoding="UTF-8"?>
<dhsOpenEmpInfoDetailRoot>
 <empSeqno>
  37698
 </empSeqno>
 <empWantedTitle>
  2019 대졸 신입사원 공채
 </empWantedTitle>
 <empBusiNm>
  하이프라자
 </empBusiNm>
 <coClcdNm>
  대기업
 </coClcdNm>
 <empWantedStdt>
  20190326
 </empWantedStdt>
 <empWantedEndt>
  20190414
 </empWantedEndt>
 <empWantedHomepg>
  https://www.lge.co.kr/lgekor/bestshop/main.do
 </empWantedHomepg>
 <empWantedHomepgDetail>
  http://apply.lg.com/app/job/RetrieveJobNoticesDetail.rpi
 </empWantedHomepgDetail>
 <empWantedMobileUrl></empWantedMobileUrl>
 <regLogImgNm>
  http://www.work.go.kr/framework/filedownload/getImage.do?filePathName=ZGI9%2BubbEcHpFsdRT26HvPo3J2O%2FpEd1LP3KEs68bxwrwOZPOJphI8jU6zNqO9Yu
 </regLogImgNm>
 <empWantedTypeNm>
  정규직
 </empWantedTypeNm>
 <empWatedJobsNm></empWatedJobsNm>
 <empWatedCont></empWatedCont>
 <empSelfintroList>
  <empSelsListInfo>
   <selfintroQstCont></selfintroQstCont>
  </empSelsListInfo>
 </empSelfintroList>
 <empSelsList>
  <empSelsListInfo>
   <selsNm>
    서류전형
   </selsNm>
   <selsSchdCont></selsSchdCont>
   <selsCont></selsCont>
   <selsMemoCont></selsMemoCont>
  </empSelsListInfo>
  <empSelsListInfo>
   <selsNm>
    인적성검사
   </selsNm>
   <selsSchdCont></selsSchdCont>
   <selsCont>
    인적성검사(4시간30분 소요)가 인성검사(1시간 소요)로 변경되었으니 참고바랍니다.
   </selsCont>
   <selsMemoCont></selsMemoCont>
  </empSelsListInfo>
  <empSelsListInfo>
   <selsNm>
    1차/2차/3차면접
   </selsNm>
   <selsSchdCont></selsSchdCont>
   <selsCont></selsCont>
   <selsMemoCont></selsMemoCont>
  </empSelsListInfo>
  <empSelsListInfo>
   <selsNm>
    최종전형
   </selsNm>
   <selsSchdCont></selsSchdCont>
   <selsCont></selsCont>
   <selsMemoCont></selsMemoCont>
  </empSelsListInfo>
  <empSelsListInfo>
   <selsNm>
    기타
   </selsNm>
   <selsSchdCont></selsSchdCont>
   <selsCont>
    전형 단계별 결과는 LG커리어스를 통해 확인할 수 있습니다.
   </selsCont>
   <selsMemoCont></selsMemoCont>
  </empSelsListInfo>
 </empSelsList>
 <empRecrList>
  <empRecrListInfo>
   <empRecrNm>
    가전/모바일매니저
   </empRecrNm>
   <jobCont>
    - 전자제품 상담 및 영업 - 고객응대 및 관리 - 진열관리 및 재고관리
   </jobCont>
   <empWantedCareerNm>
    신입
   </empWantedCareerNm>
   <empWantedEduNm>
    박사
   </empWantedEduNm>
   <sptCertEtc></sptCertEtc>
   <recrPsncnt>
    00
   </recrPsncnt>
   <empRecrMemoCont></empRecrMemoCont>
   <workRegionNm>
    지역무관
   </workRegionNm>
  </empRecrListInfo>
 </empRecrList>
 <empJobsList>
  <empJobsListInfo>
   <jobsCd>
    015102
   </jobsCd>
   <jobsCdKorNm>
    판매 관리자(소규모 판매점장 제외)
   </jobsCdKorNm>
  </empJobsListInfo>
 </empJobsList>
 <empnRecrSummaryCont></empnRecrSummaryCont>
 <recrCommCont>
  ▪ 취업보호대상자(보훈대상자/장애인), 기초 생활 수급자 및 차상위 계층은 관련 법규에 의거하여 우대합니다. - 면접 또는 최종 합격시 해당 증명서 제출 ▪ 해외 여행에 결격 사유가 없는 경우에 한 합니다. [조직] - BEST SHOP
 </recrCommCont>
 <empSubmitDocCont>
  - 졸업증명서, 성적증명서, 공인어학성적표, 자격증 등은 면접 합격자에 한하여 제출 (추후 안내)
 </empSubmitDocCont>
 <empRcptMthdCont>
  - 반드시 LG그룹 채용사이트(careers.lg.com)을 통한 온라인 지원만 가능 ※ 우편접수, e-mail 접수 및 방문접수 불가
 </empRcptMthdCont>
 <empAcptPsnAnncCont></empAcptPsnAnncCont>
 <inqryCont>
  문의처 : LG Careers 채용문의 內 1:1 질문하기 - 시스템에러, 비밀번호 분실, 지원서 수정 및 작성오류 발생 시 LG Careers 사이트내 “채용문의” → “1:1질문하기”를 이용하시기 바랍니다. - 전형 단계별 합격자는 채용사이트를 통해 확인할 수 있습니다. ※ 등록된 이메일/비밀번호가 생각나지 않으면 “이메일주소/비밀번호 찾기”를 클릭해서 확인 부탁드립니다 ※ 이메일, 보조이메일, 비밀번호을 잊어버리신 경우에는 “이메일주소/비밀번호 찾기”하단에 “로그인 문의”를 클릭하시어 문의 부탁 드립니다.
 </inqryCont>
 <empnEtcCont>
  ▪ 최종 학력은 반드시 졸업예정시기를 감안하여 작성해 주시기 바랍니다. ▪ 입사지원서는 모든 사항을 정확하게 입력해야 하며, 추후 입력사항이 허위로 판명될 경우에는 입사(합격)가 취소됩니다. ▪ 졸업예정자의 경우 입사 후 3개월 내 학위증명서를 제출하지 못할 시 입사가 취소될 수 있습니다. ※본 공고에 나타나지 않은 상세한 내용은 서류접수후 필요시 본인들에게 별도 안내드리겠습니다.
 </empnEtcCont>
</dhsOpenEmpInfoDetailRoot>