<?xml version="1.0" encoding="UTF-8"?>
<dhsOpenEmpInfoDetailRoot>
 <empSeqno>
  37516
 </empSeqno>
 <empWantedTitle>
  [사업]글로벌사업PM(신입/경력)
 </empWantedTitle>
 <empBusiNm>
  웹젠
 </empBusiNm>
 <coClcdNm>
  중견기업
 </coClcdNm>
 <empWantedStdt>
  20190319
 </empWantedStdt>
 <empWantedEndt>
  20190405
 </empWantedEndt>
 <empWantedHomepg>
  http://company.webzen.com
 </empWantedHomepg>
 <empWantedHomepgDetail>
  https://webzen.recruiter.co.kr/app/jobnotice/view?systemKindCode=MRS1&amp;jobnoticeSn=20521
 </empWantedHomepgDetail>
 <empWantedMobileUrl></empWantedMobileUrl>
 <regLogImgNm>
  http://www.work.go.kr/framework/filedownload/getImage.do?filePathName=ZGI9%2BubbEcHpFsdRT26HvByTZKDWTqYsjBQHoDR9%2FBoKdgNmsYWAaJiDX7aolt9T
 </regLogImgNm>
 <empWantedTypeNm>
  정규직
 </empWantedTypeNm>
 <empWatedJobsNm></empWatedJobsNm>
 <empWatedCont></empWatedCont>
 <empSelfintroList>
  <empSelsListInfo>
   <selfintroQstCont>
    1. 본인의 장점과 단점은 무엇입니까?그리고 단점을 극복하기 위해 어떤 노력을 하고 계십니까? [200자 이상 1000자 이내]
   </selfintroQstCont>
  </empSelsListInfo>
  <empSelsListInfo>
   <selfintroQstCont>
    2. 재학 또는 재직기간 동안 가장 뛰어난 업적은 무엇입니까? 그리고 왜 그렇게 생각하는지 기술해 주십시오. [200자 이상 1000자 이내]
   </selfintroQstCont>
  </empSelsListInfo>
  <empSelsListInfo>
   <selfintroQstCont>
    3. 재학 또는 재직기간 동안 리더십을 발휘한 경험을 기술해 주십시오. [200자 이상 1000자 이내]
   </selfintroQstCont>
  </empSelsListInfo>
  <empSelsListInfo>
   <selfintroQstCont>
    4. 웹젠에 입사 지원한 동기는 무엇입니까? [200자 이상 1000자 이내]
   </selfintroQstCont>
  </empSelsListInfo>
  <empSelsListInfo>
   <selfintroQstCont>
    5. [선택]추가적으로 자신에 대해 소개할 내용을 기술해 주십시오. [1000자 이내]
   </selfintroQstCont>
  </empSelsListInfo>
 </empSelfintroList>
 <empSelsList>
  <empSelsListInfo>
   <selsNm>
    서류전형
   </selsNm>
   <selsSchdCont></selsSchdCont>
   <selsCont>
    서류전형 통과자에 한하여 개별적으로 일정 안내를 드립니다.
   </selsCont>
   <selsMemoCont></selsMemoCont>
  </empSelsListInfo>
  <empSelsListInfo>
   <selsNm>
    실무면접
   </selsNm>
   <selsSchdCont></selsSchdCont>
   <selsCont></selsCont>
   <selsMemoCont></selsMemoCont>
  </empSelsListInfo>
  <empSelsListInfo>
   <selsNm>
    임원면접
   </selsNm>
   <selsSchdCont></selsSchdCont>
   <selsCont></selsCont>
   <selsMemoCont></selsMemoCont>
  </empSelsListInfo>
  <empSelsListInfo>
   <selsNm>
    최종합격
   </selsNm>
   <selsSchdCont></selsSchdCont>
   <selsCont></selsCont>
   <selsMemoCont></selsMemoCont>
  </empSelsListInfo>
 </empSelsList>
 <empRecrList>
  <empRecrListInfo>
   <empRecrNm>
    글로벌사업PM
   </empRecrNm>
   <jobCont>
    - 게임 라이브 운영 전략 수립/실행 - 세일즈 프로모션 기획/실행 - 지표분석 및 개선사항 도출/반영 - 컨텐츠 및 BM 분석/개선 - 담당 프로젝트 전반 매니지먼트 - 서비스 현지화 기획/관리/실행 - 기타 서비스 전반 매니지먼트
   </jobCont>
   <empWantedCareerNm>
    경력|신입
   </empWantedCareerNm>
   <empWantedEduNm></empWantedEduNm>
   <sptCertEtc>
    - 제2외국어 사용 가능자(중국어, 스페인어, 포르투갈어 등) - PC/모바일 게임 라이브 서비스 경험자
   </sptCertEtc>
   <recrPsncnt></recrPsncnt>
   <empRecrMemoCont></empRecrMemoCont>
   <workRegionNm></workRegionNm>
  </empRecrListInfo>
 </empRecrList>
 <empJobsList>
  <empJobsListInfo>
   <jobsCd>
    026102
   </jobsCd>
   <jobsCdKorNm>
    마케팅·광고·홍보·상품기획 사무원
   </jobsCdKorNm>
  </empJobsListInfo>
 </empJobsList>
 <empnRecrSummaryCont></empnRecrSummaryCont>
 <recrCommCont>
  - 장애인, 국가보훈대상자는 관련법규에 의거하여 우대합니다.
 </recrCommCont>
 <empSubmitDocCont></empSubmitDocCont>
 <empRcptMthdCont>
  - 채용홈페이지 온라인 입사지원 - 수시채용은 공고 게시 중에도 전형이 진행되오니 이점 유의하시어 지원 바랍니다.
 </empRcptMthdCont>
 <empAcptPsnAnncCont></empAcptPsnAnncCont>
 <inqryCont>
  - 채용홈페이지 -&gt; 채용문의
 </inqryCont>
 <empnEtcCont>
  - 채용완료 시 공고가 마감될 수 있습니다.
 </empnEtcCont>
</dhsOpenEmpInfoDetailRoot>