<?xml version="1.0" encoding="UTF-8"?>
<dhsOpenEmpInfoDetailRoot>
 <empSeqno>
  37313
 </empSeqno>
 <empWantedTitle>
  영상컨텐츠(애니메이션/드라마/영화) 캐릭터 컨셉 아티스트 채용
 </empWantedTitle>
 <empBusiNm>
  엔씨소프트
 </empBusiNm>
 <coClcdNm>
  중견기업
 </coClcdNm>
 <empWantedStdt>
  20190311
 </empWantedStdt>
 <empWantedEndt>
  20190430
 </empWantedEndt>
 <empWantedHomepg>
  http://www.ncsoft.co.kr
 </empWantedHomepg>
 <empWantedHomepgDetail>
  https://recruit.ncsoft.net/korean/careers/adoptionview.aspx?BID=&amp;BC=&amp;SYear=&amp;SType=&amp;SWord=&amp;PNo=1&amp;d1=1&amp;d2=0&amp;BNo=7177&amp;Section=
 </empWantedHomepgDetail>
 <empWantedMobileUrl></empWantedMobileUrl>
 <regLogImgNm>
  http://www.work.go.kr/framework/filedownload/getImage.do?filePathName=ZGI9%2BubbEcHpFsdRT26HvD5ZNZMU%2FSFziUVQigG7EWR3%2Fc1STDnJntNsKflBvDXG
 </regLogImgNm>
 <empWantedTypeNm>
  정규직
 </empWantedTypeNm>
 <empWatedJobsNm></empWatedJobsNm>
 <empWatedCont></empWatedCont>
 <empSelfintroList>
  <empSelsListInfo>
   <selfintroQstCont></selfintroQstCont>
  </empSelsListInfo>
 </empSelfintroList>
 <empSelsList>
  <empSelsListInfo>
   <selsNm>
    서류전형
   </selsNm>
   <selsSchdCont></selsSchdCont>
   <selsCont></selsCont>
   <selsMemoCont></selsMemoCont>
  </empSelsListInfo>
  <empSelsListInfo>
   <selsNm>
    실무1차면접
   </selsNm>
   <selsSchdCont></selsSchdCont>
   <selsCont></selsCont>
   <selsMemoCont></selsMemoCont>
  </empSelsListInfo>
  <empSelsListInfo>
   <selsNm>
    NC TEST
   </selsNm>
   <selsSchdCont></selsSchdCont>
   <selsCont></selsCont>
   <selsMemoCont></selsMemoCont>
  </empSelsListInfo>
  <empSelsListInfo>
   <selsNm>
    실무2차면접
   </selsNm>
   <selsSchdCont></selsSchdCont>
   <selsCont>
    (필요시)HR면접
   </selsCont>
   <selsMemoCont></selsMemoCont>
  </empSelsListInfo>
  <empSelsListInfo>
   <selsNm>
    처우협의
   </selsNm>
   <selsSchdCont></selsSchdCont>
   <selsCont></selsCont>
   <selsMemoCont></selsMemoCont>
  </empSelsListInfo>
  <empSelsListInfo>
   <selsNm>
    입사
   </selsNm>
   <selsSchdCont></selsSchdCont>
   <selsCont></selsCont>
   <selsMemoCont></selsMemoCont>
  </empSelsListInfo>
 </empSelsList>
 <empRecrList>
  <empRecrListInfo>
   <empRecrNm>
    Concept Art
   </empRecrNm>
   <jobCont>
    1. 업무내용 - 제시하는 캐릭터 아트컨셉을 이해하고 분석하여 수준 높은 캐릭터 컨셉아트를 개발한다. - 영상컨텐츠(애니메이션/드라마/영화)에 활용할 수 있도록 캐릭터 원화를 개발, 제작한다. 2. 주요업무내용 a : 캐릭터 컨셉 아트 - 아트 컨셉 방향에 대해 통일성 유지와 효과적인 퀄리티 업그레이드를 통해 수준 높은 캐릭터 컨셉 원화를 생산한다. - 영상컨텐츠에 효과적으로 활용할 수 있도록 제작 원화를 개발한다. b : 컨셉 일러스트레이션 - 프로모션을 위해, 영상컨텐츠의 컨셉을 효과적으로 보여줄 수 있는 상품성 있고 수준 높은 퀄리티의 2D 일러스트를 개발한다.
   </jobCont>
   <empWantedCareerNm>
    경력
   </empWantedCareerNm>
   <empWantedEduNm></empWantedEduNm>
   <sptCertEtc></sptCertEtc>
   <recrPsncnt></recrPsncnt>
   <empRecrMemoCont></empRecrMemoCont>
   <workRegionNm></workRegionNm>
  </empRecrListInfo>
 </empRecrList>
 <empJobsList>
  <empJobsListInfo>
   <jobsCd>
    415500
   </jobsCd>
   <jobsCdKorNm>
    미디어 콘텐츠 디자이너
   </jobsCdKorNm>
  </empJobsListInfo>
 </empJobsList>
 <empnRecrSummaryCont></empnRecrSummaryCont>
 <recrCommCont>
  ㆍ해외여행 결격사유 없는 자 ㆍ채용 규정에 어긋나지 않는 자 ㆍ보훈 대상자 및 장애인 우대 ※ 전형 결과에 따라 계약직 채용이 검토될 수 있습니다.
 </recrCommCont>
 <empSubmitDocCont>
  - 엔씨소프트 홈페이지 온라인 입사지원서 - 포트폴리오 - 자기소개서
 </empSubmitDocCont>
 <empRcptMthdCont>
  - 채용 홈페이지 온라인 입사지원
 </empRcptMthdCont>
 <empAcptPsnAnncCont></empAcptPsnAnncCont>
 <inqryCont>
  - 채용 홈페이지 &gt; 인재채용 &gt; 채용문의 참조
 </inqryCont>
 <empnEtcCont>
  ㆍ채용 시 조기마감 될 수 있습니다. ㆍ채용 과정에서 오프라인으로 제출한 서류가 있을 경우, 해당 공고의 채용여부가 확정된 이후 14일 이내에 반환을 요청할 수 있습니다. 반환 희망 시 엔씨소프트 홈페이지 채용문의 Q&amp;A 메뉴를 통해 반환을 청구해 주시기 바라며, 접수 후 14일 내 요청 서류를 등기우편으로 발송해 드립니다. 오프라인으로 제출한 서류는 당사자가 반환을 청구하지 않을 경우 14일까지 보관된 후 파기됩니다. 단, 홈페이지 또는 전자우편을 통해 제출한 일체의 서류, 당사의 요청이 없음에도 자발적으로 제출한 서류는 반환 청구 대상에 포함되지 않으며 엔씨소프트 개인정보처리방침에 따라서 2년간 보관된 후 파기됩니다.
 </empnEtcCont>
</dhsOpenEmpInfoDetailRoot>