<?xml version="1.0" encoding="UTF-8"?>
<dhsOpenEmpInfoDetailRoot>
 <empSeqno>
  37637
 </empSeqno>
 <empWantedTitle>
  [데브캣 스튜디오] 신규 프로젝트 서버 프로그래머 모집
 </empWantedTitle>
 <empBusiNm>
  넥슨코리아
 </empBusiNm>
 <coClcdNm>
  중견기업
 </coClcdNm>
 <empWantedStdt>
  20190325
 </empWantedStdt>
 <empWantedEndt>
  20190525
 </empWantedEndt>
 <empWantedHomepg>
  http://www.nexon.co.kr
 </empWantedHomepg>
 <empWantedHomepgDetail>
  https://career.nexon.com/user/recruit/notice/noticeView?joinCorp=NX&amp;reNo=20190063
 </empWantedHomepgDetail>
 <empWantedMobileUrl></empWantedMobileUrl>
 <regLogImgNm>
  http://www.work.go.kr/framework/filedownload/getImage.do?filePathName=ZGI9%2BubbEcHpFsdRT26HvCtLkPmEbdw265dhQOvJqzN8CkDzwJCcaV3ydXwPdcwh
 </regLogImgNm>
 <empWantedTypeNm>
  정규직
 </empWantedTypeNm>
 <empWatedJobsNm></empWatedJobsNm>
 <empWatedCont></empWatedCont>
 <empSelfintroList>
  <empSelsListInfo>
   <selfintroQstCont></selfintroQstCont>
  </empSelsListInfo>
 </empSelfintroList>
 <empSelsList>
  <empSelsListInfo>
   <selsNm>
    서류심사
   </selsNm>
   <selsSchdCont></selsSchdCont>
   <selsCont>
    서류 심사 통과자에 한해 개별적으로 일정을 알려 드립니다. / 서류 접수 이후 4주 이내로 결과를 알려 드립니다.
   </selsCont>
   <selsMemoCont></selsMemoCont>
  </empSelsListInfo>
  <empSelsListInfo>
   <selsNm>
    과제심사
   </selsNm>
   <selsSchdCont></selsSchdCont>
   <selsCont></selsCont>
   <selsMemoCont></selsMemoCont>
  </empSelsListInfo>
  <empSelsListInfo>
   <selsNm>
    면접
   </selsNm>
   <selsSchdCont></selsSchdCont>
   <selsCont></selsCont>
   <selsMemoCont></selsMemoCont>
  </empSelsListInfo>
  <empSelsListInfo>
   <selsNm>
    최종합격
   </selsNm>
   <selsSchdCont></selsSchdCont>
   <selsCont></selsCont>
   <selsMemoCont></selsMemoCont>
  </empSelsListInfo>
 </empSelsList>
 <empRecrList>
  <empRecrListInfo>
   <empRecrNm>
    [데브캣 스튜디오] 신규 프로젝트 서버 프로그래머
   </empRecrNm>
   <jobCont>
    - 데브캣 스튜디오의 신규 캐주얼 PC/모바일 게임 개발 프로젝트 - 마비노기 모바일의 그래픽 애셋을 활용하는 액션성이 높은 게임 - 게임 컨텐츠 및 백엔드 서버 개발
   </jobCont>
   <empWantedCareerNm>
    경력
   </empWantedCareerNm>
   <empWantedEduNm></empWantedEduNm>
   <sptCertEtc>
    - FPS 같은 빠른 템포의 액션 게임 동기화 구현 경험 - 백앤드 시스템 구성 경험 (AWS) - Unity 3D 프로젝트 경험 - PC/모바일 게임 개발 초기부터 런칭까지의 경험
   </sptCertEtc>
   <recrPsncnt></recrPsncnt>
   <empRecrMemoCont></empRecrMemoCont>
   <workRegionNm></workRegionNm>
  </empRecrListInfo>
 </empRecrList>
 <empJobsList>
  <empJobsListInfo>
   <jobsCd>
    133206
   </jobsCd>
   <jobsCdKorNm>
    게임 프로그래머
   </jobsCdKorNm>
  </empJobsListInfo>
 </empJobsList>
 <empnRecrSummaryCont></empnRecrSummaryCont>
 <recrCommCont>
  - 직군/직렬/직무 : 게임프로그래밍 / 게임프로그래밍 / 게임프로그래머 - 근무형태 : 일반직_수습
 </recrCommCont>
 <empSubmitDocCont></empSubmitDocCont>
 <empRcptMthdCont>
  - 채용 홈페이지를 통해 접수 ※ 모집기간 : ~ 채용시
 </empRcptMthdCont>
 <empAcptPsnAnncCont></empAcptPsnAnncCont>
 <inqryCont>
  - 채용 홈페이지 채용문의 참조
 </inqryCont>
 <empnEtcCont>
  - 국가보훈대상자는 관련법규에 의거, 우대합니다. - 회사 소개는 http://company.nexon.com를 참조 부탁 드립니다.
 </empnEtcCont>
</dhsOpenEmpInfoDetailRoot>