<?xml version="1.0" encoding="UTF-8"?>
<dhsOpenEmpInfoDetailRoot>
 <empSeqno>
  37120
 </empSeqno>
 <empWantedTitle>
  [공통지원]전사 지표분석 담당자(정규직)
 </empWantedTitle>
 <empBusiNm>
  위메프
 </empBusiNm>
 <coClcdNm>
  중견기업
 </coClcdNm>
 <empWantedStdt>
  20190306
 </empWantedStdt>
 <empWantedEndt>
  20190405
 </empWantedEndt>
 <empWantedHomepg>
  http://www.wemakeprice.com
 </empWantedHomepg>
 <empWantedHomepgDetail>
  https://recruit.wemakeprice.com/notice/list
 </empWantedHomepgDetail>
 <empWantedMobileUrl></empWantedMobileUrl>
 <regLogImgNm>
  http://www.work.go.kr/framework/filedownload/getImage.do?filePathName=KuBCC2IodBkj%2Frlv8XuRiqaGYl8v0VyH8yZqNVDlGTYfsIxiajuIwBm1qUMMR4Bq7suWeZYPwv8GKFqD7PXO%2Fg%3D%3D
 </regLogImgNm>
 <empWantedTypeNm>
  정규직
 </empWantedTypeNm>
 <empWatedJobsNm></empWatedJobsNm>
 <empWatedCont></empWatedCont>
 <empSelfintroList>
  <empSelsListInfo>
   <selfintroQstCont></selfintroQstCont>
  </empSelsListInfo>
 </empSelfintroList>
 <empSelsList>
  <empSelsListInfo>
   <selsNm>
    서류전형
   </selsNm>
   <selsSchdCont></selsSchdCont>
   <selsCont></selsCont>
   <selsMemoCont></selsMemoCont>
  </empSelsListInfo>
  <empSelsListInfo>
   <selsNm>
    1차면접
   </selsNm>
   <selsSchdCont></selsSchdCont>
   <selsCont></selsCont>
   <selsMemoCont></selsMemoCont>
  </empSelsListInfo>
  <empSelsListInfo>
   <selsNm>
    2차면접
   </selsNm>
   <selsSchdCont></selsSchdCont>
   <selsCont></selsCont>
   <selsMemoCont></selsMemoCont>
  </empSelsListInfo>
  <empSelsListInfo>
   <selsNm>
    합격통보
   </selsNm>
   <selsSchdCont></selsSchdCont>
   <selsCont></selsCont>
   <selsMemoCont></selsMemoCont>
  </empSelsListInfo>
  <empSelsListInfo>
   <selsNm>
    기타
   </selsNm>
   <selsSchdCont></selsSchdCont>
   <selsCont>
    서류전형은 합격자에 한해 개별통지하며 전형절차는 채용상황에 따라 추가 또는 생략 될 수 있습니다.
   </selsCont>
   <selsMemoCont></selsMemoCont>
  </empSelsListInfo>
 </empSelsList>
 <empRecrList>
  <empRecrListInfo>
   <empRecrNm>
    전사지표분석 담당자(공통지원/일반)
   </empRecrNm>
   <jobCont>
    - 전사 주요지표 분석 - 이벤트 예측 및 결과 분석
   </jobCont>
   <empWantedCareerNm>
    경력
   </empWantedCareerNm>
   <empWantedEduNm></empWantedEduNm>
   <sptCertEtc>
    - 커머스 업계 이해도 보유자 - 데이터 기반 논리적인 사고에 능숙한 자 - 보훈대상자(국가유공자)는 관련 법률에 의거 우대
   </sptCertEtc>
   <recrPsncnt>
    0
   </recrPsncnt>
   <empRecrMemoCont></empRecrMemoCont>
   <workRegionNm></workRegionNm>
  </empRecrListInfo>
 </empRecrList>
 <empJobsList>
  <empJobsListInfo>
   <jobsCd>
    017
   </jobsCd>
   <jobsCdKorNm>
    경영지원 사무
   </jobsCdKorNm>
  </empJobsListInfo>
 </empJobsList>
 <empnRecrSummaryCont></empnRecrSummaryCont>
 <recrCommCont>
  [근무조건] - 기타 복리후생 : http://company.wemakeprice.com/wmp/recruit * 공통지원자격 - 함께 일하고 싶은, 그마음에 풍덩 빠지고 싶은 넓은 그릇을 가진 인성 - 높은 꿈을 가지고, 그꿈을 혼자가 아닌 동료들과 함께 이루고 싶은 열정 - 모든 것은 가능하고, 할수 있다는 오픈 마인드 - 될 때까지 도전해 보는 억척스러움 - 당연히 위메프 회원 - 위 내용에 자신이 부합된다고 생각하는 사람, 부합되기 위해 노력하는 열정이 있는 사람이라면 누구나!
 </recrCommCont>
 <empSubmitDocCont></empSubmitDocCont>
 <empRcptMthdCont>
  - 채용홈페이지 온라인 입사지원 ※ 당사의 모든 입사 지원은 온라인 지원 만을 통해서 할 수 있습니다.메일로 접수 받지 않습니다. ※ 계획된 채용이 완료되면 접수기간과 상관없이 조기종료 될 수 있습니다.
 </empRcptMthdCont>
 <empAcptPsnAnncCont></empAcptPsnAnncCont>
 <inqryCont>
  채용관련문의는 JOB@wemakeprice.com 을 이용해 주시기 바랍니다.
 </inqryCont>
 <empnEtcCont>
  - 제출된 지원서는 인재채용을 위해서만 활용되며, 별도의 요청이 없는 경우 채용심사 완료 180일 이후 「개인 정보 보호법」에 따라 파기됩니다. - 제출된 서류는 반환되지 않습니다. - 이력서에 기재된 학력 및 경력사항등 기재사항이 허위임이 판명될 경우, 합격이 취소될 수 있습니다.
 </empnEtcCont>
</dhsOpenEmpInfoDetailRoot>