<?xml version="1.0" encoding="UTF-8"?>
<dhsOpenEmpInfoDetailRoot>
 <empSeqno>
  37716
 </empSeqno>
 <empWantedTitle>
  2019 상반기 대졸 신입사원 채용
 </empWantedTitle>
 <empBusiNm>
  서브원
 </empBusiNm>
 <coClcdNm>
  대기업
 </coClcdNm>
 <empWantedStdt>
  20190327
 </empWantedStdt>
 <empWantedEndt>
  20190415
 </empWantedEndt>
 <empWantedHomepg>
  http://www.serveone.co.kr
 </empWantedHomepg>
 <empWantedHomepgDetail>
  http://careers.serveone.co.kr/app/job/RetrieveJobNoticesDetail.rpi
 </empWantedHomepgDetail>
 <empWantedMobileUrl></empWantedMobileUrl>
 <regLogImgNm>
  http://www.work.go.kr/framework/filedownload/getImage.do?filePathName=KuBCC2IodBkj%2Frlv8XuRik1rat8TDTUhdBWPAcPnG%2FHCiToTXxYaT8Jva%2BUiyIKy7suWeZYPwv8GKFqD7PXO%2Fg%3D%3D
 </regLogImgNm>
 <empWantedTypeNm>
  정규직
 </empWantedTypeNm>
 <empWatedJobsNm></empWatedJobsNm>
 <empWatedCont></empWatedCont>
 <empSelfintroList>
  <empSelsListInfo>
   <selfintroQstCont></selfintroQstCont>
  </empSelsListInfo>
 </empSelfintroList>
 <empSelsList>
  <empSelsListInfo>
   <selsNm>
    서류전형
   </selsNm>
   <selsSchdCont></selsSchdCont>
   <selsCont></selsCont>
   <selsMemoCont></selsMemoCont>
  </empSelsListInfo>
  <empSelsListInfo>
   <selsNm>
    인적성검사
   </selsNm>
   <selsSchdCont></selsSchdCont>
   <selsCont></selsCont>
   <selsMemoCont></selsMemoCont>
  </empSelsListInfo>
  <empSelsListInfo>
   <selsNm>
    1차면접
   </selsNm>
   <selsSchdCont></selsSchdCont>
   <selsCont>
    1차면접 이후 합격자에 한하여 개별 채용검진을 실시합니다.
   </selsCont>
   <selsMemoCont></selsMemoCont>
  </empSelsListInfo>
  <empSelsListInfo>
   <selsNm>
    건강검진
   </selsNm>
   <selsSchdCont></selsSchdCont>
   <selsCont></selsCont>
   <selsMemoCont></selsMemoCont>
  </empSelsListInfo>
  <empSelsListInfo>
   <selsNm>
    2차면접
   </selsNm>
   <selsSchdCont></selsSchdCont>
   <selsCont></selsCont>
   <selsMemoCont></selsMemoCont>
  </empSelsListInfo>
  <empSelsListInfo>
   <selsNm>
    인턴십(4주)
   </selsNm>
   <selsSchdCont></selsSchdCont>
   <selsCont></selsCont>
   <selsMemoCont></selsMemoCont>
  </empSelsListInfo>
 </empSelsList>
 <empRecrList>
  <empRecrListInfo>
   <empRecrNm>
    [영업/구매] 영업/구매
   </empRecrNm>
   <jobCont>
    - 매출확대 및 채권관리 - 고객 관리 및 클레임 관리 - 신규 협력사 소싱 - 상품 매입가/기준가 관리 - 신규상품 개발 및 대체 제안
   </jobCont>
   <empWantedCareerNm>
    신입
   </empWantedCareerNm>
   <empWantedEduNm>
    박사
   </empWantedEduNm>
   <sptCertEtc>
    - 전공무관
   </sptCertEtc>
   <recrPsncnt>
    00
   </recrPsncnt>
   <empRecrMemoCont></empRecrMemoCont>
   <workRegionNm>
    지역무관
   </workRegionNm>
  </empRecrListInfo>
  <empRecrListInfo>
   <empRecrNm>
    [경영지원] 재무회계
   </empRecrNm>
   <jobCont>
    - 전사 별도/연결 재무회계 결산 및 회계감사 수검 - 전사 매출/매입 관리 및 채권/채무관리 - 세무신고 업무 지원
   </jobCont>
   <empWantedCareerNm>
    신입
   </empWantedCareerNm>
   <empWantedEduNm>
    박사
   </empWantedEduNm>
   <sptCertEtc></sptCertEtc>
   <recrPsncnt>
    0
   </recrPsncnt>
   <empRecrMemoCont></empRecrMemoCont>
   <workRegionNm>
    서울 강서구
   </workRegionNm>
  </empRecrListInfo>
  <empRecrListInfo>
   <empRecrNm>
    [경영지원] IT기획
   </empRecrNm>
   <jobCont>
    - 전사 정보보안 정책 수립 및 이행 - 정보보호관리체계(ISMS) 인증심사 대응 - 개인정보보호/취급 관리 - 정보자산 및 보안시스템 운영/관리
   </jobCont>
   <empWantedCareerNm>
    신입
   </empWantedCareerNm>
   <empWantedEduNm>
    박사
   </empWantedEduNm>
   <sptCertEtc></sptCertEtc>
   <recrPsncnt>
    0
   </recrPsncnt>
   <empRecrMemoCont></empRecrMemoCont>
   <workRegionNm>
    서울 강서구
   </workRegionNm>
  </empRecrListInfo>
 </empRecrList>
 <empJobsList>
  <empJobsListInfo>
   <jobsCd>
    01
   </jobsCd>
   <jobsCdKorNm>
    경영·사무·금융·보험
   </jobsCdKorNm>
  </empJobsListInfo>
 </empJobsList>
 <empnRecrSummaryCont></empnRecrSummaryCont>
 <recrCommCont>
  ○ 지원자격 - 4년제 대학 이상 졸업자 또는 2019년 8월 졸업예정자 - 토익 600점 / 토익스피킹 120점 / OPIC IM1 / 新HSK 4급 210점 / JPT 600점 이상 中 한가지 이상 보유 必 (서류 접수 마감일 기준 2년 이내 유효 성적에 한함, 단 해외대 학위 취득자는 어학 성적 제출 제외) - 해외여행에 결격사유가 없는 자 / 남자의 경우, 병역필 또는 면제자 - 보훈 취업보호대상자와 장애인은 관련 법규에 의하여 우대함 ○ 인턴십 전형 - 채용 형태 : 4주 간의 인턴실습 후 심사를 통해 정규직 선발 - 인턴 기간 : 2019년 6월말 ~ 2019년 7월 (4주간) - 교육훈련비 전액 회사 부담 및 인턴 기간 중 수당 지급 - 인턴 기간 中 원거리 발령자에 대하여 숙소제공 ※ 졸업 예정자의 경우 학칙에 근거하여 인턴십 참석 가능 여부를 사전에 점검하여 주시기 바라며 인턴십 및 정규 출근이 제한될 경우 입사(합격)를 취소할 수 있습니다. ※ 근무지는 지원자의 희망 근무지 선택을 고려하여 배치하나 직무 및 전공에 따라 회사에서 조정할 수 있습니다.
 </recrCommCont>
 <empSubmitDocCont></empSubmitDocCont>
 <empRcptMthdCont>
  - 당사 홈페이지(careers.serveone.co.kr) 內 채용 Site에서 On-line 지원 ※ 우편접수, e-mail 접수 및 방문접
 </empRcptMthdCont>
</dhsOpenEmpInfoDetailRoot>