<?xml version="1.0" encoding="UTF-8"?>
<dhsOpenEmpInfoDetailRoot>
 <empSeqno>
  36265
 </empSeqno>
 <empWantedTitle>
  [인턴]교재 콘텐츠 기획 인턴
 </empWantedTitle>
 <empBusiNm>
  해커스
 </empBusiNm>
 <coClcdNm>
  중견기업
 </coClcdNm>
 <empWantedStdt>
  20190211
 </empWantedStdt>
 <empWantedEndt>
  20190411
 </empWantedEndt>
 <empWantedHomepg>
  http://www.hackers.com
 </empWantedHomepg>
 <empWantedHomepgDetail>
  http://recruit.hackers.com/remNormalList.php?act=view&amp;idx=642
 </empWantedHomepgDetail>
 <empWantedMobileUrl></empWantedMobileUrl>
 <regLogImgNm>
  http://www.work.go.kr/framework/filedownload/getImage.do?filePathName=ZGI9%2BubbEcHpFsdRT26HvC%2FetZMOLnajPrEKSn6RPRzi9Y6jgXH7FbtxDY9kSBkl
 </regLogImgNm>
 <empWantedTypeNm>
  기간제|기타
 </empWantedTypeNm>
 <empWatedJobsNm></empWatedJobsNm>
 <empWatedCont></empWatedCont>
 <empSelfintroList>
  <empSelsListInfo>
   <selfintroQstCont></selfintroQstCont>
  </empSelsListInfo>
 </empSelfintroList>
 <empSelsList>
  <empSelsListInfo>
   <selsNm>
    서류전형
   </selsNm>
   <selsSchdCont></selsSchdCont>
   <selsCont>
    서류 합격자에 한하여 개별 연락
   </selsCont>
   <selsMemoCont></selsMemoCont>
  </empSelsListInfo>
  <empSelsListInfo>
   <selsNm>
    인적성
   </selsNm>
   <selsSchdCont></selsSchdCont>
   <selsCont></selsCont>
   <selsMemoCont></selsMemoCont>
  </empSelsListInfo>
  <empSelsListInfo>
   <selsNm>
    면접
   </selsNm>
   <selsSchdCont></selsSchdCont>
   <selsCont></selsCont>
   <selsMemoCont></selsMemoCont>
  </empSelsListInfo>
  <empSelsListInfo>
   <selsNm>
    신체검사
   </selsNm>
   <selsSchdCont></selsSchdCont>
   <selsCont></selsCont>
   <selsMemoCont></selsMemoCont>
  </empSelsListInfo>
  <empSelsListInfo>
   <selsNm>
    최종합격
   </selsNm>
   <selsSchdCont></selsSchdCont>
   <selsCont></selsCont>
   <selsMemoCont></selsMemoCont>
  </empSelsListInfo>
 </empSelsList>
 <empRecrList>
  <empRecrListInfo>
   <empRecrNm>
    교재 콘텐츠 기획 [인턴]
   </empRecrNm>
   <jobCont>
    1. 수험서 및 학습서 콘셉트 기획 2. 수험서 및 학습서 콘텐츠 구성 기획 3. 교육 콘텐츠 조사 및 분석 4. 교육 시장 조사 및 분석
   </jobCont>
   <empWantedCareerNm>
    신입|인턴
   </empWantedCareerNm>
   <empWantedEduNm></empWantedEduNm>
   <sptCertEtc>
    1. 영어 능력 우수자(TOEIC 900점 이상 또는 그에 준하는 시험 점수 소지자 우대) 2. MS Office 활용 능숙자
   </sptCertEtc>
   <recrPsncnt></recrPsncnt>
   <empRecrMemoCont></empRecrMemoCont>
   <workRegionNm></workRegionNm>
  </empRecrListInfo>
 </empRecrList>
 <empJobsList>
  <empJobsListInfo>
   <jobsCd>
    01
   </jobsCd>
   <jobsCdKorNm>
    경영·사무·금융·보험
   </jobsCdKorNm>
  </empJobsListInfo>
  <empJobsListInfo>
   <jobsCd>
    026102
   </jobsCd>
   <jobsCdKorNm>
    마케팅·광고·홍보·상품기획 사무원
   </jobsCdKorNm>
  </empJobsListInfo>
 </empJobsList>
 <empnRecrSummaryCont></empnRecrSummaryCont>
 <recrCommCont>
  [근무조건] - 급여사항 : 월 175만원 - 근무기간 : 3개월 [지원자격] - 기졸업자 또는 2019년 9월 졸업 예정자 - 남자의 경우 병역필 또는 면제자 - 해외여행에 결격사유가 없는 자 [복리후생] * 공고문 참고 바랍니다.
 </recrCommCont>
 <empSubmitDocCont>
  · 지원서 외 서류(졸업증명서, 성적증명서, 어학성적표 등)은 최종합격자에 한하여 추후 제출합니다.
 </empSubmitDocCont>
 <empRcptMthdCont>
  ※ 채용 시까지 - 채용 홈페이지를 통한 온라인 지원만 가능 합니다. ※ 방문 접수 또는 이메일 접수는 불가합니다.
 </empRcptMthdCont>
 <empAcptPsnAnncCont></empAcptPsnAnncCont>
 <inqryCont>
  - 기타 문의사항은 채용사이트의 FAQ를 참고하시거나, Q&amp;A로 문의주시기 바랍니다.
 </inqryCont>
 <empnEtcCont>
  · 국가보훈대상자는 관계법에 의거 우대합니다. · 접수된 서류는 반환하지 않으며, 채용과 무관한 곳에는 사용하지 않습니다. · 공인자격/외국어 시험 성적은 유효기간 내의 것만 인정합니다. (원서접수마감일 기준) · 지원서 및 제출하신 서류에 허위사실이 확인 될 경우 해당자의 합격을 취소할 수 있으며,입사 이후라도 입사가 취소될 수 있습니다.
 </empnEtcCont>
</dhsOpenEmpInfoDetailRoot>