<?xml version="1.0" encoding="UTF-8"?>
<dhsOpenEmpInfoDetailRoot>
 <empSeqno>
  37671
 </empSeqno>
 <empWantedTitle>
  2019년 2차 연구직(무기계약직) 채용
 </empWantedTitle>
 <empBusiNm>
  한국여성정책연구원
 </empBusiNm>
 <coClcdNm>
  공공기관
 </coClcdNm>
 <empWantedStdt>
  20190321
 </empWantedStdt>
 <empWantedEndt>
  20190404
 </empWantedEndt>
 <empWantedHomepg>
  http://www.kwdi.re.kr
 </empWantedHomepg>
 <empWantedHomepgDetail>
  http://www.kwdi.re.kr/plaza/recruitView.do?p=1&amp;idx=123376
 </empWantedHomepgDetail>
 <empWantedMobileUrl></empWantedMobileUrl>
 <regLogImgNm>
  http://www.work.go.kr/framework/filedownload/getImage.do?filePathName=KuBCC2IodBkj%2Frlv8XuRio7tN8%2FfS0w1%2BizSZ9MRlvJoSCVyUTrOo7hBDpiOJTGn7suWeZYPwv8GKFqD7PXO%2Fg%3D%3D
 </regLogImgNm>
 <empWantedTypeNm>
  기타
 </empWantedTypeNm>
 <empWatedJobsNm></empWatedJobsNm>
 <empWatedCont></empWatedCont>
 <empSelfintroList>
  <empSelsListInfo>
   <selfintroQstCont></selfintroQstCont>
  </empSelsListInfo>
 </empSelfintroList>
 <empSelsList>
  <empSelsListInfo>
   <selsNm>
    서류심사
   </selsNm>
   <selsSchdCont></selsSchdCont>
   <selsCont>
    결과는 4. 12일 발표 예정, 변경가능
   </selsCont>
   <selsMemoCont></selsMemoCont>
  </empSelsListInfo>
  <empSelsListInfo>
   <selsNm>
    온라인 인적성검사
   </selsNm>
   <selsSchdCont></selsSchdCont>
   <selsCont>
    검사장소 및 시간 지정
   </selsCont>
   <selsMemoCont></selsMemoCont>
  </empSelsListInfo>
  <empSelsListInfo>
   <selsNm>
    면접심사
   </selsNm>
   <selsSchdCont></selsSchdCont>
   <selsCont>
    논문발표 및 일반면접 / 논문발표는 제1저자인 논문에 한함
   </selsCont>
   <selsMemoCont></selsMemoCont>
  </empSelsListInfo>
  <empSelsListInfo>
   <selsNm>
    임 용
   </selsNm>
   <selsSchdCont>
    2019. 4월(예정)
   </selsSchdCont>
   <selsCont></selsCont>
   <selsMemoCont></selsMemoCont>
  </empSelsListInfo>
 </empSelsList>
 <empRecrList>
  <empRecrListInfo>
   <empRecrNm>
    [연구직] 성인지예산 분야
   </empRecrNm>
   <jobCont>
    (기본자격 사항) ‧ 국가공무원법상 임용에 결격사유가 없는 자 ‧ 공공기관에서 부정한 방법으로 채용된 사실이 없는 자 ‧ 연령•성별 무관 (우대사항) ‧ 국가유공자 등 취업보호대상자, 장애인 (성인지 예산 분야) ‧ 사회학, 여성학, 경제학, 행정학 등 사회과학 박사 학위 소지자로서 여성정책분야 업무경력자 우대
   </jobCont>
   <empWantedCareerNm>
    신입
   </empWantedCareerNm>
   <empWantedEduNm></empWantedEduNm>
   <sptCertEtc></sptCertEtc>
   <recrPsncnt>
    0
   </recrPsncnt>
   <empRecrMemoCont></empRecrMemoCont>
   <workRegionNm>
    서울
   </workRegionNm>
  </empRecrListInfo>
 </empRecrList>
 <empJobsList>
  <empJobsListInfo>
   <jobsCd>
    02
   </jobsCd>
   <jobsCdKorNm>
    연구 및 공학기술
   </jobsCdKorNm>
  </empJobsListInfo>
 </empJobsList>
 <empnRecrSummaryCont></empnRecrSummaryCont>
 <recrCommCont>
  [근무조건] 가. 직 위 : 무기계약직 ※ 임용 1년 후 평가결과에 따라 재임용 여부 결정 나. 보 수 : 내부규정에 따름 다. 근무지 : 서울 라. 직급 : 부연구위원
 </recrCommCont>
 <empSubmitDocCont>
  ※ 상세 제출서류 채용홈페이지 참조
 </empSubmitDocCont>
 <empRcptMthdCont>
  (1) 온라인제출 : http://kwdi.re.kr-,열린광장-채용공고 (2) 방문 또는 우편제출 : (03367) 서울특별시 은평구 진흥로 225 한국여성정책연구원 채용담당자 앞 ※ 서류봉투 겉면에 “[입사지원]지원분야_성명” 반드시 기재 ※ 자세한 내용 채용홈페이지 참조
 </empRcptMthdCont>
 <empAcptPsnAnncCont></empAcptPsnAnncCont>
 <inqryCont>
  - (02)3156-7016, 7235
 </inqryCont>
 <empnEtcCont></empnEtcCont>
</dhsOpenEmpInfoDetailRoot>