<?xml version="1.0" encoding="UTF-8"?>
<dhsOpenEmpInfoDetailRoot>
 <empSeqno>
  37621
 </empSeqno>
 <empWantedTitle>
  2019 R&amp;D 장비보전/시설관리 기술직 신입사원 채용
 </empWantedTitle>
 <empBusiNm>
  현대자동차
 </empBusiNm>
 <coClcdNm>
  대기업
 </coClcdNm>
 <empWantedStdt>
  20190325
 </empWantedStdt>
 <empWantedEndt>
  20190405
 </empWantedEndt>
 <empWantedHomepg>
  http://www.hyundai.com
 </empWantedHomepg>
 <empWantedHomepgDetail>
  http://recruit.hyundai.com/hfront/webapply/applyView.do?recuYy=2019&amp;recuType=26&amp;recuCls=3
 </empWantedHomepgDetail>
 <empWantedMobileUrl></empWantedMobileUrl>
 <regLogImgNm>
  http://www.work.go.kr/framework/filedownload/getImage.do?filePathName=KuBCC2IodBkj%2Frlv8XuRihzAaeVsVgklu2pn1YOSbgkJgeaYMI6XBrgPOsTiAdRb7suWeZYPwv8GKFqD7PXO%2Fg%3D%3D
 </regLogImgNm>
 <empWantedTypeNm>
  정규직
 </empWantedTypeNm>
 <empWatedJobsNm></empWatedJobsNm>
 <empWatedCont></empWatedCont>
 <empSelfintroList>
  <empSelsListInfo>
   <selfintroQstCont></selfintroQstCont>
  </empSelsListInfo>
 </empSelfintroList>
 <empSelsList>
  <empSelsListInfo>
   <selsNm>
    서류전형
   </selsNm>
   <selsSchdCont></selsSchdCont>
   <selsCont></selsCont>
   <selsMemoCont></selsMemoCont>
  </empSelsListInfo>
  <empSelsListInfo>
   <selsNm>
    면접전형
   </selsNm>
   <selsSchdCont></selsSchdCont>
   <selsCont></selsCont>
   <selsMemoCont></selsMemoCont>
  </empSelsListInfo>
  <empSelsListInfo>
   <selsNm>
    신체검사
   </selsNm>
   <selsSchdCont></selsSchdCont>
   <selsCont></selsCont>
   <selsMemoCont></selsMemoCont>
  </empSelsListInfo>
  <empSelsListInfo>
   <selsNm>
    최종합격
   </selsNm>
   <selsSchdCont></selsSchdCont>
   <selsCont></selsCont>
   <selsMemoCont></selsMemoCont>
  </empSelsListInfo>
 </empSelsList>
 <empRecrList>
  <empRecrListInfo>
   <empRecrNm>
    [장비보전] 연구개발 시험장비 보전
   </empRecrNm>
   <jobCont>
    - 연구개발 현장 시험장비 유지보수 (점검 및 수리) - 시험장비 고장의 신속한 진단 및 적절한 조치/개선 수행
   </jobCont>
   <empWantedCareerNm>
    신입
   </empWantedCareerNm>
   <empWantedEduNm>
    고졸|대졸(2~3)
   </empWantedEduNm>
   <sptCertEtc>
    - 지원자격의 전공을 두 개 이상 복수전공하거나, 메카트로닉스 관련 전공 - 전자기기기능사, 기계정비기능사, 전기기능사 자격증 보유
   </sptCertEtc>
   <recrPsncnt></recrPsncnt>
   <empRecrMemoCont></empRecrMemoCont>
   <workRegionNm>
    경기 화성시
   </workRegionNm>
  </empRecrListInfo>
  <empRecrListInfo>
   <empRecrNm>
    [시설관리] 메인 유틸리티 장비 운영
   </empRecrNm>
   <jobCont>
    - 보일러, 냉동기, 에어 콤프레셔 등 오퍼레이팅 - 고장분석을 통한 설비 개선 기술검토 - 건축물 공조 및 설비류 유지관리
   </jobCont>
   <empWantedCareerNm>
    신입
   </empWantedCareerNm>
   <empWantedEduNm>
    고졸|대졸(2~3)
   </empWantedEduNm>
   <sptCertEtc>
    - 가스기능사 보유 - 1년 이상의 대형 보일러/냉동기/에어 콤프레셔 운영 경험 보유
   </sptCertEtc>
   <recrPsncnt></recrPsncnt>
   <empRecrMemoCont></empRecrMemoCont>
   <workRegionNm>
    경기 화성시
   </workRegionNm>
  </empRecrListInfo>
 </empRecrList>
 <empJobsList>
  <empJobsListInfo>
   <jobsCd>
    811501
   </jobsCd>
   <jobsCdKorNm>
    산업용 보일러 설치·수리원
   </jobsCdKorNm>
  </empJobsListInfo>
  <empJobsListInfo>
   <jobsCd>
    832900
   </jobsCd>
   <jobsCdKorNm>
    기타 전기·전자 기기 설치·수리원
   </jobsCdKorNm>
  </empJobsListInfo>
 </empJobsList>
 <empnRecrSummaryCont></empnRecrSummaryCont>
 <recrCommCont>
  - 부문: R&amp;D - 직위: 기술사원 - 취업보호대상자는 관련 법령에 의거 우대합니다. [지원자격-공통] - 2019년 4월 이후 회사가 지정한 날에 입사 가능자 - 특성화고 또는 전문대 졸업자 (직무별 필요전공 상이, 아래 참조) - 해외여행 시 결격 사유 없는 자 - 남성의 경우 병역필 또는 면제자
 </recrCommCont>
 <empSubmitDocCont>
  - 고교 및 전문대 졸업증명서/성적증명서, 고교 생활기록부, 국가기술자격증 원본 또는 증명서, 병적증명서, 취업보호대상 증명서 등 면접 시 제출
 </empSubmitDocCont>
 <empRcptMthdCont>
  - 채용 홈페이지 입사지원
 </empRcptMthdCont>
 <empAcptPsnAnncCont></empAcptPsnAnncCont>
 <inqryCont>
  - 채용홈페이지 참조
 </inqryCont>
 <empnEtcCont>
  - 전형일정 및 합격발표는 메일을 통하여 개별 안내해 드립니다. - 지원서의 기재내용 및 제출서류가 허위로 판명될 시, 선발을 취소할 수 있습니다.
 </empnEtcCont>
</dhsOpenEmpInfoDetailRoot>