<?xml version="1.0" encoding="UTF-8"?>
<dhsOpenEmpInfoDetailRoot>
 <empSeqno>
  37517
 </empSeqno>
 <empWantedTitle>
  2019년 상반기 대졸 신입사원 채용
 </empWantedTitle>
 <empBusiNm>
  이씨에스텔레콤
 </empBusiNm>
 <coClcdNm></coClcdNm>
 <empWantedStdt>
  20190318
 </empWantedStdt>
 <empWantedEndt>
  20190405
 </empWantedEndt>
 <empWantedHomepg>
  http://www.ecstel.co.kr
 </empWantedHomepg>
 <empWantedHomepgDetail>
  http://www.ecstel.co.kr/NEW/board/bbs/board.php?bo_table=career&amp;wr_id=26
 </empWantedHomepgDetail>
 <empWantedMobileUrl></empWantedMobileUrl>
 <regLogImgNm>
  http://www.work.go.kr/framework/filedownload/getImage.do?filePathName=ZGI9%2BubbEcHpFsdRT26HvOxBzZ31N28z8l5s5uuNuMDFvFfIDYfpeLKey%2B8QrwPp
 </regLogImgNm>
 <empWantedTypeNm>
  정규직
 </empWantedTypeNm>
 <empWatedJobsNm></empWatedJobsNm>
 <empWatedCont></empWatedCont>
 <attachFileList>
  <fileListInfo>
   <regFileUrl>
    http://www.work.go.kr/framework/filedownload/keisDownload.do?filePathName=ydWIN1A%2BKOBWJtl5zkQ5WwDuw9Hpn%2F5n9vcM7n4HKqqjRRFSditSSQvDKgMcnusnkaiTEOA03vJrUF6eUljbdfG%2FhtFsbUMDyL7hIU%2FWXRpnq064MYN6W5uz9ngl0ZxA&amp;realFileNm=RUNTX+uqqOynkeu2gOusuF/shLHrqoUuZG9jeA==
   </regFileUrl>
   <realFileNm>
    ECS_모집부문_성명.docx
   </realFileNm>
  </fileListInfo>
 </attachFileList>
 <empSelfintroList>
  <empSelsListInfo>
   <selfintroQstCont></selfintroQstCont>
  </empSelsListInfo>
 </empSelfintroList>
 <empSelsList>
  <empSelsListInfo>
   <selsNm>
    서류전형
   </selsNm>
   <selsSchdCont></selsSchdCont>
   <selsCont></selsCont>
   <selsMemoCont></selsMemoCont>
  </empSelsListInfo>
  <empSelsListInfo>
   <selsNm>
    1차 면접
   </selsNm>
   <selsSchdCont></selsSchdCont>
   <selsCont></selsCont>
   <selsMemoCont></selsMemoCont>
  </empSelsListInfo>
  <empSelsListInfo>
   <selsNm>
    2차 면접
   </selsNm>
   <selsSchdCont></selsSchdCont>
   <selsCont></selsCont>
   <selsMemoCont></selsMemoCont>
  </empSelsListInfo>
  <empSelsListInfo>
   <selsNm>
    대표이사면접
   </selsNm>
   <selsSchdCont></selsSchdCont>
   <selsCont></selsCont>
   <selsMemoCont></selsMemoCont>
  </empSelsListInfo>
  <empSelsListInfo>
   <selsNm>
    최종합격
   </selsNm>
   <selsSchdCont></selsSchdCont>
   <selsCont></selsCont>
   <selsMemoCont></selsMemoCont>
  </empSelsListInfo>
 </empSelsList>
 <empRecrList>
  <empRecrListInfo>
   <empRecrNm>
    기술영업
   </empRecrNm>
   <jobCont>
    [ 기술영업 ] 1) 신규 수요처 개발 및 솔루션 컨설팅 2) 기존 고객 관리 및 증설, Upgrade 영업
   </jobCont>
   <empWantedCareerNm>
    신입
   </empWantedCareerNm>
   <empWantedEduNm></empWantedEduNm>
   <sptCertEtc></sptCertEtc>
   <recrPsncnt>
    0
   </recrPsncnt>
   <empRecrMemoCont></empRecrMemoCont>
   <workRegionNm>
    서울
   </workRegionNm>
  </empRecrListInfo>
 </empRecrList>
 <empJobsList>
  <empJobsListInfo>
   <jobsCd>
    612106
   </jobsCd>
   <jobsCdKorNm>
    IT 기술영업원(전산장비,소프트웨어)
   </jobsCdKorNm>
  </empJobsListInfo>
 </empJobsList>
 <empnRecrSummaryCont></empnRecrSummaryCont>
 <recrCommCont>
  - 지원대상 : 대졸(예정)자 - 직급 : 사원
 </recrCommCont>
 <empSubmitDocCont></empSubmitDocCont>
 <empRcptMthdCont>
  - 홈페이지(www.ecstel.co.kr)에서 입사지원서를 다운로드 받아 온라인 지원
 </empRcptMthdCont>
 <empAcptPsnAnncCont></empAcptPsnAnncCont>
 <inqryCont>
  recruit＠ecstel.co.kr / 02- 3415 - 8326
 </inqryCont>
 <empnEtcCont>
  - 접수마감일은 접속량이 많아 지원이 원활하지 않을 수 있습니다. 작성이 완료된 경우 접수마감일 전 미리 제출을 권해 드립니다.
 </empnEtcCont>
</dhsOpenEmpInfoDetailRoot>