<?xml version="1.0" encoding="UTF-8"?>
<dhsOpenEmpInfoDetailRoot>
 <empSeqno>
  37695
 </empSeqno>
 <empWantedTitle>
  2019년 상반기 일반직 신입 모집
 </empWantedTitle>
 <empBusiNm>
  지에스칼텍스
 </empBusiNm>
 <coClcdNm>
  대기업
 </coClcdNm>
 <empWantedStdt>
  20190326
 </empWantedStdt>
 <empWantedEndt>
  20190409
 </empWantedEndt>
 <empWantedHomepg>
  http://www.gscaltex.com
 </empWantedHomepg>
 <empWantedHomepgDetail>
  http://www.gscaltex.com/employ/notice/notice_view.aspx?DM=0&amp;cp=1&amp;notice_no_recr=2019101
 </empWantedHomepgDetail>
 <empWantedMobileUrl></empWantedMobileUrl>
 <regLogImgNm>
  http://www.work.go.kr/framework/filedownload/getImage.do?filePathName=KuBCC2IodBkj%2Frlv8XuRiiUI73BW2bN9%2FqqfEB%2F4Y9cnw%2FbEbm4U2bYfY88Aqomb7suWeZYPwv8GKFqD7PXO%2Fg%3D%3D
 </regLogImgNm>
 <empWantedTypeNm>
  정규직
 </empWantedTypeNm>
 <empWatedJobsNm></empWatedJobsNm>
 <empWatedCont></empWatedCont>
 <empSelfintroList>
  <empSelsListInfo>
   <selfintroQstCont>
    1. 지원한 이유는 무엇입니까? (600byte)
   </selfintroQstCont>
  </empSelsListInfo>
  <empSelsListInfo>
   <selfintroQstCont>
    2. 남들과 차별화 되는 본인만의 특별함(능력/경험 등)은 무엇입니까? (600byte)
   </selfintroQstCont>
  </empSelsListInfo>
  <empSelsListInfo>
   <selfintroQstCont>
    3. 본인을 가장 잘 표현할 수 있는 단어와 그 이유를 서술하시오. (600byte)
   </selfintroQstCont>
  </empSelsListInfo>
 </empSelfintroList>
 <empSelsList>
  <empSelsListInfo>
   <selsNm>
    서류전형
   </selsNm>
   <selsSchdCont></selsSchdCont>
   <selsCont>
    서류전형 합격자 발표 : 4월 18일(목) 예정 (당사 홈페이지에서 확인)
   </selsCont>
   <selsMemoCont></selsMemoCont>
  </empSelsListInfo>
  <empSelsListInfo>
   <selsNm>
    집합테스트
   </selsNm>
   <selsSchdCont>
    4월 28일(일) / 잠신고등학교
   </selsSchdCont>
   <selsCont>
    : GSC Way 부합도, 직무능력검사, 한국사시험
   </selsCont>
   <selsMemoCont></selsMemoCont>
  </empSelsListInfo>
  <empSelsListInfo>
   <selsNm>
    1차면접
   </selsNm>
   <selsSchdCont>
    5월 중순
   </selsSchdCont>
   <selsCont></selsCont>
   <selsMemoCont></selsMemoCont>
  </empSelsListInfo>
  <empSelsListInfo>
   <selsNm>
    최종면접
   </selsNm>
   <selsSchdCont>
    6월 초순
   </selsSchdCont>
   <selsCont></selsCont>
   <selsMemoCont></selsMemoCont>
  </empSelsListInfo>
  <empSelsListInfo>
   <selsNm>
    최종입사
   </selsNm>
   <selsSchdCont>
    7월 초 예정
   </selsSchdCont>
   <selsCont></selsCont>
   <selsMemoCont></selsMemoCont>
  </empSelsListInfo>
  <empSelsListInfo>
   <selsNm>
    기타
   </selsNm>
   <selsSchdCont></selsSchdCont>
   <selsCont>
    * 합격자는 문자/이메일로 개별 통보 드립니다.
   </selsCont>
   <selsMemoCont></selsMemoCont>
  </empSelsListInfo>
 </empSelsList>
 <empRecrList>
  <empRecrListInfo>
   <empRecrNm>
    비즈니스
   </empRecrNm>
   <jobCont>
    - 케미칼 영업
   </jobCont>
   <empWantedCareerNm>
    신입
   </empWantedCareerNm>
   <empWantedEduNm></empWantedEduNm>
   <sptCertEtc></sptCertEtc>
   <recrPsncnt></recrPsncnt>
   <empRecrMemoCont></empRecrMemoCont>
   <workRegionNm></workRegionNm>
  </empRecrListInfo>
  <empRecrListInfo>
   <empRecrNm>
    비즈니스
   </empRecrNm>
   <jobCont>
    - 원유 및 제품 수출입, 국내/해외 영업
   </jobCont>
   <empWantedCareerNm>
    신입
   </empWantedCareerNm>
   <empWantedEduNm></empWantedEduNm>
   <sptCertEtc></sptCertEtc>
   <recrPsncnt></recrPsncnt>
   <empRecrMemoCont></empRecrMemoCont>
   <workRegionNm></workRegionNm>
  </empRecrListInfo>
  <empRecrListInfo>
   <empRecrNm>
    비즈니스
   </empRecrNm>
   <jobCont>
    - 윤활유 Supply Chain Management
   </jobCont>
   <empWantedCareerNm>
    신입
   </empWantedCareerNm>
   <empWantedEduNm></empWantedEduNm>
   <sptCertEtc></sptCertEtc>
   <recrPsncnt></recrPsncnt>
   <empRecrMemoCont></empRecrMemoCont>
   <workRegionNm></workRegionNm>
  </empRecrListInfo>
 </empRecrList>
 <empJobsList>
  <empJobsListInfo>
   <jobsCd>
    026102
   </jobsCd>
   <jobsCdKorNm>
    마케팅·광고·홍보·상품기획 사무원
   </jobsCdKorNm>
  </empJobsListInfo>
  <empJobsListInfo>
   <jobsCd>
    07
   </jobsCd>
   <jobsCdKorNm>
    영업·판매·운전·운송
   </jobsCdKorNm>
  </empJobsListInfo>
 </empJobsList>
 <empnRecrSummaryCont></empnRecrSummaryCont>
 <recrCommCont>
  [공통자격요건] 1. 기졸업자, ‘19년 8월 졸업예정자 (‘19년 7월 입사 가능자) 2. 병역필 또는 군 면제자 3. 해외여행에 결격사유가 없는 자 * 직군 간 중복 지원은 불가합니다(신입/인턴/경력) * 보훈/장애인은 관련 법률에 의거하여 우대합니다. [근무형태] - 일반직 [채용(모집)인원] - 00명 [근무지] - 본사 ※각 분야별 자격요건은 &amp;quot;분야 및 직무내용&amp;quot;(채용홈페이지 참조)을 반드시 확인하시기 바랍니다.
 </recrCommCont>
 <empSubmitDocCont>
  (※ 1차 면접 시 제출) 가. 졸업/성적 증명서 원본 각 1부(대학원 졸업자의 경우 대학원 포함) 나. 각종 외국어 성적표 사본, 자격증 사본 등(해당 시)
 </empSubmitDocCont>
 <empRcptMthdCont>
  - 채용홈페이지 공고 內 입사지원서 작성 click 1. 지원서 작성 후 반드시 "지원서 제출" 을 하셔야 정상적으로 접수됩니다 ※ 지원서 제출 후에는 수정이 절대 불가하오니, 주의하시기 바랍니다.
 </empRcptMthdCont>
 <empAcptPsnAnncCont></empAcptPsnAnncCont>
 <inqryCont>
  - 문의처 : 카카오톡 플러스친
 </inqryCont>
</dhsOpenEmpInfoDetailRoot>