<?xml version="1.0" encoding="UTF-8"?>
<dhsOpenEmpInfoDetailRoot>
 <empSeqno>
  37719
 </empSeqno>
 <empWantedTitle>
  2019년도 상반기 신입직원(대졸수준) 채용 공고
 </empWantedTitle>
 <empBusiNm>
  한국중부발전
 </empBusiNm>
 <coClcdNm>
  공기업
 </coClcdNm>
 <empWantedStdt>
  20190328
 </empWantedStdt>
 <empWantedEndt>
  20190412
 </empWantedEndt>
 <empWantedHomepg>
  http://www.komipo.co.kr
 </empWantedHomepg>
 <empWantedHomepgDetail>
  https://komipo.saramin.co.kr/service/komipo/1320/applicant/apply/recruit_default.asp
 </empWantedHomepgDetail>
 <empWantedMobileUrl></empWantedMobileUrl>
 <regLogImgNm>
  http://www.work.go.kr/framework/filedownload/getImage.do?filePathName=KuBCC2IodBkj%2Frlv8XuRigvCIkR%2FvcVtW2P5Z7g%2FuLedr8wbjVtwYcTlszTKjH4b7suWeZYPwv8GKFqD7PXO%2Fg%3D%3D
 </regLogImgNm>
 <empWantedTypeNm>
  정규직
 </empWantedTypeNm>
 <empWatedJobsNm></empWatedJobsNm>
 <empWatedCont></empWatedCont>
 <empSelfintroList>
  <empSelsListInfo>
   <selfintroQstCont></selfintroQstCont>
  </empSelsListInfo>
 </empSelfintroList>
 <empSelsList>
  <empSelsListInfo>
   <selsNm>
    지원서 접수
   </selsNm>
   <selsSchdCont></selsSchdCont>
   <selsCont></selsCont>
   <selsMemoCont></selsMemoCont>
  </empSelsListInfo>
  <empSelsListInfo>
   <selsNm>
    직무적합도 평가(1차 전형)
   </selsNm>
   <selsSchdCont>
    ‘19.04.15(월) ~04.16(화)
   </selsSchdCont>
   <selsCont>
    합격자 발표 &amp;apos;19.04.22(월)
   </selsCont>
   <selsMemoCont></selsMemoCont>
  </empSelsListInfo>
  <empSelsListInfo>
   <selsNm>
    직무능력 평가(2차 전형)
   </selsNm>
   <selsSchdCont>
    19.04.27(토)
   </selsSchdCont>
   <selsCont>
    합격자 발표 &amp;apos;19.05.08(수)
   </selsCont>
   <selsMemoCont></selsMemoCont>
  </empSelsListInfo>
  <empSelsListInfo>
   <selsNm>
    심층면접(3차 전형)
   </selsNm>
   <selsSchdCont>
    1차 면접(실무진) 19.05.14(화) ~05.17(금)/합격자 발표 19.05.22(수)
   </selsSchdCont>
   <selsCont>
    2차 면접(경영진) &amp;apos;19.05.28(화)~05.30(목) / 합격자 발표 &amp;apos;19.06.03(월)
   </selsCont>
   <selsMemoCont></selsMemoCont>
  </empSelsListInfo>
  <empSelsListInfo>
   <selsNm>
    신원조회/신체검사
   </selsNm>
   <selsSchdCont>
    19.06.05(수)
   </selsSchdCont>
   <selsCont>
    최종합격자 발표 &amp;apos;19.06.18(화)
   </selsCont>
   <selsMemoCont></selsMemoCont>
  </empSelsListInfo>
  <empSelsListInfo>
   <selsNm>
    ※기타
   </selsNm>
   <selsSchdCont></selsSchdCont>
   <selsCont>
    전형&amp;apos;방법&amp;apos;에 대한 내용은 공고문 참조. 각 전형별 합격자에 한하여 다음 전형단계 응시 가능. 상기 일정은 변경 가능하며, 전형단계별 합격자 발표 시 공지하는 확정일정 확인 요망. 그 외 자세한 사항은 공고문 참조.
   </selsCont>
   <selsMemoCont></selsMemoCont>
  </empSelsListInfo>
 </empSelsList>
 <empRecrList>
  <empRecrListInfo>
   <empRecrNm>
    발전기계
   </empRecrNm>
   <jobCont>
    - 공개채용 : 11명 - 제한채용(보훈) : 2명 - 제한채용(장애) : 8명 ※ 국가직무능력표준(NCS) 기반 채용직무 설명자료 : 채용 홈페이지 참조
   </jobCont>
   <empWantedCareerNm>
    신입
   </empWantedCareerNm>
   <empWantedEduNm></empWantedEduNm>
   <sptCertEtc></sptCertEtc>
   <recrPsncnt>
    21
   </recrPsncnt>
   <empRecrMemoCont></empRecrMemoCont>
   <workRegionNm>
    서울,세종,인천,제주,충남 보령시,충남 서천군
   </workRegionNm>
  </empRecrListInfo>
  <empRecrListInfo>
   <empRecrNm>
    발전전기
   </empRecrNm>
   <jobCont>
    - 공개채용 : 11명 - 제한채용(보훈) : 2명 - 제한채용(장애) : 8명 ※ 국가직무능력표준(NCS) 기반 채용직무 설명자료 : 채용 홈페이지 참조
   </jobCont>
   <empWantedCareerNm>
    신입
   </empWantedCareerNm>
   <empWantedEduNm></empWantedEduNm>
   <sptCertEtc></sptCertEtc>
   <recrPsncnt>
    21
   </recrPsncnt>
   <empRecrMemoCont></empRecrMemoCont>
   <workRegionNm>
    서울,세종,인천,제주,충남 보령시,충남 서천군
   </workRegionNm>
  </empRecrListInfo>
  <empRecrListInfo>
   <empRecrNm>
    발전화학
   </empRecrNm>
   <jobCont>
    - 공개채용 : 4명 - 제한채용(보훈) : 1명 - 제한채용(장애) : 3명 ※ 국가직무능력표준(NCS) 기반 채용직무 설명자료 : 채용 홈페이지 참조
   </jobCont>
   <empWantedCareerNm>
    신입
   </empWantedCareerNm>
   <empWantedEduNm></empWantedEduNm>
   <sptCertEtc></sptCertEtc>
   <recrPsncnt>
    8
   </recrPsncnt>
   <empRecrMemoCont></empRecrMemoCont>
   <workRegionNm>
    서울,세종,인천,제주,충남 보령시,충남 서천군
   </workRegionNm>
  </empRecrListInfo>
 </empRecrList>
 <empJobsList>
  <empJobsListInfo>
   <jobsCd>
    029
   </jobsCd>
   <jobsCdKorNm>
    전기·전자 연구 및 공학기술
   </jobsCdKorNm>
  </empJobsListInfo>
  <empJobsListInfo>
   <jobsCd>
    153103
   </jobsCd>
   <jobsCdKorNm>
    발전설비 기술자
   </jobsCdKorNm>
  </empJobsListInfo>
 </empJobsList>
 <empnRecrSummaryCont></empnRecrSummaryCont>
 <recrCommCont>
  [채용수준] □ 실제 학력에 관계없이 대졸 수준 [4(을)직급 1등급] 정규직 입사 □ 정규직 채용 예정일 : ’19.06.28 (※ 당사 사정에 따라 변경될 수 있음) [지원자격] - 학력, 전공, 연령, 자격증, 외국어 제한 없음 □ 기본자격 - 병역 : ㆍ군필 또는 면제자 ㆍ현역은 최종합격자 발표일(‘19.06.18) 이전 전역 가능한 자 - 기 타 : ㆍ당사 인사관리규정 제10조의 결격사유가 없는 자 ㆍ&amp;apos;19. 6월부터 당사 근무 가능한 자 □ 제한채용분야 지원자격 ○ 기본 자격조건을 만족하는 자로서 다음에 해당하는 자 ㆍ장애인 :「장애인고용촉진 및 직업재활법」에 의거, 등록된 장애인 ㆍ보훈 :「국가유공자 등 예우 및 지원에 관한 법률」에 의거, 등록된 취업지원(보훈)대상자 ※ 공개채용에도 응시할 수 있으며, 공개채용에 응시하는 경우에도 장애인은 10%, 보훈대상자는 보훈등급에 따라 5~10% 가점부여 (단, 공개채용과 제한채용에 동시지원 불가) ○ 입사지원서 작성 시 본인의 가점적용 비율과 보훈번호 또는 장애인 등록번호를 반드시 입력하여야 하며, 누락 시 가점 적용 및 지원자격 검토에서 제외함 ※ &amp;apos;채용 시 우대제도&amp;apos;에 대한 내용은 공고문 참조 바랍니다. ※ &amp;apos;본사 이전지역(충남) 지역인재 채용목표제 시행&amp;apos;에 대한 내용은 공고문 참조 바랍니다. ※ 당사의 인사운영 계획에 따라 본인이 희망하는 근무지역과 관계없이 배치될 수 있음
 </recrCommCont>
 <empSubmitDocCont>
  □ 면접대상자 제출서류(해당자에 한함) ○「국가유공자 등 예우 및 지원에 관한 법률」에 의한 취업지원 대상 증명서 ○「장애인고용촉진 및 직업재활법」에 의한 장애인 등록증 사본 1부 ○ 전문자격증(변호사, 변리사, 공인회계사, 공인세무사, 공인노무사) 사본 1부 ○ 국가기술자격(면허)증 원본 및 사본 각 1부 ○ 병적증명서(또는 주민등록 초본) 1부 - 병역을 필한 남자에 한하며, 주민등록 초본 제출 시 병역 복무형태 및 군복무 기간 기재 필수 ○ 「발전소주변지역 지원에 관한 법률」에 의한 주민 증명서 - 증명서 발급 : 보령발전본부 및 서천건설본부 인사담당부서 (보령발전본부 ☎070-7511-2114, 서천건설본부 ☎070-7511-6114) ○ 본사 이전지역(충남) 소재 대학 또는 고교 졸업(예정)증명서 - 대학원은 해당 없음 / 대전 및 세종지역 소재 학교 제외 ○ '16~'17년도 당사 채용형 인턴십 수료증 사본 ○ 신원조회서류(1차 면접 합격자 발표 시 작성서식 배부, 2차 면접 시 제출) ○ 제출방법 : 면접 당일 지참 제출(미제출 시 불합격 처리) ※ 입사지원 시 해당사항 입력 후 증빙서류를 미제출하는 경우, 불합격 처리 및 향후 5년간 당사 입사지원 제한 ※ 제출서류의 발행일은 채용공고일(‘19. 03. 27) 이후 발급분만 인정
 </empSubmitDocCont>
 <empRcptMthdCont>
  - 인터넷으로만 접수 가능
 </empRcptMthdCont>
 <empAcptPsnAnncCont></empAcptPsnAnncCont>
 <inqryCont>
  - 기타 채용 안내나 문의는 당사 홈페이지(http://www.komipo.co.kr)를 참고하거나 인재개발실(☎070-7511-1212, 1217)로 문의
 </inqryCont>
 <empnEtcCont>
  - 2019년도 상반기 신입직원(대졸수준) 채용은 국가직무능력표(NCS)을 기반으로 한 직무능력중심 채용 및 공정한 채용을 위한 블라인드 채용으로 진행됩니다. - 부정청탁금지법을 적용받는 기관으로서 부정한 채용청탁을 금합니다. 청탁금지법 준수에 동참하여 주시기 바랍니다. [블라인드 채용 안내] □ 입사지원서에 사진등록란, 생년, 성별, 학교명, 학점, 주소 기입란 없음 □ e-mail 기재시 학교명, 특정 단체명이 드러나는 메일 주소 기재 금지 □ 자기소개서에 학교명, 가족사항 등 불필요한 개인 인적사항 일체 기재 금지 □ 구직비용 절감 및 지원자 우선의 편안한 분위기 조성을 위해 자율복장(평상복) 면접 시행 / 면접관도 평상복 착용 예정 ※ 평상복 : 면바지, 청바지, 남방, 티셔츠, 운동화, 단화 등 단정한 복장 / 정장 불가 □ 결격사유 : 당사 인사관리규정 제10조(신규채용자의 결격사유) * 결격사유에 관한 내용은 공고문 확인 바랍니다. - 「채용절차의 공정화에 관한 법률 시행령」 제3조에 따라 지원자는 채용전형 불합격 통보를 받은 날로부터 180일 이내에 서류 반환 청구를 할 수 있으며 채용서류의 반환을 요청하면 당사에서는 청구일로부터 14일 이내에 반환요구 서류를 발송하고 있음. 채용서류 반환을 원하는 경우, jdy1020@komipo.co.kr 으로 아래의 내용 접수 요망 &lt;작성 필수사항&gt; ㆍ청구인(지원자) 성명 및 수험번호 / ㆍ청구인(지원자) e-mail ID ㆍ반환장소(주소) / · 반환요구서류(상세기재) ※ 「채용절차의 공정화에 관한 법률 시행령」 제4조에 따라 반환요구 서류는 등기우편으로 발송
 </empnEtcCont>
</dhsOpenEmpInfoDetailRoot>