<?xml version="1.0" encoding="UTF-8"?>
<dhsOpenEmpInfoDetailRoot>
 <empSeqno>
  37095
 </empSeqno>
 <empWantedTitle>
  [카트] 카트라이더 리마스터 카트 원화가 채용
 </empWantedTitle>
 <empBusiNm>
  넥슨코리아
 </empBusiNm>
 <coClcdNm>
  중견기업
 </coClcdNm>
 <empWantedStdt>
  20190308
 </empWantedStdt>
 <empWantedEndt>
  20190508
 </empWantedEndt>
 <empWantedHomepg>
  http://www.nexon.co.kr
 </empWantedHomepg>
 <empWantedHomepgDetail>
  https://career.nexon.com/user/recruit/notice/noticeView?joinCorp=NX&amp;reNo=20190047
 </empWantedHomepgDetail>
 <empWantedMobileUrl></empWantedMobileUrl>
 <regLogImgNm>
  http://www.work.go.kr/framework/filedownload/getImage.do?filePathName=ZGI9%2BubbEcHpFsdRT26HvCtLkPmEbdw265dhQOvJqzN8CkDzwJCcaV3ydXwPdcwh
 </regLogImgNm>
 <empWantedTypeNm>
  정규직
 </empWantedTypeNm>
 <empWatedJobsNm></empWatedJobsNm>
 <empWatedCont></empWatedCont>
 <empSelfintroList>
  <empSelsListInfo>
   <selfintroQstCont></selfintroQstCont>
  </empSelsListInfo>
 </empSelfintroList>
 <empSelsList>
  <empSelsListInfo>
   <selsNm>
    서류심사
   </selsNm>
   <selsSchdCont></selsSchdCont>
   <selsCont>
    서류 심사 통과자에 한해 개별적으로 일정을 알려 드립니다. / 서류 접수 이후 4주 이내로 결과를 알려 드립니다.
   </selsCont>
   <selsMemoCont></selsMemoCont>
  </empSelsListInfo>
  <empSelsListInfo>
   <selsNm>
    과제심사
   </selsNm>
   <selsSchdCont></selsSchdCont>
   <selsCont></selsCont>
   <selsMemoCont></selsMemoCont>
  </empSelsListInfo>
  <empSelsListInfo>
   <selsNm>
    면접
   </selsNm>
   <selsSchdCont></selsSchdCont>
   <selsCont></selsCont>
   <selsMemoCont></selsMemoCont>
  </empSelsListInfo>
  <empSelsListInfo>
   <selsNm>
    최종합격
   </selsNm>
   <selsSchdCont></selsSchdCont>
   <selsCont></selsCont>
   <selsMemoCont></selsMemoCont>
  </empSelsListInfo>
 </empSelsList>
 <empRecrList>
  <empRecrListInfo>
   <empRecrNm>
    카트라이더 리마스터 카트 원화가
   </empRecrNm>
   <jobCont>
    - 카트바디 컨셉 원화 및 일러스트 작업
   </jobCont>
   <empWantedCareerNm>
    경력|신입
   </empWantedCareerNm>
   <empWantedEduNm></empWantedEduNm>
   <sptCertEtc>
    - 캐쥬얼 게임에 대한 관심과 이해도가 높으신 분 - 디자인 재해석 능력을 가지신 분 - 3D 제작용 원화 작업 경험이 있으신 분
   </sptCertEtc>
   <recrPsncnt></recrPsncnt>
   <empRecrMemoCont></empRecrMemoCont>
   <workRegionNm></workRegionNm>
  </empRecrListInfo>
 </empRecrList>
 <empJobsList>
  <empJobsListInfo>
   <jobsCd>
    415502
   </jobsCd>
   <jobsCdKorNm>
    게임 디자이너
   </jobsCdKorNm>
  </empJobsListInfo>
 </empJobsList>
 <empnRecrSummaryCont></empnRecrSummaryCont>
 <recrCommCont>
  - 직군/직렬/직무 : 게임아트 / 2D 게임아트 / 컨셉 아티스트/일러스트레이터 - 근무형태 : 일반직_수습
 </recrCommCont>
 <empSubmitDocCont></empSubmitDocCont>
 <empRcptMthdCont>
  - 채용 홈페이지를 통해 접수 ※ 모집기간 : ~ 채용시
 </empRcptMthdCont>
 <empAcptPsnAnncCont></empAcptPsnAnncCont>
 <inqryCont>
  - 채용 홈페이지 채용문의 참조
 </inqryCont>
 <empnEtcCont>
  - 국가보훈대상자는 관련법규에 의거, 우대합니다. - 회사 소개는 http://company.nexon.com를 참조 부탁 드립니다.
 </empnEtcCont>
</dhsOpenEmpInfoDetailRoot>