<?xml version="1.0" encoding="UTF-8"?>
<dhsOpenEmpInfoDetailRoot>
 <empSeqno>
  37599
 </empSeqno>
 <empWantedTitle>
  효성기술원 경력 연구원 채용
 </empWantedTitle>
 <empBusiNm>
  효성
 </empBusiNm>
 <coClcdNm>
  대기업
 </coClcdNm>
 <empWantedStdt>
  20190319
 </empWantedStdt>
 <empWantedEndt>
  20190402
 </empWantedEndt>
 <empWantedHomepg>
  http://www.hyosung.co.kr
 </empWantedHomepg>
 <empWantedHomepgDetail>
  http://recruit.hyosung.com/employ/announce/EMEA301Q.jsp
 </empWantedHomepgDetail>
 <empWantedMobileUrl></empWantedMobileUrl>
 <regLogImgNm>
  http://www.work.go.kr/framework/filedownload/getImage.do?filePathName=KuBCC2IodBkj%2Frlv8XuRihBSGWPyJEvD%2Bbibk1Wa4RkUFrE1C47B5hig4EezlIR87suWeZYPwv8GKFqD7PXO%2Fg%3D%3D
 </regLogImgNm>
 <empWantedTypeNm>
  정규직
 </empWantedTypeNm>
 <empWatedJobsNm></empWatedJobsNm>
 <empWatedCont></empWatedCont>
 <empSelfintroList>
  <empSelsListInfo>
   <selfintroQstCont></selfintroQstCont>
  </empSelsListInfo>
 </empSelfintroList>
 <empSelsList>
  <empSelsListInfo>
   <selsNm>
    서류전형
   </selsNm>
   <selsSchdCont></selsSchdCont>
   <selsCont>
    합격 여부 확인 : 채용사이트의 ’전형결과조회’ 페이지에서 조회 및 개별 연락
   </selsCont>
   <selsMemoCont></selsMemoCont>
  </empSelsListInfo>
  <empSelsListInfo>
   <selsNm>
    인적성검사
   </selsNm>
   <selsSchdCont></selsSchdCont>
   <selsCont></selsCont>
   <selsMemoCont></selsMemoCont>
  </empSelsListInfo>
  <empSelsListInfo>
   <selsNm>
    면접전형
   </selsNm>
   <selsSchdCont></selsSchdCont>
   <selsCont></selsCont>
   <selsMemoCont></selsMemoCont>
  </empSelsListInfo>
  <empSelsListInfo>
   <selsNm>
    신체검사
   </selsNm>
   <selsSchdCont></selsSchdCont>
   <selsCont></selsCont>
   <selsMemoCont></selsMemoCont>
  </empSelsListInfo>
  <empSelsListInfo>
   <selsNm>
    최종합격
   </selsNm>
   <selsSchdCont></selsSchdCont>
   <selsCont></selsCont>
   <selsMemoCont></selsMemoCont>
  </empSelsListInfo>
 </empSelsList>
 <empRecrList>
  <empRecrListInfo>
   <empRecrNm>
    PP제품 연구개발
   </empRecrNm>
   <jobCont>
    - 경력: 총 경력 6년 이상 - 고분자/화학/화학공학 등 유관학과 석사 학위 이상 ※ 우대사항 - Polyolefin 제품 연구경력 3년이상 - 섬유 or 필름용 제품 및 후가공 전문 지식,경험 보유자 - 영어 or 중국어 회화 가능자
   </jobCont>
   <empWantedCareerNm>
    경력
   </empWantedCareerNm>
   <empWantedEduNm>
    석사|박사
   </empWantedEduNm>
   <sptCertEtc></sptCertEtc>
   <recrPsncnt></recrPsncnt>
   <empRecrMemoCont></empRecrMemoCont>
   <workRegionNm>
    경기 안양시
   </workRegionNm>
  </empRecrListInfo>
 </empRecrList>
 <empJobsList>
  <empJobsListInfo>
   <jobsCd>
    154100
   </jobsCd>
   <jobsCdKorNm>
    화학공학 기술자 및 연구원
   </jobsCdKorNm>
  </empJobsListInfo>
 </empJobsList>
 <empnRecrSummaryCont></empnRecrSummaryCont>
 <recrCommCont></recrCommCont>
 <empSubmitDocCont></empSubmitDocCont>
 <empRcptMthdCont>
  - 채용사이트 (http://recruit.hyosung.com)를 통한 온라인 접수
 </empRcptMthdCont>
 <empAcptPsnAnncCont></empAcptPsnAnncCont>
 <inqryCont>
  1) 연락처 : 효성기술원 기획관리팀 채용담당자 (☎ 031-428-1314) 2) 이메일 : youmi03@hyosung.com
 </inqryCont>
 <empnEtcCont>
  1) 국가 보훈대상자는 관계법에 의거 우대함 2) 입사지원서 기재 내용이 허위로 판명될 경우 입사 취소함
 </empnEtcCont>
</dhsOpenEmpInfoDetailRoot>