<?xml version="1.0" encoding="UTF-8"?>
<dhsOpenEmpInfoDetailRoot>
 <empSeqno>
  37714
 </empSeqno>
 <empWantedTitle>
  [용인]합성연구2팀
 </empWantedTitle>
 <empBusiNm>
  일양약품
 </empBusiNm>
 <coClcdNm>
  중견기업
 </coClcdNm>
 <empWantedStdt>
  20190327
 </empWantedStdt>
 <empWantedEndt>
  20190420
 </empWantedEndt>
 <empWantedHomepg>
  https://www.ilyang.co.kr
 </empWantedHomepg>
 <empWantedHomepgDetail>
  http://www.ilyang.co.kr/recruit/Recruit_02_02_R.asp?BBS_Page=1&amp;Seq_No=890
 </empWantedHomepgDetail>
 <empWantedMobileUrl></empWantedMobileUrl>
 <regLogImgNm>
  http://www.work.go.kr/framework/filedownload/getImage.do?filePathName=KuBCC2IodBkj%2Frlv8XuRimTSjRFLnub3wFSGd1zFeQwvx3igFiOYwQH0FfVb1QlE7suWeZYPwv8GKFqD7PXO%2Fg%3D%3D
 </regLogImgNm>
 <empWantedTypeNm>
  정규직|정규직전환형|기간제|기타
 </empWantedTypeNm>
 <empWatedJobsNm></empWatedJobsNm>
 <empWatedCont></empWatedCont>
 <empSelfintroList>
  <empSelsListInfo>
   <selfintroQstCont></selfintroQstCont>
  </empSelsListInfo>
 </empSelfintroList>
 <empSelsList>
  <empSelsListInfo>
   <selsNm>
    서류전형
   </selsNm>
   <selsSchdCont></selsSchdCont>
   <selsCont>
    서류전형 합격자 발표: 2019. 04/22(월)~ 04/24(수)
   </selsCont>
   <selsMemoCont></selsMemoCont>
  </empSelsListInfo>
  <empSelsListInfo>
   <selsNm>
    1차(실무진), 2차(임원) 면접시험 고시
   </selsNm>
   <selsSchdCont></selsSchdCont>
   <selsCont>
    합격자에 한해 개별 연락
   </selsCont>
   <selsMemoCont></selsMemoCont>
  </empSelsListInfo>
  <empSelsListInfo>
   <selsNm>
    최종합격자 발표
   </selsNm>
   <selsSchdCont></selsSchdCont>
   <selsCont>
    최종면접 후 개별 연락
   </selsCont>
   <selsMemoCont></selsMemoCont>
  </empSelsListInfo>
 </empSelsList>
 <empRecrList>
  <empRecrListInfo>
   <empRecrNm>
    연구소 합성연구2팀
   </empRecrNm>
   <jobCont>
    - 신약 관련 합성연구 업무
   </jobCont>
   <empWantedCareerNm>
    경력|신입
   </empWantedCareerNm>
   <empWantedEduNm>
    석사|박사
   </empWantedEduNm>
   <sptCertEtc></sptCertEtc>
   <recrPsncnt>
    0
   </recrPsncnt>
   <empRecrMemoCont></empRecrMemoCont>
   <workRegionNm>
    경기 용인시
   </workRegionNm>
  </empRecrListInfo>
 </empRecrList>
 <empJobsList>
  <empJobsListInfo>
   <jobsCd>
    154105
   </jobsCd>
   <jobsCdKorNm>
    의약품, 농약, 비료 등 기타 석유화학 기술자 및 연구원
   </jobsCdKorNm>
  </empJobsListInfo>
 </empJobsList>
 <empnRecrSummaryCont></empnRecrSummaryCont>
 <recrCommCont>
  - 신입의 경우 3개월 인턴 후 정규직 전환
 </recrCommCont>
 <empSubmitDocCont>
  * 이력서, 자기소개서, 성적증명서, 학위증명서, 논문제목(이력서에 기재)
 </empSubmitDocCont>
 <empRcptMthdCont>
  - 채용페이지(http://www.ilyang.co.kr/recruit/) 회원가입 후 해당공고 입사지원 &lt;* 우편 및 이메일, 채용사이트를 통한 접수는 받지 않습니다.&gt;
 </empRcptMthdCont>
 <empAcptPsnAnncCont></empAcptPsnAnncCont>
 <inqryCont>
  - 연 구 지 원 팀 : 070-7165-7302~3 / hiseo@ilyang.co.kr - 총 무 팀 : 02-570-3748 / hnkim1@ilyang.co.kr
 </inqryCont>
 <empnEtcCont>
  - 수시채용인 관계로 합격통보는 합격자에 한해 개별적으로 연락 드리는 점 양해 바랍니다. - 모집 기간이 중복되는 공고에 대하여 중복지원을 받지 않으니, 이점 유의하시어 입사지원 하시기 바랍니다.
 </empnEtcCont>
</dhsOpenEmpInfoDetailRoot>