<?xml version="1.0" encoding="UTF-8"?>
<dhsOpenEmpInfoDetailRoot>
 <empSeqno>
  37724
 </empSeqno>
 <empWantedTitle>
  보도기자, 시사보도제작PD, 디지털콘텐츠제작PD 공개채용
 </empWantedTitle>
 <empBusiNm>
  국제방송교류재단
 </empBusiNm>
 <coClcdNm>
  공기업
 </coClcdNm>
 <empWantedStdt>
  20190328
 </empWantedStdt>
 <empWantedEndt>
  20190411
 </empWantedEndt>
 <empWantedHomepg>
  http://www.arirang.com
 </empWantedHomepg>
 <empWantedHomepgDetail>
  https://arirang.recruiter.co.kr/app/jobnotice/list
 </empWantedHomepgDetail>
 <empWantedMobileUrl></empWantedMobileUrl>
 <regLogImgNm>
  http://www.work.go.kr/framework/filedownload/getImage.do?filePathName=KuBCC2IodBkj%2Frlv8XuRio7tN8%2FfS0w1%2BizSZ9MRlvLetG%2BWxiclnlUUbiUxQaq37suWeZYPwv8GKFqD7PXO%2Fg%3D%3D
 </regLogImgNm>
 <empWantedTypeNm>
  정규직
 </empWantedTypeNm>
 <empWatedJobsNm></empWatedJobsNm>
 <empWatedCont></empWatedCont>
 <attachFileList>
  <fileListInfo>
   <regFileUrl>
    http://www.work.go.kr/framework/filedownload/keisDownload.do?filePathName=ydWIN1A%2BKOBWJtl5zkQ5WwDuw9Hpn%2F5n9vcM7n4HKqrk%2FTREZM0z9FcYAmMFWb9mEqaKhVPQFozAFnXm8TmVSF7wgq%2FvQ84xQsO1%2FvdO%2F%2Bu6FvNdRITlyEe7%2BTpu9lUT&amp;realFileNm=RGVza3RvcC56aXA=
   </regFileUrl>
   <realFileNm>
    Desktop.zip
   </realFileNm>
  </fileListInfo>
 </attachFileList>
 <empSelfintroList>
  <empSelsListInfo>
   <selfintroQstCont></selfintroQstCont>
  </empSelsListInfo>
 </empSelfintroList>
 <empSelsList>
  <empSelsListInfo>
   <selsNm>
    서류심사
   </selsNm>
   <selsSchdCont></selsSchdCont>
   <selsCont>
    서류심사 발표: ’19.04.18(목),18:00
   </selsCont>
   <selsMemoCont></selsMemoCont>
  </empSelsListInfo>
  <empSelsListInfo>
   <selsNm>
    필기시험
   </selsNm>
   <selsSchdCont></selsSchdCont>
   <selsCont>
    *기자: ‘19.04.25(목) / *PD: ‘19.04.23(화)
   </selsCont>
   <selsMemoCont></selsMemoCont>
  </empSelsListInfo>
  <empSelsListInfo>
   <selsNm>
    실무면접
   </selsNm>
   <selsSchdCont></selsSchdCont>
   <selsCont>
    ‘19.04.25(목) / ‘19.05.02(목)
   </selsCont>
   <selsMemoCont></selsMemoCont>
  </empSelsListInfo>
  <empSelsListInfo>
   <selsNm>
    직무기반 인성검사(온라인)
   </selsNm>
   <selsSchdCont></selsSchdCont>
   <selsCont>
    *기자: ’19.05.07(화) / *PD : ‘19.05.09(목)
   </selsCont>
   <selsMemoCont></selsMemoCont>
  </empSelsListInfo>
  <empSelsListInfo>
   <selsNm>
    종합면접(최종)
   </selsNm>
   <selsSchdCont></selsSchdCont>
   <selsCont>
    *기자: ’19.05.10(금) / *PD: ‘19.05.13(월) , 최종합격자 발표: ’19.05.15(수),18:00 , 임용일: ’19.05.27(월)
   </selsCont>
   <selsMemoCont></selsMemoCont>
  </empSelsListInfo>
  <empSelsListInfo>
   <selsNm>
    기타
   </selsNm>
   <selsSchdCont></selsSchdCont>
   <selsCont>
    ※ 하기 일정은 채용 진행 사정에 따라 변경될 수 있으며, 홈페이지를 통해 사전 공지합니다. / ※ 전형별 합격자에 한하여 전형 일정 등 별도 통보
   </selsCont>
   <selsMemoCont></selsMemoCont>
  </empSelsListInfo>
 </empSelsList>
 <empRecrList>
  <empRecrListInfo>
   <empRecrNm>
    보도기자(영어 뉴스 취재 및 보도)
   </empRecrNm>
   <jobCont>
    ※ 이중 지원 불가 ▪ 학력, 연령, 성별 제한 없음 ▪ 직무기술서 상의 능력을 보유한 자 - 영어 및 한국어 구사가 모국어 수준인 자 ▪ 국제방송에 대한 열정과 도전정신을 소유한 자
   </jobCont>
   <empWantedCareerNm>
    신입
   </empWantedCareerNm>
   <empWantedEduNm>
    학력무관
   </empWantedEduNm>
   <sptCertEtc></sptCertEtc>
   <recrPsncnt>
    5
   </recrPsncnt>
   <empRecrMemoCont></empRecrMemoCont>
   <workRegionNm>
    서울 서초구
   </workRegionNm>
  </empRecrListInfo>
  <empRecrListInfo>
   <empRecrNm>
    시사보도제작PD(시사보도프로그램 기획 및 제작)
   </empRecrNm>
   <jobCont>
    ※ 이중 지원 불가 ▪ 학력, 연령, 성별 제한 없음 ▪ 직무기술서 상의 능력을 보유한 자 ▪ 국제방송에 대한 열정과 도전정신을 소유한 자
   </jobCont>
   <empWantedCareerNm>
    신입
   </empWantedCareerNm>
   <empWantedEduNm>
    학력무관
   </empWantedEduNm>
   <sptCertEtc></sptCertEtc>
   <recrPsncnt>
    1
   </recrPsncnt>
   <empRecrMemoCont></empRecrMemoCont>
   <workRegionNm>
    서울 서초구
   </workRegionNm>
  </empRecrListInfo>
  <empRecrListInfo>
   <empRecrNm>
    디지털콘텐츠제작PD(웹 콘텐츠 기획 및 제작)
   </empRecrNm>
   <jobCont>
    ※ 이중 지원 불가 ▪ 학력, 연령, 성별 제한 없음 ▪ 직무기술서 상의 능력을 보유한 자 ▪ 국제방송에 대한 열정과 도전정신을 소유한 자
   </jobCont>
   <empWantedCareerNm>
    신입
   </empWantedCareerNm>
   <empWantedEduNm>
    학력무관
   </empWantedEduNm>
   <sptCertEtc></sptCertEtc>
   <recrPsncnt>
    1
   </recrPsncnt>
   <empRecrMemoCont></empRecrMemoCont>
   <workRegionNm>
    서울 서초구
   </workRegionNm>
  </empRecrListInfo>
 </empRecrList>
 <empJobsList>
  <empJobsListInfo>
   <jobsCd>
    412001
   </jobsCd>
   <jobsCdKorNm>
    신문·방송 기자
   </jobsCdKorNm>
  </empJobsListInfo>
  <empJobsListInfo>
   <jobsCd>
    415500
   </jobsCd>
   <jobsCdKorNm>
    미디어 콘텐츠 디자이너
   </jobsCdKorNm>
  </empJobsListInfo>
  <empJobsListInfo>
   <jobsCd>
    416100
   </jobsCd>
   <jobsCdKorNm>
    감독 및 기술감독
   </jobsCdKorNm>
  </empJobsListInfo>
 </empJobsList>
 <empnRecrSummaryCont></empnRecrSummaryCont>
 <recrCommCont>
  [근무조건] ◦ 직종 : 정규직(신입의 경우, 3개월의 수습기간을 둠) ◦ 보수 : 재단 내부규정에 따름 ◦ 근무지 : 서울시 서초구 남부순환로 2351(서초동) 아리랑국제방송 [결격사항] ▪ 국제방송교류재단 인사규정 제 8조에 해당되는 자 ▪ 국부패방지 및 국민권익위원회의 설치와 운영에 관한 법률 제82조(비위면직자등의 취업제한)에 해당되는 자 ▪ 입사제출서류에 허위사실이 발견된 자 ▪ 해외여행에 결격 사유가 없는 자 - 우대(가점사항), 인사규정 및 부패방지 및 국민권익위원회의 설치와 운영에 관한 법률 &amp;lt;※자세한 사항은 채용 공고문 참조&amp;gt;
 </recrCommCont>
 <empSubmitDocCont>
  ◦ [국문] 입사지원서 및 자기소개서(온라인 작성) ◦ [영어] 자기소개서(자유양식 작성하여 시스템에 별도 첨부) &lt;※ 자기소개서 작성 시 출신학교명 등 기재 금지&gt;
 </empSubmitDocCont>
 <empRcptMthdCont>
  - 인터넷 온라인 접수 ☞ https://arirang.recruiter.co.kr - 채용홈페이지 www.arirang.com 의 「Job Announcement」 ※ 우편 또는 방문접수 불가하며, 인터넷 접수 마감일에는 지원자 폭주로 접수가 어려울 수 있으니 미리 접수 준비해 주시기 바랍니다.
 </empRcptMthdCont>
 <empAcptPsnAnncCont></empAcptPsnAnncCont>
 <inqryCont>
  ▪ 채용 담당자 - 전화 : (02)3475-5045, 5089 / 팩스 : (02)3475-5059 - 주소 : 서울시 서초구 남부순환로 2351(서초동) 아리랑국제방송 - 국제방송 홈페이지 : http://www.arirang.com / 채용페이지 : https://arirang.recruiter.co.kr - 이메일 : recruit@arirang.com
 </inqryCont>
 <empnEtcCont>
  - 재단 채용시험에서 부정행위를 하여 응시자격이 박탈된 자는 지원할 수 없음. - 채용 계획은 아리랑국제방송 내부 사정에 의해 관련 규정에 근거한 절차에 따라 일부 변경될 수 있음. - 응시원서 기재착오 및 누락 등으로 인한 불이익은 당사자 책임으로 하며, 제출 서류의 기재내용이 허위로 판명되거나 채용 결격사유 발생 시 임용된 경우라도 합격을 취소할 수 있음. - 최종 합격자의 입사포기 시, 차순위 예비합격자를 최종 합격 처리할 수 있음. - 적임자가 없을 시 채용하지 않을 수 있음. - 외국 국적자의 경우, 국내 취업비자를 취득하지 못할 경우 최종 합격을 취소 할 수 있음. - 최종 합격자는 채용 시점부터 정상 출근이 가능해야 하며, 기타 사정에 따른 일정 변경 시 협의하여 결정함. - 직원 채용과 관련하여 일체의 인사 청탁을 받지 않으며, 청탁 사실이 밝혀질 경우 임용된 이후라도 합격을 취소하는 등 징계 처분함. - 채용에 관한 정보는 홈페이지를 참조(http://www.arirang.com) - 국가직무능력표준(NCS)에 관한 세부 정보는 관련 홈페이지를 참조(http://www.ncs.go.kr)
 </empnEtcCont>
</dhsOpenEmpInfoDetailRoot>