<?xml version="1.0" encoding="UTF-8"?>
<dhsOpenEmpInfoDetailRoot>
 <empSeqno>
  36316
 </empSeqno>
 <empWantedTitle>
  New Business Development (중화권)
 </empWantedTitle>
 <empBusiNm>
  라인플러스
 </empBusiNm>
 <coClcdNm>
  중견기업
 </coClcdNm>
 <empWantedStdt>
  20190214
 </empWantedStdt>
 <empWantedEndt>
  20190414
 </empWantedEndt>
 <empWantedHomepg>
  http://linepluscorp.com
 </empWantedHomepg>
 <empWantedHomepgDetail>
  https://recruit.linepluscorp.com/lineplus/career/detail/20001582?classId=&amp;entTypeCd=&amp;tag=&amp;page=
 </empWantedHomepgDetail>
 <empWantedMobileUrl></empWantedMobileUrl>
 <regLogImgNm>
  http://www.work.go.kr/framework/filedownload/getImage.do?filePathName=KuBCC2IodBkj%2Frlv8XuRio7tN8%2FfS0w1%2BizSZ9MRlvId5wEzldWhQQFQW5j5C9ob7suWeZYPwv8GKFqD7PXO%2Fg%3D%3D
 </regLogImgNm>
 <empWantedTypeNm>
  정규직
 </empWantedTypeNm>
 <empWatedJobsNm></empWatedJobsNm>
 <empWatedCont></empWatedCont>
 <empSelfintroList>
  <empSelsListInfo>
   <selfintroQstCont></selfintroQstCont>
  </empSelsListInfo>
 </empSelfintroList>
 <empSelsList>
  <empSelsListInfo>
   <selsNm>
    서류전형
   </selsNm>
   <selsSchdCont></selsSchdCont>
   <selsCont></selsCont>
   <selsMemoCont></selsMemoCont>
  </empSelsListInfo>
  <empSelsListInfo>
   <selsNm>
    과제전형
   </selsNm>
   <selsSchdCont></selsSchdCont>
   <selsCont></selsCont>
   <selsMemoCont></selsMemoCont>
  </empSelsListInfo>
  <empSelsListInfo>
   <selsNm>
    면접
   </selsNm>
   <selsSchdCont></selsSchdCont>
   <selsCont></selsCont>
   <selsMemoCont></selsMemoCont>
  </empSelsListInfo>
  <empSelsListInfo>
   <selsNm>
    레퍼런스체크
   </selsNm>
   <selsSchdCont></selsSchdCont>
   <selsCont></selsCont>
   <selsMemoCont></selsMemoCont>
  </empSelsListInfo>
  <empSelsListInfo>
   <selsNm>
    처우협의/최종합격
   </selsNm>
   <selsSchdCont></selsSchdCont>
   <selsCont></selsCont>
   <selsMemoCont></selsMemoCont>
  </empSelsListInfo>
  <empSelsListInfo>
   <selsNm>
    기타
   </selsNm>
   <selsSchdCont></selsSchdCont>
   <selsCont>
    전형일정 및 결과는 지원서에 등록하신 이메일로 개별 안내드립니다.
   </selsCont>
   <selsMemoCont></selsMemoCont>
  </empSelsListInfo>
 </empSelsList>
 <empRecrList>
  <empRecrListInfo>
   <empRecrNm>
    New Business Development (중화권)
   </empRecrNm>
   <jobCont>
    - 중화권 신사업 개발 및 사업전략 수립 (컨텐츠 서비스 및 AI 사업 분야) - 해외 지사 성장 니즈에 근거한 신규 사업 기회 발굴 및 사업 기획 - 중화권 인터넷/모바일 시장 트렌드 및 케이스 스터디를 통한 인사이트 발굴 - 중국 시장 진출 및 해외 지사 성장을 위한 다양한 파트너쉽(M&amp;A, JV, 지분 투자) 기회 발굴 및 타당성 검토 - 마켓 인사이트에 근거한 신규 사업 기획 및 사업 계획서 작성/보고 - 신사업 계획에 근거한 사업 추진 및 지원
   </jobCont>
   <empWantedCareerNm>
    경력
   </empWantedCareerNm>
   <empWantedEduNm></empWantedEduNm>
   <sptCertEtc>
    - 다국적기업 아태지역 사업전략 경력자 우대 - 컨텐츠 및 AI 관련 사업 제휴 경력자 우대 - 비즈니스 level 또는 이상의 중국어 가능자 우대 - 중국/대만 현지 사업 경력자 우대
   </sptCertEtc>
   <recrPsncnt></recrPsncnt>
   <empRecrMemoCont></empRecrMemoCont>
   <workRegionNm>
    경기 성남시 분당구
   </workRegionNm>
  </empRecrListInfo>
 </empRecrList>
 <empJobsList>
  <empJobsListInfo>
   <jobsCd>
    026102
   </jobsCd>
   <jobsCdKorNm>
    마케팅·광고·홍보·상품기획 사무원
   </jobsCdKorNm>
  </empJobsListInfo>
 </empJobsList>
 <empnRecrSummaryCont></empnRecrSummaryCont>
 <recrCommCont>
  ※ 국가 유공자 및 장애인 등 취업보호대상자는 관계법령에 따라 우대합니다 [근무국가] - 한국
 </recrCommCont>
 <empSubmitDocCont>
  - 포트폴리오 제출은 필수입니다. [보훈 취업지원 대상 및 장애인 서류 제출 안내] - 보훈 및 장애인 지원자에 해당되시는 경우, 입사지원시 [포트폴리오/이력서] 첨부 란에 반드시 관련 증명원을 발급하여 첨부 바랍니다. 1.보훈 지원자 : '보훈취업지원대상자 증명서' 발급하여 첨부 2.장애인 지원자 : '장애인증명서 또는 복지카드' 첨부
 </empSubmitDocCont>
 <empRcptMthdCont>
  - 채용홈페이지 온라인 입사지원 - 본 채용은 수시 모집으로 채용완료 시 조기마감 될 수 있습니다.
 </empRcptMthdCont>
 <empAcptPsnAnncCont></empAcptPsnAnncCont>
 <inqryCont>
  기타 채용 관련 문의사항은 채용 공고 페이지 상단 '채용문의' 또는 공지 사항을 참고하여 문의 부탁드립니다.
 </inqryCont>
 <empnEtcCont>
  - 지원서 내용 중 허위사실이 있는 경우 합격이 취소될 수 있습니다.
 </empnEtcCont>
</dhsOpenEmpInfoDetailRoot>